document_id,url,file,titulo,rango,materia,no_norma,no_gaceta,fecha_publicacion,tipo_norma,candidate,total_matches,unique_terms,direct_es_matches,economic_instruments_matches,tier_1_matches,tier_2_matches,matched_terms,matched_categories,matched_subcategories,matched_tiers
879855C982EE0EED0625811E007A990E,http://legislacion.asamblea.nacional.gob.ni/Normaweb.nsf/xpNormaJuridica.xsp?documentId=879855C982EE0EED0625811E007A990E&action=openDocument,data\legislation\html\879855C982EE0EED0625811E007A990E.html,Decreto por el Cual Puede el Gobierno Conceder el Derecho Exclusivo para la Extracción del Hule de los Bosques Nacionales,Decretos Ejecutivos,Medio Ambiente y Recursos Naturales,S/N,28,14/07/1860,Decreto,False,0,0,0,0,0,0,,,,
7A18EC2EBABB053B062577910062FA58,http://legislacion.asamblea.nacional.gob.ni/Normaweb.nsf/xpNormaJuridica.xsp?documentId=7A18EC2EBABB053B062577910062FA58&action=openDocument,data\legislation\html\7A18EC2EBABB053B062577910062FA58.html,"DECRETO, REFORMANDO LA LEY DE 6 DE FEBRERO DE 1886",Decretos Legislativos,Medio Ambiente y Recursos Naturales,,9,27/02/1886,Decreto,False,0,0,0,0,0,0,,,,
9035C0EAD9D759D6062577B4005A6BC3,http://legislacion.asamblea.nacional.gob.ni/Normaweb.nsf/xpNormaJuridica.xsp?documentId=9035C0EAD9D759D6062577B4005A6BC3&action=openDocument,data\legislation\html\9035C0EAD9D759D6062577B4005A6BC3.html,DECRETO POR EL SE MANDA FORMAR UN CÓDIGO DE AGRICULTURA,Decretos Ejecutivos,Medio Ambiente y Recursos Naturales,,33,02/08/1887,Decreto,False,0,0,0,0,0,0,,,,
8424EA44F12841DB062577B9005A1A61,http://legislacion.asamblea.nacional.gob.ni/Normaweb.nsf/xpNormaJuridica.xsp?documentId=8424EA44F12841DB062577B9005A1A61&action=openDocument,data\legislation\html\8424EA44F12841DB062577B9005A1A61.html,"DECRETO DE 17 DE AGOSTO DE 1883, POR EL QUE SE DEROGAN TRES ARTÍCULOS DE LA LEY DE 13 DE MARZO DEL MISMO AÑO",Decretos Legislativos,Medio Ambiente y Recursos Naturales,,11,25/02/1888,Decreto,False,0,0,0,0,0,0,,,,
7BC303FF85B474EE06258AE70070386E,http://legislacion.asamblea.nacional.gob.ni/Normaweb.nsf/xpNormaJuridica.xsp?documentId=7BC303FF85B474EE06258AE70070386E&action=openDocument,data\legislation\html\7BC303FF85B474EE06258AE70070386E.html,Se Prohíbe el Pique de Leñas y Corte de Maderas a la Orilla del Río San Juan y sus Afluentes Laterales,Decretos Ejecutivos,Medio Ambiente y Recursos Naturales,S/N,37,23/05/1894,Decreto,False,0,0,0,0,0,0,,,,
464CFA19CCD98D5306257749005DEA93,http://legislacion.asamblea.nacional.gob.ni/Normaweb.nsf/xpNormaJuridica.xsp?documentId=464CFA19CCD98D5306257749005DEA93&action=openDocument,data\legislation\html\464CFA19CCD98D5306257749005DEA93.html,(LEY QUE REGLAMENTA LA PRIMA DE CACAO CAFÉ ETC.),Decretos Ejecutivos,Medio Ambiente y Recursos Naturales,,302,13/11/1895,Decreto,False,0,0,0,0,0,0,,,,
8555351F3894F0D506257753006D6B23,http://legislacion.asamblea.nacional.gob.ni/Normaweb.nsf/xpNormaJuridica.xsp?documentId=8555351F3894F0D506257753006D6B23&action=openDocument,data\legislation\html\8555351F3894F0D506257753006D6B23.html,Se Permite la Exportación de Hule,Decretos Ejecutivos,Medio Ambiente y Recursos Naturales,S/N,400,04/12/1897,Decreto,False,0,0,0,0,0,0,,,,
46F1FCECF5040F86062575AC007BABF3,http://legislacion.asamblea.nacional.gob.ni/Normaweb.nsf/xpNormaJuridica.xsp?documentId=46F1FCECF5040F86062575AC007BABF3&action=openDocument,data\legislation\html\46F1FCECF5040F86062575AC007BABF3.html,SE DEROGA LA LEY AGRARIA,Decretos Legislativos,Medio Ambiente y Recursos Naturales,,468,16/03/1898,Decreto,False,0,0,0,0,0,0,,,,
8E85BA4B35A9CC440625754500790B64,http://legislacion.asamblea.nacional.gob.ni/Normaweb.nsf/xpNormaJuridica.xsp?documentId=8E85BA4B35A9CC440625754500790B64&action=openDocument,data\legislation\html\8E85BA4B35A9CC440625754500790B64.html,REGLAMENTO PARA LA EXPLOTACIÓN DEL HULE EN LA REPÚBLICA,Decretos Ejecutivos,Medio Ambiente y Recursos Naturales,,1483,23/10/1901,Decreto,False,0,0,0,0,0,0,,,,
2C4D905D16D2797F06258AF90072756A,http://legislacion.asamblea.nacional.gob.ni/Normaweb.nsf/xpNormaJuridica.xsp?documentId=2C4D905D16D2797F06258AF90072756A&action=openDocument,data\legislation\html\2C4D905D16D2797F06258AF90072756A.html,Se Protege el Desarrollo de las Industrias Nacionales,Decretos Ejecutivos,Medio Ambiente y Recursos Naturales,S/N,1483-1484,24/10/1901,Decreto,False,0,0,0,0,0,0,,,,
8A09407AE34FBD7C06258AF9007021B9,http://legislacion.asamblea.nacional.gob.ni/Normaweb.nsf/xpNormaJuridica.xsp?documentId=8A09407AE34FBD7C06258AF9007021B9&action=openDocument,data\legislation\html\8A09407AE34FBD7C06258AF9007021B9.html,Disposición Relativa a la Explotación del Hule,Decretos Ejecutivos,Medio Ambiente y Recursos Naturales,S/N,1513,28/11/1901,Decreto,False,0,0,0,0,0,0,,,,
7BCDD955E9F4D3E5062581E00057B33A,http://legislacion.asamblea.nacional.gob.ni/Normaweb.nsf/xpNormaJuridica.xsp?documentId=7BCDD955E9F4D3E5062581E00057B33A&action=openDocument,data\legislation\html\7BCDD955E9F4D3E5062581E00057B33A.html,LEY AGRARIA,Leyes,Medio Ambiente y Recursos Naturales,,1624-1633,13/04/1902,Ley,False,0,0,0,0,0,0,,,,
DDAF2536119832DA062583CA004E9D88,http://legislacion.asamblea.nacional.gob.ni/Normaweb.nsf/xpNormaJuridica.xsp?documentId=DDAF2536119832DA062583CA004E9D88&action=openDocument,data\legislation\html\DDAF2536119832DA062583CA004E9D88.html,LEY SOBRE CONSERVACIÓN DE BOSQUES,Decretos Ejecutivos,Medio Ambiente y Recursos Naturales,S/N,Otros,21/06/1905,Decreto,False,0,0,0,0,0,0,,,,
BBDF63097C6240EF06257760007B6B16,http://legislacion.asamblea.nacional.gob.ni/Normaweb.nsf/xpNormaJuridica.xsp?documentId=BBDF63097C6240EF06257760007B6B16&action=openDocument,data\legislation\html\BBDF63097C6240EF06257760007B6B16.html,(OBLIGACIÓN DE OBTENER PERMISO PARA LA PEZCA DE TORTUGAS Y CUALQUIER CLASE DE TESTÁCEOS),Decretos Ejecutivos,Medio Ambiente y Recursos Naturales,,3041,16/10/1906,Decreto,False,0,0,0,0,0,0,,,,
80F8311283D4CE590625774C007C89D5,http://legislacion.asamblea.nacional.gob.ni/Normaweb.nsf/xpNormaJuridica.xsp?documentId=80F8311283D4CE590625774C007C89D5&action=openDocument,data\legislation\html\80F8311283D4CE590625774C007C89D5.html,Se Reforma y Adiciona un Decreto,Decretos Ejecutivos,Medio Ambiente y Recursos Naturales,S/N,86,25/07/1908,Decreto,False,0,0,0,0,0,0,,,,
F2CF6B8B539F1A0E062577C4005105ED,http://legislacion.asamblea.nacional.gob.ni/Normaweb.nsf/xpNormaJuridica.xsp?documentId=F2CF6B8B539F1A0E062577C4005105ED&action=openDocument,data\legislation\html\F2CF6B8B539F1A0E062577C4005105ED.html,"Se Deroga una Ley del 18 de Julio de 1908, Relativa a la Exportación de los Árboles de Hules",Decretos Ejecutivos,Medio Ambiente y Recursos Naturales,S/N,134,17/11/1908,Decreto,False,0,0,0,0,0,0,,,,
9649368B442C4CC106257720007B1B1F,http://legislacion.asamblea.nacional.gob.ni/Normaweb.nsf/xpNormaJuridica.xsp?documentId=9649368B442C4CC106257720007B1B1F&action=openDocument,data\legislation\html\9649368B442C4CC106257720007B1B1F.html,(Se Establece la Forma de Explotación de los Bosques Nacionales),Decretos Ejecutivos,Medio Ambiente y Recursos Naturales,S/N,109,15/05/1912,Decreto,False,0,0,0,0,0,0,,,,
4F758CBEEF7F321B0625775900545E95,http://legislacion.asamblea.nacional.gob.ni/Normaweb.nsf/xpNormaJuridica.xsp?documentId=4F758CBEEF7F321B0625775900545E95&action=openDocument,data\legislation\html\4F758CBEEF7F321B0625775900545E95.html,(Reglamento del Decreto donde se Concede la Libre Explotación de los Bosques Nacionales del Departamento de Bluefields y Comarcas y Distrito de la Costa Atlántica),Decretos Ejecutivos,Medio Ambiente y Recursos Naturales,S/N,145,28/06/1913,Decreto,False,0,0,0,0,0,0,,,,
CCAA9F462292BD9106257416007B32BE,http://legislacion.asamblea.nacional.gob.ni/Normaweb.nsf/xpNormaJuridica.xsp?documentId=CCAA9F462292BD9106257416007B32BE&action=openDocument,data\legislation\html\CCAA9F462292BD9106257416007B32BE.html,LEY AGRARIA,Decretos Legislativos,Medio Ambiente y Recursos Naturales,,65,30/03/1917,Decreto,False,0,0,0,0,0,0,,,,
0F936435EA00FBF6062577B4005551F7,http://legislacion.asamblea.nacional.gob.ni/Normaweb.nsf/xpNormaJuridica.xsp?documentId=0F936435EA00FBF6062577B4005551F7&action=openDocument,data\legislation\html\0F936435EA00FBF6062577B4005551F7.html,"Decreto del 21 de Marzo, Promulgado el 22, sobre Impuestos a la Exportación de Maderas",Decretos Ejecutivos,Medio Ambiente y Recursos Naturales,S/N,66,31/03/1917,Decreto,False,0,0,0,0,0,0,,,,
BB982D985FF6A6EA06257402007B78BB,http://legislacion.asamblea.nacional.gob.ni/Normaweb.nsf/xpNormaJuridica.xsp?documentId=BB982D985FF6A6EA06257402007B78BB&action=openDocument,data\legislation\html\BB982D985FF6A6EA06257402007B78BB.html,(DECRETO SOBRE EL DESTACE DE GANADO),Decretos Legislativos,Medio Ambiente y Recursos Naturales,,122,07/06/1917,Decreto,False,0,0,0,0,0,0,,,,
BF59FCE5A725BA9406257BC1005B5A87,http://legislacion.asamblea.nacional.gob.ni/Normaweb.nsf/xpNormaJuridica.xsp?documentId=BF59FCE5A725BA9406257BC1005B5A87&action=openDocument,data\legislation\html\BF59FCE5A725BA9406257BC1005B5A87.html,Decreto del 28 de julio: Se Prohíbe con Restricciones el uso de Lámparas Reflector para la Caza y se Establece un Impuesto sobre las Misma,Decretos Ejecutivos,Medio Ambiente y Recursos Naturales,S/N,170,02/08/1917,Decreto,False,0,0,0,0,0,0,,,,
72B174AB86B2B2080625741A005DDBCB,http://legislacion.asamblea.nacional.gob.ni/Normaweb.nsf/xpNormaJuridica.xsp?documentId=72B174AB86B2B2080625741A005DDBCB&action=openDocument,data\legislation\html\72B174AB86B2B2080625741A005DDBCB.html,Reglamento de la Ley Forestal,Decretos Ejecutivos,Medio Ambiente y Recursos Naturales,S/N,194,30/08/1917,Decreto,False,0,0,0,0,0,0,,,,
4F160ED4B538A23D06258AE7006DF263,http://legislacion.asamblea.nacional.gob.ni/Normaweb.nsf/xpNormaJuridica.xsp?documentId=4F160ED4B538A23D06258AE7006DF263&action=openDocument,data\legislation\html\4F160ED4B538A23D06258AE7006DF263.html,Decreto del 5 de Octubre Sobre la Clasificación de Algunas Maderas no Incluidas en el Decreto Legislativo del 22 de Marzo de 1917,Decretos Ejecutivos,Medio Ambiente y Recursos Naturales,S/N,229,11/10/1917,Decreto,False,0,0,0,0,0,0,,,,
44F88377DCAD9EDF062573D0005C58BD,http://legislacion.asamblea.nacional.gob.ni/Normaweb.nsf/xpNormaJuridica.xsp?documentId=44F88377DCAD9EDF062573D0005C58BD&action=openDocument,data\legislation\html\44F88377DCAD9EDF062573D0005C58BD.html,Decreto del 21 de Enero Sobre Permisos para Cortar Maderas en Terrenos Nacionales o Municipales,Decretos Ejecutivos,Medio Ambiente y Recursos Naturales,S/N,22,26/01/1918,Decreto,False,0,0,0,0,0,0,,,,
3D62B31FADAA49FE0625775A00549510,http://legislacion.asamblea.nacional.gob.ni/Normaweb.nsf/xpNormaJuridica.xsp?documentId=3D62B31FADAA49FE0625775A00549510&action=openDocument,data\legislation\html\3D62B31FADAA49FE0625775A00549510.html,(Decreto de 20 de Febrero Sobre: las Corrientes y Caídas de Aguas Naturales),Decretos Legislativos,Medio Ambiente y Recursos Naturales,44,60,15/03/1919,Decreto,False,0,0,0,0,0,0,,,,
89A50F5643375AB7062573A0005F9F9D,http://legislacion.asamblea.nacional.gob.ni/Normaweb.nsf/xpNormaJuridica.xsp?documentId=89A50F5643375AB7062573A0005F9F9D&action=openDocument,data\legislation\html\89A50F5643375AB7062573A0005F9F9D.html,Decreto de 14 de Marzo sobre Solicitudes Sobre Corte de Madera,Decretos Ejecutivos,Medio Ambiente y Recursos Naturales,S/N,69,26/03/1919,Decreto,False,0,0,0,0,0,0,,,,
6BE15DD039C1D6AD06257395005388BE,http://legislacion.asamblea.nacional.gob.ni/Normaweb.nsf/xpNormaJuridica.xsp?documentId=6BE15DD039C1D6AD06257395005388BE&action=openDocument,data\legislation\html\6BE15DD039C1D6AD06257395005388BE.html,"(DECRETO SOBRE PATENTES PARA SIEMBRA DE TABACO, NORMA ACLARATORIA DEL ARTO. 13 DEL DECRETO DEL 23-7-1915)",Decretos Legislativos,Medio Ambiente y Recursos Naturales,18,35,13/02/1923,Decreto,False,0,0,0,0,0,0,,,,
6230F45118D10674062583BC0052C331,http://legislacion.asamblea.nacional.gob.ni/Normaweb.nsf/xpNormaJuridica.xsp?documentId=6230F45118D10674062583BC0052C331&action=openDocument,data\legislation\html\6230F45118D10674062583BC0052C331.html,"(Reglamentar el Decreto Legislativo del 27/02/1919, Sobre Corrientes y Caídas de Aguas Naturales",Decretos Ejecutivos,Medio Ambiente y Recursos Naturales,S/N,40,19/02/1923,Decreto,False,0,0,0,0,0,0,,,,
49DC748EDA6AAA24062573910074E321,http://legislacion.asamblea.nacional.gob.ni/Normaweb.nsf/xpNormaJuridica.xsp?documentId=49DC748EDA6AAA24062573910074E321&action=openDocument,data\legislation\html\49DC748EDA6AAA24062573910074E321.html,Decreto Por el Cual se Reglamenta la Pesca de Madre-Perla en los Mares Territoriales,Decretos Ejecutivos,Medio Ambiente y Recursos Naturales,S/N,227,09/10/1925,Decreto,False,0,0,0,0,0,0,,,,
BAC8CE26D4E870560625738D007A75CD,http://legislacion.asamblea.nacional.gob.ni/Normaweb.nsf/xpNormaJuridica.xsp?documentId=BAC8CE26D4E870560625738D007A75CD&action=openDocument,data\legislation\html\BAC8CE26D4E870560625738D007A75CD.html,SE PONE EN VIGOR UNA LEY QUE TRATA SOBRE LA EXTIRPACIÓN DE LA PLAGA DEL CHAPULÍN,Decretos Ejecutivos,Medio Ambiente y Recursos Naturales,,133,12/06/1926,Decreto,False,0,0,0,0,0,0,,,,
6D31A9D21425A80C0625734C0064BE0A,http://legislacion.asamblea.nacional.gob.ni/Normaweb.nsf/xpNormaJuridica.xsp?documentId=6D31A9D21425A80C0625734C0064BE0A&action=openDocument,data\legislation\html\6D31A9D21425A80C0625734C0064BE0A.html,Decreto Ejecutivo por el cual se Reglamentan las Disposiciones Referente a Cortes de Maderas en los Bosques Nacionales,Decretos Ejecutivos,Medio Ambiente y Recursos Naturales,S/N,50,02/03/1927,Decreto,False,0,0,0,0,0,0,,,,
CA81E24310A0CE590625734C006B111B,http://legislacion.asamblea.nacional.gob.ni/Normaweb.nsf/xpNormaJuridica.xsp?documentId=CA81E24310A0CE590625734C006B111B&action=openDocument,data\legislation\html\CA81E24310A0CE590625734C006B111B.html,Los Dueños de Cortes de Madera que no Pudieron Hacer sus Trabajos por Motivos de la Guerra Podrán Pedir Prórroga),Decretos Ejecutivos,Medio Ambiente y Recursos Naturales,S/N,100,04/05/1927,Decreto,False,0,0,0,0,0,0,,,,
97922E955CFD03ED0625734C006C20A6,http://legislacion.asamblea.nacional.gob.ni/Normaweb.nsf/xpNormaJuridica.xsp?documentId=97922E955CFD03ED0625734C006C20A6&action=openDocument,data\legislation\html\97922E955CFD03ED0625734C006C20A6.html,Se Extiende el Plazo para que los Interesados en cortar Maderas Nacionales Presenten al Ministerio el Recibo de Pago del Impuesto Forestal,Decretos Ejecutivos,Medio Ambiente y Recursos Naturales,S/N,100,04/05/1927,Decreto,False,0,0,0,0,0,0,,,,
42216A2EF90AE2BC06258AB700558C58,http://legislacion.asamblea.nacional.gob.ni/Normaweb.nsf/xpNormaJuridica.xsp?documentId=42216A2EF90AE2BC06258AB700558C58&action=openDocument,data\legislation\html\42216A2EF90AE2BC06258AB700558C58.html,SE EXTIENDE EL PLAZO PARA QUE LOS INTERESADOS EN CORTAR MADERAS NACIONALES PRESENTEN AL MINISTERIO EL RECIBO DE PAGO DEL IMPUESTO FORESTAL,Decretos Ejecutivos,Medio Ambiente y Recursos Naturales,S/N,100,04/05/1927,Decreto,False,0,0,0,0,0,0,,,,
12C335D8B4F398890625734D00602FF6,http://legislacion.asamblea.nacional.gob.ni/Normaweb.nsf/xpNormaJuridica.xsp?documentId=12C335D8B4F398890625734D00602FF6&action=openDocument,data\legislation\html\12C335D8B4F398890625734D00602FF6.html,(SE DESIGNA LA ZONA DE TICUANTEPE PARA LA SIEMBRA DE TABACO DE CALIDADES ESTABLECIDAS),Decretos Ejecutivos,Medio Ambiente y Recursos Naturales,,219,03/10/1927,Decreto,False,0,0,0,0,0,0,,,,
3AA238E53C5C10D2062574DA0070BB09,http://legislacion.asamblea.nacional.gob.ni/Normaweb.nsf/xpNormaJuridica.xsp?documentId=3AA238E53C5C10D2062574DA0070BB09&action=openDocument,data\legislation\html\3AA238E53C5C10D2062574DA0070BB09.html,(Decreto Reglamentando el Corte de Maderas),Decretos Ejecutivos,Medio Ambiente y Recursos Naturales,99,242,29/10/1929,Decreto,False,0,0,0,0,0,0,,,,
7793AD12C65B68E3062572FF00785EDD,http://legislacion.asamblea.nacional.gob.ni/Normaweb.nsf/xpNormaJuridica.xsp?documentId=7793AD12C65B68E3062572FF00785EDD&action=openDocument,data\legislation\html\7793AD12C65B68E3062572FF00785EDD.html,(SE DECLARA LIBRE LA EXPLOTACIÓN DE MADERAS EN LOS BOSQUES NACIONALES),Decretos Legislativos,Medio Ambiente y Recursos Naturales,,212,04/10/1932,Decreto,False,0,0,0,0,0,0,,,,
035572D7F8A1D7360625734F0062AB57,http://legislacion.asamblea.nacional.gob.ni/Normaweb.nsf/xpNormaJuridica.xsp?documentId=035572D7F8A1D7360625734F0062AB57&action=openDocument,data\legislation\html\035572D7F8A1D7360625734F0062AB57.html,(SE DECRETA EL ESTABLECIMIENTO DE UN LABORATORIO QUÍMICO PARA EL EXAMEN DE SUSTANCIAS MINERALES),Decretos Legislativos,Medio Ambiente y Recursos Naturales,,119,28/05/1934,Decreto,False,0,0,0,0,0,0,,,,
DD6BB6ABC11BC2460625734F0076AFBA,http://legislacion.asamblea.nacional.gob.ni/Normaweb.nsf/xpNormaJuridica.xsp?documentId=DD6BB6ABC11BC2460625734F0076AFBA&action=openDocument,data\legislation\html\DD6BB6ABC11BC2460625734F0076AFBA.html,(DERÓGANSE LOS IMPUESTOS QUE GRAVEN EL TRANSPORTE DE GANADO DE UN DEPARTAMENTO A OTRO),Decretos Legislativos,Medio Ambiente y Recursos Naturales,,162,21/07/1934,Decreto,False,0,0,0,0,0,0,,,,
ECF7D42B7A616E0D062572D4006E5E95,http://legislacion.asamblea.nacional.gob.ni/Normaweb.nsf/xpNormaJuridica.xsp?documentId=ECF7D42B7A616E0D062572D4006E5E95&action=openDocument,data\legislation\html\ECF7D42B7A616E0D062572D4006E5E95.html,(DECRÉTASE LIBRE EXPORTACIÓN DEL BAMBÚ),Decretos Ejecutivos,Medio Ambiente y Recursos Naturales,27,160,28/07/1937,Decreto,False,0,0,0,0,0,0,,,,
BD8C9651063C7B9D062572E400579A84,http://legislacion.asamblea.nacional.gob.ni/Normaweb.nsf/xpNormaJuridica.xsp?documentId=BD8C9651063C7B9D062572E400579A84&action=openDocument,data\legislation\html\BD8C9651063C7B9D062572E400579A84.html,(Se Decreta Nueva Disposiciones en los Cortes de Madera),Decretos Ejecutivos,Medio Ambiente y Recursos Naturales,314-A,250,16/11/1937,Decreto,False,0,0,0,0,0,0,,,,
1E2915B9B776F2A7062572D600749F25,http://legislacion.asamblea.nacional.gob.ni/Normaweb.nsf/xpNormaJuridica.xsp?documentId=1E2915B9B776F2A7062572D600749F25&action=openDocument,data\legislation\html\1E2915B9B776F2A7062572D600749F25.html,(Prohíbase el Corte de Raicilla de Ipecacuana),Decretos Ejecutivos,Medio Ambiente y Recursos Naturales,77,44,25/02/1938,Decreto,False,0,0,0,0,0,0,,,,
3437BD6AF422C691062572DC00595A74,http://legislacion.asamblea.nacional.gob.ni/Normaweb.nsf/xpNormaJuridica.xsp?documentId=3437BD6AF422C691062572DC00595A74&action=openDocument,data\legislation\html\3437BD6AF422C691062572DC00595A74.html,(REDÚCESE UNA PRIMA),Decretos Ejecutivos,Medio Ambiente y Recursos Naturales,117,232,26/10/1938,Decreto,False,0,0,0,0,0,0,,,,
8263D36E7E651A61062572DC005BDB5C,http://legislacion.asamblea.nacional.gob.ni/Normaweb.nsf/xpNormaJuridica.xsp?documentId=8263D36E7E651A61062572DC005BDB5C&action=openDocument,data\legislation\html\8263D36E7E651A61062572DC005BDB5C.html,(REGLAMENTO PARA EL CORTE DE CAFÉ),Decretos Legislativos,Medio Ambiente y Recursos Naturales,123,247,14/11/1938,Decreto,False,0,0,0,0,0,0,,,,
83CB395508FBC764062572DC00607B3C,http://legislacion.asamblea.nacional.gob.ni/Normaweb.nsf/xpNormaJuridica.xsp?documentId=83CB395508FBC764062572DC00607B3C&action=openDocument,data\legislation\html\83CB395508FBC764062572DC00607B3C.html,(RESTABLECESE UN ARTÍCULO DEL DECRETO EJECUTIVO DE 30 DE JUNIO DE 1917),Decretos Ejecutivos,Medio Ambiente y Recursos Naturales,101,269,13/12/1938,Decreto,False,0,0,0,0,0,0,,,,
4D09D6FFDE78A434062572C80055FA74,http://legislacion.asamblea.nacional.gob.ni/Normaweb.nsf/xpNormaJuridica.xsp?documentId=4D09D6FFDE78A434062572C80055FA74&action=openDocument,data\legislation\html\4D09D6FFDE78A434062572C80055FA74.html,Código de Defensa y Protección de los Animales,Decretos Ejecutivos,Medio Ambiente y Recursos Naturales,688,3,07/01/1941,Decreto,False,0,0,0,0,0,0,,,,
5AEB91273584B3E9062572C8006ED792,http://legislacion.asamblea.nacional.gob.ni/Normaweb.nsf/xpNormaJuridica.xsp?documentId=5AEB91273584B3E9062572C8006ED792&action=openDocument,data\legislation\html\5AEB91273584B3E9062572C8006ED792.html,(SUPRIMASE EL INCISO FINAL DEL ARTÍCULO 3 DEL DECRETO N°. 7 DEL 17 DE JUNIO DE 1940),Decretos Legislativos,Medio Ambiente y Recursos Naturales,133,143,07/07/1941,Decreto,False,0,0,0,0,0,0,,,,
070DC98923BFC149062572A00076AA8C,http://legislacion.asamblea.nacional.gob.ni/Normaweb.nsf/xpNormaJuridica.xsp?documentId=070DC98923BFC149062572A00076AA8C&action=openDocument,data\legislation\html\070DC98923BFC149062572A00076AA8C.html,(REFORMA AL DECRETO DE LA CAMPAÑA POR EL CHAPULIN),Decretos Legislativos,Medio Ambiente y Recursos Naturales,190,165,06/08/1942,Decreto,False,0,0,0,0,0,0,,,,
812CDE79E327090E062572A0007895D1,http://legislacion.asamblea.nacional.gob.ni/Normaweb.nsf/xpNormaJuridica.xsp?documentId=812CDE79E327090E062572A0007895D1&action=openDocument,data\legislation\html\812CDE79E327090E062572A0007895D1.html,"Declárase el Hule o Caucho, Material de Primera Necesidad",Decretos Legislativos,Medio Ambiente y Recursos Naturales,227,194,10/09/1942,Decreto,False,0,0,0,0,0,0,,,,
0F842AC1474C77D5062572C100684FFD,http://legislacion.asamblea.nacional.gob.ni/Normaweb.nsf/xpNormaJuridica.xsp?documentId=0F842AC1474C77D5062572C100684FFD&action=openDocument,data\legislation\html\0F842AC1474C77D5062572C100684FFD.html,(Anéxase al Ministerio de Agricultura y Trabajo lo Referente a la Conservación de Bosques),Decretos Ejecutivos,Medio Ambiente y Recursos Naturales,S/N,63,24/03/1943,Decreto,False,0,0,0,0,0,0,,,,
4C7E0EDE115CC16206258E600071DBAB,http://legislacion.asamblea.nacional.gob.ni/Normaweb.nsf/xpNormaJuridica.xsp?documentId=4C7E0EDE115CC16206258E600071DBAB&action=openDocument,data\legislation\html\4C7E0EDE115CC16206258E600071DBAB.html,"(Apruébase la Convención para la Protección de la Flora, de la Fauna, y de las Bellezas Escénicas Naturales)",Decretos Legislativos,Medio Ambiente y Recursos Naturales,122,107,22/05/1946,Decreto,False,0,0,0,0,0,0,,,,
7B188EB31428BC640625728F00584522,http://legislacion.asamblea.nacional.gob.ni/Normaweb.nsf/xpNormaJuridica.xsp?documentId=7B188EB31428BC640625728F00584522&action=openDocument,data\legislation\html\7B188EB31428BC640625728F00584522.html,(Ley Sobre Derechos Forestales que Deberán Pagarse al Estado),Leyes,Medio Ambiente y Recursos Naturales,105,250,15/11/1948,Ley,False,0,0,0,0,0,0,,,,
28B93958B0D59CBD062572CA0052377F,http://legislacion.asamblea.nacional.gob.ni/Normaweb.nsf/xpNormaJuridica.xsp?documentId=28B93958B0D59CBD062572CA0052377F&action=openDocument,data\legislation\html\28B93958B0D59CBD062572CA0052377F.html,(Créase el Departamento Forestal),Decretos Ejecutivos,Medio Ambiente y Recursos Naturales,128,23,31/01/1949,Decreto,False,0,0,0,0,0,0,,,,
F779F8B0464A790D0625727D0054B143,http://legislacion.asamblea.nacional.gob.ni/Normaweb.nsf/xpNormaJuridica.xsp?documentId=F779F8B0464A790D0625727D0054B143&action=openDocument,data\legislation\html\F779F8B0464A790D0625727D0054B143.html,Reformas y Adiciones al Código de Defensa y Protección de los Animales,Decretos Legislativos,Medio Ambiente y Recursos Naturales,152,26,07/02/1950,Decreto,False,0,0,0,0,0,0,,,,
0E0131C4B055B85106257424005C8031,http://legislacion.asamblea.nacional.gob.ni/Normaweb.nsf/xpNormaJuridica.xsp?documentId=0E0131C4B055B85106257424005C8031&action=openDocument,data\legislation\html\0E0131C4B055B85106257424005C8031.html,(Reglamento al Decreto No. 35 Sobre Vacunación de Ganado de Exportación),Decretos Ejecutivos,Medio Ambiente y Recursos Naturales,4,44,28/02/1951,Decreto,False,0,0,0,0,0,0,,,,
E3608165EE890993062572AA006262AE,http://legislacion.asamblea.nacional.gob.ni/Normaweb.nsf/xpNormaJuridica.xsp?documentId=E3608165EE890993062572AA006262AE&action=openDocument,data\legislation\html\E3608165EE890993062572AA006262AE.html,(Decreto Sobre la Siembra del Algodón),Decretos Legislativos,Medio Ambiente y Recursos Naturales,8,177,24/08/1951,Decreto,False,0,0,0,0,0,0,,,,
8314C04225C73250062572AA00737B47,http://legislacion.asamblea.nacional.gob.ni/Normaweb.nsf/xpNormaJuridica.xsp?documentId=8314C04225C73250062572AA00737B47&action=openDocument,data\legislation\html\8314C04225C73250062572AA00737B47.html,(CONSTRÚYASE UNA PLANTA PARA ALMACENAMIENTO Y CONSERVACIÓN DE GRANOS),Decretos Ejecutivos,Medio Ambiente y Recursos Naturales,12,232,31/10/1951,Decreto,False,0,0,0,0,0,0,,,,
2FAC85B964E770F2062572F70055093C,http://legislacion.asamblea.nacional.gob.ni/Normaweb.nsf/xpNormaJuridica.xsp?documentId=2FAC85B964E770F2062572F70055093C&action=openDocument,data\legislation\html\2FAC85B964E770F2062572F70055093C.html,(REFORMAS A LA LEY AGRARIA),Decretos Ejecutivos,Medio Ambiente y Recursos Naturales,18-D,84,16/04/1952,Decreto,False,0,0,0,0,0,0,,,,
82922AB2E952E447062572E4007780BB,http://legislacion.asamblea.nacional.gob.ni/Normaweb.nsf/xpNormaJuridica.xsp?documentId=82922AB2E952E447062572E4007780BB&action=openDocument,data\legislation\html\82922AB2E952E447062572E4007780BB.html,"(APRUÉBASE UN DECRETO RELATIVO A MAQUINARIA, INSECTICIDAS Y ABONOS AGRÍCOLAS)",Decretos Ejecutivos,Medio Ambiente y Recursos Naturales,4,14,17/01/1953,Decreto,False,0,0,0,0,0,0,,,,
83DE76A95FFF813C062572E600577F3E,http://legislacion.asamblea.nacional.gob.ni/Normaweb.nsf/xpNormaJuridica.xsp?documentId=83DE76A95FFF813C062572E600577F3E&action=openDocument,data\legislation\html\83DE76A95FFF813C062572E600577F3E.html,(REFÓRMASE EL INCISO c) DEL ARTO. 1 DEL DECRETO LEGISLATIVO NO. 8 DEL 31 DE JULIO DE 1951),Decretos Ejecutivos,Medio Ambiente y Recursos Naturales,1,37,14/02/1953,Decreto,False,0,0,0,0,0,0,,,,
F02642847EFA61F306258AE7006D02F2,http://legislacion.asamblea.nacional.gob.ni/Normaweb.nsf/xpNormaJuridica.xsp?documentId=F02642847EFA61F306258AE7006D02F2&action=openDocument,data\legislation\html\F02642847EFA61F306258AE7006D02F2.html,Crease una Junta de Agua Potable,Decretos Ejecutivos,Medio Ambiente y Recursos Naturales,12-D,58,11/03/1954,Decreto,False,0,0,0,0,0,0,,,,
94C68FDDD74252A606258AE700620171,http://legislacion.asamblea.nacional.gob.ni/Normaweb.nsf/xpNormaJuridica.xsp?documentId=94C68FDDD74252A606258AE700620171&action=openDocument,data\legislation\html\94C68FDDD74252A606258AE700620171.html,Crease una Junta de Agua Potable,Decretos Ejecutivos,Medio Ambiente y Recursos Naturales,13-D,60,13/03/1954,Decreto,False,0,0,0,0,0,0,,,,
3DCE13541447106C06258AE7006A6D56,http://legislacion.asamblea.nacional.gob.ni/Normaweb.nsf/xpNormaJuridica.xsp?documentId=3DCE13541447106C06258AE7006A6D56&action=openDocument,data\legislation\html\3DCE13541447106C06258AE7006A6D56.html,Crease una Junta de Agua Potable,Decretos Ejecutivos,Medio Ambiente y Recursos Naturales,14-D,62,16/03/1954,Decreto,False,0,0,0,0,0,0,,,,
3BCBDB1A3D61CBDD06258AE7006EBC0B,http://legislacion.asamblea.nacional.gob.ni/Normaweb.nsf/xpNormaJuridica.xsp?documentId=3BCBDB1A3D61CBDD06258AE7006EBC0B&action=openDocument,data\legislation\html\3BCBDB1A3D61CBDD06258AE7006EBC0B.html,Crease una Junta de Agua Potable y Alcantarillado de la Ciudad de Matagalpa,Decretos Ejecutivos,Medio Ambiente y Recursos Naturales,16-D,129,11/06/1954,Decreto,False,0,0,0,0,0,0,,,,
E7268CB4BCEE76A406258AE7006F38C1,http://legislacion.asamblea.nacional.gob.ni/Normaweb.nsf/xpNormaJuridica.xsp?documentId=E7268CB4BCEE76A406258AE7006F38C1&action=openDocument,data\legislation\html\E7268CB4BCEE76A406258AE7006F38C1.html,“Denominase el Departamento de Recursos Hidráulicos Agua Potable y Puertos”,Decretos Ejecutivos,Medio Ambiente y Recursos Naturales,21-D,129,11/06/1954,Decreto,False,0,0,0,0,0,0,,,,
22C1F31F5D51418F0625725A0057A409,http://legislacion.asamblea.nacional.gob.ni/Normaweb.nsf/xpNormaJuridica.xsp?documentId=22C1F31F5D51418F0625725A0057A409&action=openDocument,data\legislation\html\22C1F31F5D51418F0625725A0057A409.html,(Prohíbese la Caza de Animales Silvestres Traídos del Extranjero),Decretos Legislativos,Medio Ambiente y Recursos Naturales,160,290,20/12/1955,Decreto,False,0,0,0,0,0,0,,,,
746056F4C1C17B460625718C004E080F,http://legislacion.asamblea.nacional.gob.ni/Normaweb.nsf/xpNormaJuridica.xsp?documentId=746056F4C1C17B460625718C004E080F&action=openDocument,data\legislation\html\746056F4C1C17B460625718C004E080F.html,Reglamento para Cultivo del Algodón en la República,Decretos Ejecutivos,Medio Ambiente y Recursos Naturales,3,5,05/01/1956,Decreto,False,0,0,0,0,0,0,,,,
25D01014D5CFDF89062571A1005326EC,http://legislacion.asamblea.nacional.gob.ni/Normaweb.nsf/xpNormaJuridica.xsp?documentId=25D01014D5CFDF89062571A1005326EC&action=openDocument,data\legislation\html\25D01014D5CFDF89062571A1005326EC.html,(Reglamento para el Desmonte y Exportación de Algodón),Decretos Ejecutivos,Medio Ambiente y Recursos Naturales,12,20,23/01/1956,Decreto,False,0,0,0,0,0,0,,,,
0F6A3AF9B13B9707062571B60057AB7C,http://legislacion.asamblea.nacional.gob.ni/Normaweb.nsf/xpNormaJuridica.xsp?documentId=0F6A3AF9B13B9707062571B60057AB7C&action=openDocument,data\legislation\html\0F6A3AF9B13B9707062571B60057AB7C.html,CONCEPTUASE AGRO INDUSTRIAS DE TECERA CATEGORÍA,Decretos Ejecutivos,Medio Ambiente y Recursos Naturales,35,130,12/06/1956,Decreto,False,0,0,0,0,0,0,,,,
908D08CE61DE8E660625722D0063CE4A,http://legislacion.asamblea.nacional.gob.ni/Normaweb.nsf/xpNormaJuridica.xsp?documentId=908D08CE61DE8E660625722D0063CE4A&action=openDocument,data\legislation\html\908D08CE61DE8E660625722D0063CE4A.html,Ley de Caza,Leyes,Medio Ambiente y Recursos Naturales,206,250,02/11/1956,Ley,False,0,0,0,0,0,0,,,,
EAB757D9BB1424EF0625722D0057F266,http://legislacion.asamblea.nacional.gob.ni/Normaweb.nsf/xpNormaJuridica.xsp?documentId=EAB757D9BB1424EF0625722D0057F266&action=openDocument,data\legislation\html\EAB757D9BB1424EF0625722D0057F266.html,(MEDIDAS EN DEFENSA DE LOS PRODUCTORES DE ALGODÓN),Decretos Ejecutivos,Medio Ambiente y Recursos Naturales,18- MEIC,265,20/11/1956,Decreto,False,0,0,0,0,0,0,,,,
EB7BD704523EB74F06258AE7006BBE83,http://legislacion.asamblea.nacional.gob.ni/Normaweb.nsf/xpNormaJuridica.xsp?documentId=EB7BD704523EB74F06258AE7006BBE83&action=openDocument,data\legislation\html\EB7BD704523EB74F06258AE7006BBE83.html,Créase la Sección de Caza y Pesca,Decretos Ejecutivos,Medio Ambiente y Recursos Naturales,1,284,13/12/1956,Decreto,False,0,0,0,0,0,0,,,,
F0D4D5F33AC718D00625740300738418,http://legislacion.asamblea.nacional.gob.ni/Normaweb.nsf/xpNormaJuridica.xsp?documentId=F0D4D5F33AC718D00625740300738418&action=openDocument,data\legislation\html\F0D4D5F33AC718D00625740300738418.html,(Prohíbese Indefinidamente la Exportación de Pieles),Decretos Ejecutivos,Medio Ambiente y Recursos Naturales,5,95,02/05/1957,Decreto,False,0,0,0,0,0,0,,,,
F2B4B6CA1FFBF2A0062571AE004FA504,http://legislacion.asamblea.nacional.gob.ni/Normaweb.nsf/xpNormaJuridica.xsp?documentId=F2B4B6CA1FFBF2A0062571AE004FA504&action=openDocument,data\legislation\html\F2B4B6CA1FFBF2A0062571AE004FA504.html,Ley General sobre Explotación de Nuestras Riquezas Naturales,Leyes,Medio Ambiente y Recursos Naturales,316,83,17/04/1958,Ley,False,0,0,0,0,0,0,,,,
89095B8F94FEE2C6062573070070E121,http://legislacion.asamblea.nacional.gob.ni/Normaweb.nsf/xpNormaJuridica.xsp?documentId=89095B8F94FEE2C6062573070070E121&action=openDocument,data\legislation\html\89095B8F94FEE2C6062573070070E121.html,Se Reglamenta la Exportación y se Prohíbe la Destrucción de las Tortugas,Decretos Ejecutivos,Medio Ambiente y Recursos Naturales,14,197,29/08/1958,Decreto,False,0,0,0,0,0,0,,,,
3530F87A15CD24CB06258AE7006C4A2B,http://legislacion.asamblea.nacional.gob.ni/Normaweb.nsf/xpNormaJuridica.xsp?documentId=3530F87A15CD24CB06258AE7006C4A2B&action=openDocument,data\legislation\html\3530F87A15CD24CB06258AE7006C4A2B.html,Se Reglamenta la Caza,Reglamentos,Medio Ambiente y Recursos Naturales,15,200,02/09/1958,Reglamento,False,0,0,0,0,0,0,,,,
EE4AE0BFE97D5DC1062573010054E077,http://legislacion.asamblea.nacional.gob.ni/Normaweb.nsf/xpNormaJuridica.xsp?documentId=EE4AE0BFE97D5DC1062573010054E077&action=openDocument,data\legislation\html\EE4AE0BFE97D5DC1062573010054E077.html,"Protección a los Animales Silvestres Cosiguina, Zona de Asilo",Decretos Ejecutivos,Medio Ambiente y Recursos Naturales,13,200,02/09/1958,Decreto,False,0,0,0,0,0,0,,,,
E9EF8587BE0BC98C0625711B006860AB,http://legislacion.asamblea.nacional.gob.ni/Normaweb.nsf/xpNormaJuridica.xsp?documentId=E9EF8587BE0BC98C0625711B006860AB&action=openDocument,data\legislation\html\E9EF8587BE0BC98C0625711B006860AB.html,Reglamentación a Concesiones Sobre Explotación de las Riquezas Naturales,Decretos Ejecutivos,Medio Ambiente y Recursos Naturales,6 DRN,1,02/01/1959,Decreto,False,0,0,0,0,0,0,,,,
689B15371E719AC5062572EC0058BA56,http://legislacion.asamblea.nacional.gob.ni/Normaweb.nsf/xpNormaJuridica.xsp?documentId=689B15371E719AC5062572EC0058BA56&action=openDocument,data\legislation\html\689B15371E719AC5062572EC0058BA56.html,"Decreto No. 1, de Agricultura",Decretos Ejecutivos,Medio Ambiente y Recursos Naturales,1,101,09/05/1959,Decreto,False,0,0,0,0,0,0,,,,
6C6CD39F840465B50625713F005EF21E,http://legislacion.asamblea.nacional.gob.ni/Normaweb.nsf/xpNormaJuridica.xsp?documentId=6C6CD39F840465B50625713F005EF21E&action=openDocument,data\legislation\html\6C6CD39F840465B50625713F005EF21E.html,SE DEJA LIBRE DE TODO GRAVAMEN IMPORTACIONES DE EQUIPOS PARA IRRIGACIÓN A FAVOR AGRICULTURA.,Decretos Ejecutivos,Medio Ambiente y Recursos Naturales,25,62,14/03/1960,Decreto,False,0,0,0,0,0,0,,,,
5690F20B0EAABA56062572EA00628915,http://legislacion.asamblea.nacional.gob.ni/Normaweb.nsf/xpNormaJuridica.xsp?documentId=5690F20B0EAABA56062572EA00628915&action=openDocument,data\legislation\html\5690F20B0EAABA56062572EA00628915.html,Ley Defensora de los Bosques Penas para los que Corten o Destruyan los Arboles,Decretos Legislativos,Medio Ambiente y Recursos Naturales,478,88,23/04/1960,Decreto,False,0,0,0,0,0,0,,,,
77BBAB2EBE98DE0C062572EA00641C67,http://legislacion.asamblea.nacional.gob.ni/Normaweb.nsf/xpNormaJuridica.xsp?documentId=77BBAB2EBE98DE0C062572EA00641C67&action=openDocument,data\legislation\html\77BBAB2EBE98DE0C062572EA00641C67.html,Habra Instituto Forestal Latinoamericano,Decretos Ejecutivos,Medio Ambiente y Recursos Naturales,6,221,28/09/1960,Decreto,False,0,0,0,0,0,0,,,,
ECC6F0E4D2422D86062572EA00642F1E,http://legislacion.asamblea.nacional.gob.ni/Normaweb.nsf/xpNormaJuridica.xsp?documentId=ECC6F0E4D2422D86062572EA00642F1E&action=openDocument,data\legislation\html\ECC6F0E4D2422D86062572EA00642F1E.html,Prohíbe Caza de Tortugas y Animales Silvestres,Decretos Ejecutivos,Medio Ambiente y Recursos Naturales,1,240,21/10/1960,Decreto,False,0,0,0,0,0,0,,,,
7AF47626DC4A168D062571C30064C2C7,http://legislacion.asamblea.nacional.gob.ni/Normaweb.nsf/xpNormaJuridica.xsp?documentId=7AF47626DC4A168D062571C30064C2C7&action=openDocument,data\legislation\html\7AF47626DC4A168D062571C30064C2C7.html,DECLARASE ESCASEZ DE GANADO VACUNO PARA LA EXPORTACIÓN,Decretos Ejecutivos,Medio Ambiente y Recursos Naturales,18,249,01/11/1960,Decreto,False,0,0,0,0,0,0,,,,
AC621FC89A82481A062572C900614C11,http://legislacion.asamblea.nacional.gob.ni/Normaweb.nsf/xpNormaJuridica.xsp?documentId=AC621FC89A82481A062572C900614C11&action=openDocument,data\legislation\html\AC621FC89A82481A062572C900614C11.html,DECRETO DEL EJECUTIVO SOBRE EXPORTACIÓN DE GANADO,Decretos Ejecutivos,Medio Ambiente y Recursos Naturales,48,26,31/01/1961,Decreto,False,0,0,0,0,0,0,,,,
EE1B563A69CEDF7A062572C90063FA52,http://legislacion.asamblea.nacional.gob.ni/Normaweb.nsf/xpNormaJuridica.xsp?documentId=EE1B563A69CEDF7A062572C90063FA52&action=openDocument,data\legislation\html\EE1B563A69CEDF7A062572C90063FA52.html,Facultar al Poder Ejecutivo para Explotar Riquezas Forestales en el Área Norte del Departamento de Zelaya,Decretos Legislativos,Medio Ambiente y Recursos Naturales,560,50,28/02/1961,Decreto,False,0,0,0,0,0,0,,,,
D6126FA02E0341D8062572C9006346AC,http://legislacion.asamblea.nacional.gob.ni/Normaweb.nsf/xpNormaJuridica.xsp?documentId=D6126FA02E0341D8062572C9006346AC&action=openDocument,data\legislation\html\D6126FA02E0341D8062572C9006346AC.html,YA NO EXISTE ESCASEZ DE GANADO VACUNO MACHO; PARA EXPORTARSE,Decretos Ejecutivos,Medio Ambiente y Recursos Naturales,53,61,13/03/1961,Decreto,False,0,0,0,0,0,0,,,,
7733AA81098DCBE1062572C90073BCAE,http://legislacion.asamblea.nacional.gob.ni/Normaweb.nsf/xpNormaJuridica.xsp?documentId=7733AA81098DCBE1062572C90073BCAE&action=openDocument,data\legislation\html\7733AA81098DCBE1062572C90073BCAE.html,Reforma al “Reglamento de Producción y Certificación de Semillas en Nicaragua”,Decretos Ejecutivos,"Medio Ambiente y Recursos Naturales,Empresa Industria y Comercio",,66,18/03/1961,Decreto,False,0,0,0,0,0,0,,,,
456446D33E35EC1A062574E80076E203,http://legislacion.asamblea.nacional.gob.ni/Normaweb.nsf/xpNormaJuridica.xsp?documentId=456446D33E35EC1A062574E80076E203&action=openDocument,data\legislation\html\456446D33E35EC1A062574E80076E203.html,(Se Agregan Unos Ordinales al Reglamento de Producción y Certificación de Semillas),Decretos Ejecutivos,Medio Ambiente y Recursos Naturales,6,80,13/04/1961,Decreto,False,0,0,0,0,0,0,,,,
49ADAF5988D8CF53062574E8007706F4,http://legislacion.asamblea.nacional.gob.ni/Normaweb.nsf/xpNormaJuridica.xsp?documentId=49ADAF5988D8CF53062574E8007706F4&action=openDocument,data\legislation\html\49ADAF5988D8CF53062574E8007706F4.html,(SE AGREGAN UNOS ORDINALES AL REGLAMENTO DE PRODUCCIÓN Y CERTIFICACIÓN DE SEMILLAS),Decretos Ejecutivos,Medio Ambiente y Recursos Naturales,7,80,13/04/1961,Decreto,False,0,0,0,0,0,0,,,,
0A0711CEFA5CF3ED062572C9005F59ED,http://legislacion.asamblea.nacional.gob.ni/Normaweb.nsf/xpNormaJuridica.xsp?documentId=0A0711CEFA5CF3ED062572C9005F59ED&action=openDocument,data\legislation\html\0A0711CEFA5CF3ED062572C9005F59ED.html,(Se Agregan unos Ordinales al Reglamento de Producción y Certificación de Semillas.),Decretos Ejecutivos,Medio Ambiente y Recursos Naturales,5,80,13/04/1961,Decreto,False,0,0,0,0,0,0,,,,
8DA6A5201CA0B6E00625789500574EAF,http://legislacion.asamblea.nacional.gob.ni/Normaweb.nsf/xpNormaJuridica.xsp?documentId=8DA6A5201CA0B6E00625789500574EAF&action=openDocument,data\legislation\html\8DA6A5201CA0B6E00625789500574EAF.html,"Protección a la Fauna, Principalmente a las Aves",Decretos Ejecutivos,Medio Ambiente y Recursos Naturales,9,88,22/04/1961,Decreto,False,0,0,0,0,0,0,,,,
4E33B9D261FF5986062572C900600DC1,http://legislacion.asamblea.nacional.gob.ni/Normaweb.nsf/xpNormaJuridica.xsp?documentId=4E33B9D261FF5986062572C900600DC1&action=openDocument,data\legislation\html\4E33B9D261FF5986062572C900600DC1.html,Autorizase al Instituto de Fomento Nacional la Exportación de Riquezas Naturales en Determinada Área,Decretos Ejecutivos,Medio Ambiente y Recursos Naturales,1-L,125,06/06/1961,Decreto,False,0,0,0,0,0,0,,,,
7EF888B9CA9165B90625738B005ADCB3,http://legislacion.asamblea.nacional.gob.ni/Normaweb.nsf/xpNormaJuridica.xsp?documentId=7EF888B9CA9165B90625738B005ADCB3&action=openDocument,data\legislation\html\7EF888B9CA9165B90625738B005ADCB3.html,"Se Señala Veda de Plazo Indefinido en Todo el Territorio Nacional, en Virtud de la Cual queda Estrictamente Prohibido la Exportación de Pieles de Tigrillo y Venado",Decretos Ejecutivos,Medio Ambiente y Recursos Naturales,1,203,05/09/1961,Decreto,False,0,0,0,0,0,0,,,,
136C349E8BB7E7B1062572FE0052999D,http://legislacion.asamblea.nacional.gob.ni/Normaweb.nsf/xpNormaJuridica.xsp?documentId=136C349E8BB7E7B1062572FE0052999D&action=openDocument,data\legislation\html\136C349E8BB7E7B1062572FE0052999D.html,"AUTORÍZASE AL INSTITUTO DE FOMENTO NACIONAL PARA EXPLORACIÓN Y EXPLOTACIÓN DE MINERALES EN LOS DEPARTAMENTOS DE NUEVA SEGOVIA, ESTELÍ Y MADRIZ",Decretos Ejecutivos,Medio Ambiente y Recursos Naturales,60,214,21/09/1961,Decreto,False,0,0,0,0,0,0,,,,
BEC623EB8A8CFACA062570A100579466,http://legislacion.asamblea.nacional.gob.ni/Normaweb.nsf/xpNormaJuridica.xsp?documentId=BEC623EB8A8CFACA062570A100579466&action=openDocument,data\legislation\html\BEC623EB8A8CFACA062570A100579466.html,Reformas a los Artos. 62 y 63 de la Ley General sobre la Explotación de las Riquezas,Decretos Ejecutivos,Medio Ambiente y Recursos Naturales,3-L,215,22/09/1961,Decreto,False,0,0,0,0,0,0,,,,
898163ABE07B84B6062572870069B53C,http://legislacion.asamblea.nacional.gob.ni/Normaweb.nsf/xpNormaJuridica.xsp?documentId=898163ABE07B84B6062572870069B53C&action=openDocument,data\legislation\html\898163ABE07B84B6062572870069B53C.html,Autorización para Exportar Pieles de Tigrillo,Decretos Ejecutivos,Medio Ambiente y Recursos Naturales,S/N,181,10/08/1962,Decreto,False,0,0,0,0,0,0,,,,
2AEE3F40302AC945062572AD0071FE73,http://legislacion.asamblea.nacional.gob.ni/Normaweb.nsf/xpNormaJuridica.xsp?documentId=2AEE3F40302AC945062572AD0071FE73&action=openDocument,data\legislation\html\2AEE3F40302AC945062572AD0071FE73.html,Ley de Uso de Aguas para Riego de Beneficio Colectivo,Leyes,Medio Ambiente y Recursos Naturales,746,220,27/09/1962,Ley,False,0,0,0,0,0,0,,,,
5674330B0C80E30B06258AF900784C89,http://legislacion.asamblea.nacional.gob.ni/Normaweb.nsf/xpNormaJuridica.xsp?documentId=5674330B0C80E30B06258AF900784C89&action=openDocument,data\legislation\html\5674330B0C80E30B06258AF900784C89.html,Prohíbida Terminantemente la Pesca en Moyoa y las Playitas,Decretos Ejecutivos,Medio Ambiente y Recursos Naturales,3,27,01/02/1963,Decreto,False,0,0,0,0,0,0,,,,
79BE684EEA52A8280625718D004D1D08,http://legislacion.asamblea.nacional.gob.ni/Normaweb.nsf/xpNormaJuridica.xsp?documentId=79BE684EEA52A8280625718D004D1D08&action=openDocument,data\legislation\html\79BE684EEA52A8280625718D004D1D08.html,REFORMAS AL DECRETO No. 44 DE ENERO 1961 Y SANCIONES POR MALAS MUESTRAS DE ALGODON,Decretos Ejecutivos,Medio Ambiente y Recursos Naturales,2-L,64,16/03/1963,Decreto,False,0,0,0,0,0,0,,,,
A91594E72AC5B33406258AF90071ABE8,http://legislacion.asamblea.nacional.gob.ni/Normaweb.nsf/xpNormaJuridica.xsp?documentId=A91594E72AC5B33406258AF90071ABE8&action=openDocument,data\legislation\html\A91594E72AC5B33406258AF90071ABE8.html,Autorización para Exportar Pieles de Tigrillo,Decretos Ejecutivos,Medio Ambiente y Recursos Naturales,1,190,21/08/1963,Decreto,False,0,0,0,0,0,0,,,,
1F682862955B4AAC062572130059DBE2,http://legislacion.asamblea.nacional.gob.ni/Normaweb.nsf/xpNormaJuridica.xsp?documentId=1F682862955B4AAC062572130059DBE2&action=openDocument,data\legislation\html\1F682862955B4AAC062572130059DBE2.html,Disposiciones Sobre Explotación de Riquezas Naturales en Región Atlántica,Decretos Legislativos,Medio Ambiente y Recursos Naturales,881,259,12/11/1963,Decreto,False,0,0,0,0,0,0,,,,
5C92F864312B2DF90625717800585ACA,http://legislacion.asamblea.nacional.gob.ni/Normaweb.nsf/xpNormaJuridica.xsp?documentId=5C92F864312B2DF90625717800585ACA&action=openDocument,data\legislation\html\5C92F864312B2DF90625717800585ACA.html,PROHIBICIÓN PARA EXPORTACION DE GANADO EN TIEMPO DE ESCASEZ,Decretos Ejecutivos,Medio Ambiente y Recursos Naturales,6,187,17/08/1964,Decreto,False,0,0,0,0,0,0,,,,
323FED5B2C62EBD90625718500548E2C,http://legislacion.asamblea.nacional.gob.ni/Normaweb.nsf/xpNormaJuridica.xsp?documentId=323FED5B2C62EBD90625718500548E2C&action=openDocument,data\legislation\html\323FED5B2C62EBD90625718500548E2C.html,Reformas a la Ley Especial sobre Pesca,Leyes,Medio Ambiente y Recursos Naturales,973,197,28/08/1964,Ley,False,0,0,0,0,0,0,,,,
B6EAEA2C1E58994E06257178005791AC,http://legislacion.asamblea.nacional.gob.ni/Normaweb.nsf/xpNormaJuridica.xsp?documentId=B6EAEA2C1E58994E06257178005791AC&action=openDocument,data\legislation\html\B6EAEA2C1E58994E06257178005791AC.html,PARTICIPACION DEL ESTADO EN PRODUCTOS DE PESCA EXPORTADOS,Decretos Ejecutivos,Medio Ambiente y Recursos Naturales,973,215,21/09/1964,Decreto,False,0,0,0,0,0,0,,,,
10F948FA5989DCBD062573640057FFCD,http://legislacion.asamblea.nacional.gob.ni/Normaweb.nsf/xpNormaJuridica.xsp?documentId=10F948FA5989DCBD062573640057FFCD&action=openDocument,data\legislation\html\10F948FA5989DCBD062573640057FFCD.html,Prohibición a Pescadores de Langosta,Decretos Ejecutivos,Medio Ambiente y Recursos Naturales,19,229,07/10/1964,Decreto,False,0,0,0,0,0,0,,,,
095606B735D06D310625726100527B79,http://legislacion.asamblea.nacional.gob.ni/Normaweb.nsf/xpNormaJuridica.xsp?documentId=095606B735D06D310625726100527B79&action=openDocument,data\legislation\html\095606B735D06D310625726100527B79.html,SUSPÉNDESE TEMPORALMENTE EFECTOS DE DECRETO RELATIVO A SEMILLA DE ALGODÓN PARA SIEMBRA,Decretos Ejecutivos,Medio Ambiente y Recursos Naturales,4,164,23/07/1965,Decreto,False,0,0,0,0,0,0,,,,
17BB15495566584D06257287005A323D,http://legislacion.asamblea.nacional.gob.ni/Normaweb.nsf/xpNormaJuridica.xsp?documentId=17BB15495566584D06257287005A323D&action=openDocument,data\legislation\html\17BB15495566584D06257287005A323D.html,Adición a Ley General de Riquezas Naturales,Decretos Legislativos,Medio Ambiente y Recursos Naturales,1127,242,26/10/1965,Decreto,False,0,0,0,0,0,0,,,,
BF84CC199F2DDADE062574F2006F377C,http://legislacion.asamblea.nacional.gob.ni/Normaweb.nsf/xpNormaJuridica.xsp?documentId=BF84CC199F2DDADE062574F2006F377C&action=openDocument,data\legislation\html\BF84CC199F2DDADE062574F2006F377C.html,Prohíbese Exportación de Madera sin Proceso de Elaboración Industrial,Decretos Legislativos,Medio Ambiente y Recursos Naturales,1146,287,17/12/1965,Decreto,False,0,0,0,0,0,0,,,,
0AAF67C1D06DC7D30625721200662320,http://legislacion.asamblea.nacional.gob.ni/Normaweb.nsf/xpNormaJuridica.xsp?documentId=0AAF67C1D06DC7D30625721200662320&action=openDocument,data\legislation\html\0AAF67C1D06DC7D30625721200662320.html,Reforma a Decreto Sobre Siembra de Algodón,Decretos Ejecutivos,Medio Ambiente y Recursos Naturales,2,55,07/03/1966,Decreto,False,0,0,0,0,0,0,,,,
6F2AA8B6EBEAEF810625721200674A66,http://legislacion.asamblea.nacional.gob.ni/Normaweb.nsf/xpNormaJuridica.xsp?documentId=6F2AA8B6EBEAEF810625721200674A66&action=openDocument,data\legislation\html\6F2AA8B6EBEAEF810625721200674A66.html,PROHÍBESE COMPRA DE PRODUCTOS BIOLÓGICOS Y TODO PRODUCTO TRANSMISOR DE LA FIEBRE AFTOSA,Decretos Ejecutivos,Medio Ambiente y Recursos Naturales,6,224,01/10/1966,Decreto,False,0,0,0,0,0,0,,,,
D7489438058E2FC106258AFB005FA7BA,http://legislacion.asamblea.nacional.gob.ni/Normaweb.nsf/xpNormaJuridica.xsp?documentId=D7489438058E2FC106258AFB005FA7BA&action=openDocument,data\legislation\html\D7489438058E2FC106258AFB005FA7BA.html,Autorizase Comercio y Exportación de Pieles de Tigrillo,Decretos Ejecutivos,Medio Ambiente y Recursos Naturales,S/N,281,08/12/1966,Decreto,False,0,0,0,0,0,0,,,,
E5D91974F46CCAEE0625713F00641909,http://legislacion.asamblea.nacional.gob.ni/Normaweb.nsf/xpNormaJuridica.xsp?documentId=E5D91974F46CCAEE0625713F00641909&action=openDocument,data\legislation\html\E5D91974F46CCAEE0625713F00641909.html,LEY DE CATASTRO E INVENTARIO DE RECURSOS NATURALES,Decretos - Ley,Medio Ambiente y Recursos Naturales,139,92,28/04/1967,Decreto-Ley,False,0,0,0,0,0,0,,,,
B7C49DC012890AA20625713F0063F503,http://legislacion.asamblea.nacional.gob.ni/Normaweb.nsf/xpNormaJuridica.xsp?documentId=B7C49DC012890AA20625713F0063F503&action=openDocument,data\legislation\html\B7C49DC012890AA20625713F0063F503.html,Adición a Arto. Dos de Decreto Legislativo N°. 1146,Decretos Ejecutivos,Medio Ambiente y Recursos Naturales,137,122,03/06/1967,Decreto,False,0,0,0,0,0,0,,,,
7F8B1C435B95DC5906258AF9004FA9FE,http://legislacion.asamblea.nacional.gob.ni/Normaweb.nsf/xpNormaJuridica.xsp?documentId=7F8B1C435B95DC5906258AF9004FA9FE&action=openDocument,data\legislation\html\7F8B1C435B95DC5906258AF9004FA9FE.html,ADICIÓN A ARTO. DOS DE DECRETO LEGISLATIVO N°. 1146,Decretos Ejecutivos,Medio Ambiente y Recursos Naturales,137,122,03/06/1967,Decreto,False,0,0,0,0,0,0,,,,
E5D750F3EA2078300625713F005C21B8,http://legislacion.asamblea.nacional.gob.ni/Normaweb.nsf/xpNormaJuridica.xsp?documentId=E5D750F3EA2078300625713F005C21B8&action=openDocument,data\legislation\html\E5D750F3EA2078300625713F005C21B8.html,Reforma a Ley sobre Funcionamiento de Altoparlantes,Decretos Legislativos,Medio Ambiente y Recursos Naturales,1341,156,13/07/1967,Decreto,False,0,0,0,0,0,0,,,,
9E64891A0C60D8A90625713F005C6E07,http://legislacion.asamblea.nacional.gob.ni/Normaweb.nsf/xpNormaJuridica.xsp?documentId=9E64891A0C60D8A90625713F005C6E07&action=openDocument,data\legislation\html\9E64891A0C60D8A90625713F005C6E07.html,Anexáse a Salubridad Pública el Departamento Nacional de Acueductos y Alcantarillados,Decretos Legislativos,Medio Ambiente y Recursos Naturales,1349,168,27/07/1967,Decreto,False,0,0,0,0,0,0,,,,
EF2855607506B42A0625713F0050F35F,http://legislacion.asamblea.nacional.gob.ni/Normaweb.nsf/xpNormaJuridica.xsp?documentId=EF2855607506B42A0625713F0050F35F&action=openDocument,data\legislation\html\EF2855607506B42A0625713F0050F35F.html,PRÓRROGA A DECRETO DE LEY GENERAL SOBRE EXPLOTACIÓN DE LAS RIQUEZAS NATURALES EN ZONA No. 1,Decretos Ejecutivos,Medio Ambiente y Recursos Naturales,55-DRN,187,18/08/1967,Decreto,False,0,0,0,0,0,0,,,,
B4AF4B0E6248C37E0625713F005CF88E,http://legislacion.asamblea.nacional.gob.ni/Normaweb.nsf/xpNormaJuridica.xsp?documentId=B4AF4B0E6248C37E0625713F005CF88E&action=openDocument,data\legislation\html\B4AF4B0E6248C37E0625713F005CF88E.html,LEY REGULADORA DE LA DISTRIBUCIÓN DE MAQUINARIA AGRÍCOLA,Decretos Legislativos,Medio Ambiente y Recursos Naturales,1365,234,16/10/1967,Decreto,False,0,0,0,0,0,0,,,,
D457797B638645290625713F005D8A18,http://legislacion.asamblea.nacional.gob.ni/Normaweb.nsf/xpNormaJuridica.xsp?documentId=D457797B638645290625713F005D8A18&action=openDocument,data\legislation\html\D457797B638645290625713F005D8A18.html,"Ley de Conservación, Protección y Desarrollo de las Riquezas Forestales del País",Decretos Legislativos,Medio Ambiente y Recursos Naturales,1381,239,21/10/1967,Decreto,False,0,0,0,0,0,0,,,,
0C9BAF774660A5EB062571FC005E4ED4,http://legislacion.asamblea.nacional.gob.ni/Normaweb.nsf/xpNormaJuridica.xsp?documentId=0C9BAF774660A5EB062571FC005E4ED4&action=openDocument,data\legislation\html\0C9BAF774660A5EB062571FC005E4ED4.html,"REFÓRMASE ARTO. 2o. DEL DECRETO NO. 11 PUBLICADO EN ""LA GACETA"", NO. 254 DE 8 DE NOVIEMBRE DE 1967",Decretos Ejecutivos,Medio Ambiente y Recursos Naturales,4,130,11/06/1968,Decreto,False,0,0,0,0,0,0,,,,
FE9B9FC83FA43870062571FC0064A489,http://legislacion.asamblea.nacional.gob.ni/Normaweb.nsf/xpNormaJuridica.xsp?documentId=FE9B9FC83FA43870062571FC0064A489&action=openDocument,data\legislation\html\FE9B9FC83FA43870062571FC0064A489.html,AUMÉNTASE NÚMERO DE MIEMBROS A COMISIÓN ASESORA DE PESCA,Decretos Legislativos,Medio Ambiente y Recursos Naturales,1457,171,30/07/1968,Decreto,False,0,0,0,0,0,0,,,,
763E3D6A2C73CADD062571FD005A6269,http://legislacion.asamblea.nacional.gob.ni/Normaweb.nsf/xpNormaJuridica.xsp?documentId=763E3D6A2C73CADD062571FD005A6269&action=openDocument,data\legislation\html\763E3D6A2C73CADD062571FD005A6269.html,Apruébase Reglamento de Registro Genealógico de Ganado para Centroamérica.,Decretos Ejecutivos,Medio Ambiente y Recursos Naturales,5,220,26/09/1968,Decreto,False,0,0,0,0,0,0,,,,
7EC0DCF15EA82B5F06258AE70069789F,http://legislacion.asamblea.nacional.gob.ni/Normaweb.nsf/xpNormaJuridica.xsp?documentId=7EC0DCF15EA82B5F06258AE70069789F&action=openDocument,data\legislation\html\7EC0DCF15EA82B5F06258AE70069789F.html,Decláranse de Interés Nacional las Modalidades que se Incluyan en el Plan Nacional de Acueductos y Alcantarillados,Decretos Ejecutivos,Medio Ambiente y Recursos Naturales,20,41,18/02/1969,Decreto,False,0,0,0,0,0,0,,,,
41F22CCD48AD4FD7062570A10057CFCF,http://legislacion.asamblea.nacional.gob.ni/Normaweb.nsf/xpNormaJuridica.xsp?documentId=41F22CCD48AD4FD7062570A10057CFCF&action=openDocument,data\legislation\html\41F22CCD48AD4FD7062570A10057CFCF.html,Ley Sobre Permisos de Perforación y Establecimiento de un Registro Nacional de Pozos,Decretos Ejecutivos,Medio Ambiente y Recursos Naturales,11-L,82,16/04/1969,Decreto,False,0,0,0,0,0,0,,,,
74D9EE383E96844E062570A10057DB07,http://legislacion.asamblea.nacional.gob.ni/Normaweb.nsf/xpNormaJuridica.xsp?documentId=74D9EE383E96844E062570A10057DB07&action=openDocument,data\legislation\html\74D9EE383E96844E062570A10057DB07.html,Declárase Reserva Forestal Temporal Terrenos del Estado en Departamento de Zelaya,Decretos Ejecutivos,Medio Ambiente y Recursos Naturales,115-DRN,137,20/06/1969,Decreto,False,0,0,0,0,0,0,,,,
B0E3309241F16DE4062570A1005797B2,http://legislacion.asamblea.nacional.gob.ni/Normaweb.nsf/xpNormaJuridica.xsp?documentId=B0E3309241F16DE4062570A1005797B2&action=openDocument,data\legislation\html\B0E3309241F16DE4062570A1005797B2.html,Reglamento General del Departamento Nacional de Acueductos y Alcantarillados,Decretos Ejecutivos,Medio Ambiente y Recursos Naturales,21,149,04/07/1969,Decreto,False,0,0,0,0,0,0,,,,
109C112DB4D88489062570A10057DB28,http://legislacion.asamblea.nacional.gob.ni/Normaweb.nsf/xpNormaJuridica.xsp?documentId=109C112DB4D88489062570A10057DB28&action=openDocument,data\legislation\html\109C112DB4D88489062570A10057DB28.html,El Ministerio de Salud Pública Asume las Obras del Alcantarillado Sanitario de la Ciudad de Managua a Través del Departamento Nacional de Acueductos y Alcantarillados DENACAL,Decretos Ejecutivos,Medio Ambiente y Recursos Naturales,23,209,12/09/1969,Decreto,False,0,0,0,0,0,0,,,,
661B3F1E78E0F323062570A100582B23,http://legislacion.asamblea.nacional.gob.ni/Normaweb.nsf/xpNormaJuridica.xsp?documentId=661B3F1E78E0F323062570A100582B23&action=openDocument,data\legislation\html\661B3F1E78E0F323062570A100582B23.html,AUTORIZACIÓN AL DISTRITO NACIONAL PARA APORTAR A DENACAL 5 MILLONES DE CÓRDOBAS PARA EJECUCIÓN OBRAS ALCANTARILLADO SANEAMIENTO LAGO DE MANAGUA,Decretos Ejecutivos,Medio Ambiente y Recursos Naturales,252,68,31/03/1970,Decreto,False,0,0,0,0,0,0,,,,
2CA1A52755826060062570A10057841D,http://legislacion.asamblea.nacional.gob.ni/Normaweb.nsf/xpNormaJuridica.xsp?documentId=2CA1A52755826060062570A10057841D&action=openDocument,data\legislation\html\2CA1A52755826060062570A10057841D.html,Declárase Parque Nacional Saslaya Los Macizos Montañosos de los Cerros de Saslaya y el Toro,Decretos Legislativos,Medio Ambiente y Recursos Naturales,1789,78,02/04/1971,Decreto,False,0,0,0,0,0,0,,,,
00FFB31A88766A28062570A100582607,http://legislacion.asamblea.nacional.gob.ni/Normaweb.nsf/xpNormaJuridica.xsp?documentId=00FFB31A88766A28062570A100582607&action=openDocument,data\legislation\html\00FFB31A88766A28062570A100582607.html,Declárese Zona de Reserva Forestal Permanente Terrenos del Estado Ubicados en el Departamento de Zelaya,Decretos Ejecutivos,Medio Ambiente y Recursos Naturales,156,89,24/04/1971,Decreto,False,0,0,0,0,0,0,,,,
BE41FDCC2CED067D06258AF900787EBE,http://legislacion.asamblea.nacional.gob.ni/Normaweb.nsf/xpNormaJuridica.xsp?documentId=BE41FDCC2CED067D06258AF900787EBE&action=openDocument,data\legislation\html\BE41FDCC2CED067D06258AF900787EBE.html,Declárese Zona de Reserva Forestal Temporal a Terrenos Propiedad del Estado en Departamentos de Zelaya,Decretos Ejecutivos,Medio Ambiente y Recursos Naturales,160,123,04/06/1971,Decreto,False,0,0,0,0,0,0,,,,
FCF2A8E494960CE3062570A100579DF2,http://legislacion.asamblea.nacional.gob.ni/Normaweb.nsf/xpNormaJuridica.xsp?documentId=FCF2A8E494960CE3062570A100579DF2&action=openDocument,data\legislation\html\FCF2A8E494960CE3062570A100579DF2.html,Reformas al Reglamento General del Departamento Nacional de Acueductos y Alcantarillados,Decretos Ejecutivos,Medio Ambiente y Recursos Naturales,31,180,11/08/1971,Decreto,False,0,0,0,0,0,0,,,,
A278226A88C66604062571FB005694D5,http://legislacion.asamblea.nacional.gob.ni/Normaweb.nsf/xpNormaJuridica.xsp?documentId=A278226A88C66604062571FB005694D5&action=openDocument,data\legislation\html\A278226A88C66604062571FB005694D5.html,DENACAL Asume Control de Empresa Aguadora de Granada,Decretos Ejecutivos,Medio Ambiente y Recursos Naturales,32,4,06/01/1972,Decreto,False,0,0,0,0,0,0,,,,
1EC0E6EF40A45EFA062571F6005ECC72,http://legislacion.asamblea.nacional.gob.ni/Normaweb.nsf/xpNormaJuridica.xsp?documentId=1EC0E6EF40A45EFA062571F6005ECC72&action=openDocument,data\legislation\html\1EC0E6EF40A45EFA062571F6005ECC72.html,Decreto Ejecutivo Relativo a la Veda de Tortugas en el Océano Atlántico,Decretos Ejecutivos,Medio Ambiente y Recursos Naturales,204-DRN,158,15/07/1972,Decreto,False,0,0,0,0,0,0,,,,
48082BAF71FD536D062571F6005FA43A,http://legislacion.asamblea.nacional.gob.ni/Normaweb.nsf/xpNormaJuridica.xsp?documentId=48082BAF71FD536D062571F6005FA43A&action=openDocument,data\legislation\html\48082BAF71FD536D062571F6005FA43A.html,Reglamento General del Departamento Nacional de Acueductos y Alcantarillados,Decretos Ejecutivos,Medio Ambiente y Recursos Naturales,35,166,25/07/1972,Decreto,False,0,0,0,0,0,0,,,,
B86D415CA9B0FEC50625725A005703AC,http://legislacion.asamblea.nacional.gob.ni/Normaweb.nsf/xpNormaJuridica.xsp?documentId=B86D415CA9B0FEC50625725A005703AC&action=openDocument,data\legislation\html\B86D415CA9B0FEC50625725A005703AC.html,Reglamento de Defensa Contra los Incendios Forestales,Decretos Ejecutivos,Medio Ambiente y Recursos Naturales,207-DRN,169,28/07/1972,Decreto,False,0,0,0,0,0,0,,,,
19680EFF8388C4C9062570A100579A85,http://legislacion.asamblea.nacional.gob.ni/Normaweb.nsf/xpNormaJuridica.xsp?documentId=19680EFF8388C4C9062570A100579A85&action=openDocument,data\legislation\html\19680EFF8388C4C9062570A100579A85.html,Derechos Sobre Explotación de Maderas de Bosques Nacionales,Decretos - Ley,Medio Ambiente y Recursos Naturales,661,270,26/11/1974,Decreto-Ley,False,0,0,0,0,0,0,,,,
20AEF87557F89247062570A10057DE6A,http://legislacion.asamblea.nacional.gob.ni/Normaweb.nsf/xpNormaJuridica.xsp?documentId=20AEF87557F89247062570A10057DE6A&action=openDocument,data\legislation\html\20AEF87557F89247062570A10057DE6A.html,Refórmase Decreto N°. 23 de 10 Septiembre 1969 Relativo al Comité de Mejoramiento del Medio Ambiente Nacional,Decretos Ejecutivos,Medio Ambiente y Recursos Naturales,36,283,11/12/1974,Decreto,False,0,0,0,0,0,0,,,,
0F6AB48EBE30BA02062570A10057DB44,http://legislacion.asamblea.nacional.gob.ni/Normaweb.nsf/xpNormaJuridica.xsp?documentId=0F6AB48EBE30BA02062570A10057DB44&action=openDocument,data\legislation\html\0F6AB48EBE30BA02062570A10057DB44.html,Reformas al Reglamento General del Departamento Nacional de Acueductos y Alcantarillado,Decretos Ejecutivos,Medio Ambiente y Recursos Naturales,38,31,06/02/1976,Decreto,False,0,0,0,0,0,0,,,,
BA3FF3FD4D6BB0C1062570A100578282,http://legislacion.asamblea.nacional.gob.ni/Normaweb.nsf/xpNormaJuridica.xsp?documentId=BA3FF3FD4D6BB0C1062570A100578282&action=openDocument,data\legislation\html\BA3FF3FD4D6BB0C1062570A100578282.html,Ley de Emergencia sobre Aprovechamiento Racional de los Bosques,Leyes,Medio Ambiente y Recursos Naturales,235,59,10/03/1976,Ley,False,0,0,0,0,0,0,,,,
22A15ED61965C2AE062570A10057DB75,http://legislacion.asamblea.nacional.gob.ni/Normaweb.nsf/xpNormaJuridica.xsp?documentId=22A15ED61965C2AE062570A10057DB75&action=openDocument,data\legislation\html\22A15ED61965C2AE062570A10057DB75.html,Declárase Zona de Reserva Forestal Temporal por 5 años Terrenos del Estado Departamento de Zelaya,Decretos Ejecutivos,Medio Ambiente y Recursos Naturales,139-DRN,191,23/08/1976,Decreto,False,0,0,0,0,0,0,,,,
DB1751A06A092B93062570A100579DA8,http://legislacion.asamblea.nacional.gob.ni/Normaweb.nsf/xpNormaJuridica.xsp?documentId=DB1751A06A092B93062570A100579DA8&action=openDocument,data\legislation\html\DB1751A06A092B93062570A100579DA8.html,Reglamento General del Departamento Nacional de Acueductos y Alcantarillados,Reglamentos,Medio Ambiente y Recursos Naturales,S/N,258,12/11/1976,Reglamento,False,0,0,0,0,0,0,,,,
39CECF48F3F248F8062570A10057DBA8,http://legislacion.asamblea.nacional.gob.ni/Normaweb.nsf/xpNormaJuridica.xsp?documentId=39CECF48F3F248F8062570A10057DBA8&action=openDocument,data\legislation\html\39CECF48F3F248F8062570A10057DBA8.html,Declárase Zona de Reserva Forestal Permanente Terrenos del Estado en Zelaya,Decretos Ejecutivos,Medio Ambiente y Recursos Naturales,147-DRN,266,22/11/1976,Decreto,False,0,0,0,0,0,0,,,,
F4B63DE1E9475BF3062570A10057DF40,http://legislacion.asamblea.nacional.gob.ni/Normaweb.nsf/xpNormaJuridica.xsp?documentId=F4B63DE1E9475BF3062570A10057DF40&action=openDocument,data\legislation\html\F4B63DE1E9475BF3062570A10057DF40.html,Reglamento a Fondo Forestal Nacional,Decretos Ejecutivos,Medio Ambiente y Recursos Naturales,1,55,07/03/1977,Decreto,False,0,0,0,0,0,0,,,,
2741C7B0A7E60257062570A100578253,http://legislacion.asamblea.nacional.gob.ni/Normaweb.nsf/xpNormaJuridica.xsp?documentId=2741C7B0A7E60257062570A100578253&action=openDocument,data\legislation\html\2741C7B0A7E60257062570A100578253.html,Prohíbese Aprehensión y Caza de Toda Clase de Animales Silvestres y Exportación de Huevos de Tortugas.,Decretos Legislativos,Medio Ambiente y Recursos Naturales,625,106,16/05/1977,Decreto,False,0,0,0,0,0,0,,,,
2262AB8A35316D28062570A10057DFBD,http://legislacion.asamblea.nacional.gob.ni/Normaweb.nsf/xpNormaJuridica.xsp?documentId=2262AB8A35316D28062570A10057DFBD&action=openDocument,data\legislation\html\2262AB8A35316D28062570A10057DFBD.html,Ratifícase Convención sobre Comercio Internacional de Especies,Decretos Ejecutivos,Medio Ambiente y Recursos Naturales,7,164,23/07/1977,Decreto,False,0,0,0,0,0,0,,,,
9A909AD7A5171838062570AB007C8DBE,http://legislacion.asamblea.nacional.gob.ni/Normaweb.nsf/xpNormaJuridica.xsp?documentId=9A909AD7A5171838062570AB007C8DBE&action=openDocument,data\legislation\html\9A909AD7A5171838062570AB007C8DBE.html,Ley Creadora del Parque Nacional Volcan Masaya,Leyes,Medio Ambiente y Recursos Naturales,79,114,24/05/1979,Ley,False,0,0,0,0,0,0,,,,
AF739BD87CA5CEAD062570B6005E76A0,http://legislacion.asamblea.nacional.gob.ni/Normaweb.nsf/xpNormaJuridica.xsp?documentId=AF739BD87CA5CEAD062570B6005E76A0&action=openDocument,data\legislation\html\AF739BD87CA5CEAD062570B6005E76A0.html,Creación del Instituto Nicaragüense de Acueductos y Alcantarillados (INAA),Decretos - Ley,Medio Ambiente y Recursos Naturales,20,3,24/08/1979,Decreto-Ley,False,0,0,0,0,0,0,,,,
9494764C241C2DE4062570B600623DFC,http://legislacion.asamblea.nacional.gob.ni/Normaweb.nsf/xpNormaJuridica.xsp?documentId=9494764C241C2DE4062570B600623DFC&action=openDocument,data\legislation\html\9494764C241C2DE4062570B600623DFC.html,Creación del Instituto Nicaragüense de Recursos Naturales,Decretos Ejecutivos,Medio Ambiente y Recursos Naturales,56,12,18/09/1979,Decreto,False,0,0,0,0,0,0,,,,
C9A083C1D0B2F406062570A600757C50,http://legislacion.asamblea.nacional.gob.ni/Normaweb.nsf/xpNormaJuridica.xsp?documentId=C9A083C1D0B2F406062570A600757C50&action=openDocument,data\legislation\html\C9A083C1D0B2F406062570A600757C50.html,INTEGRACIÓN DE LAS DEPENDENCIAS (DIPSA) Y (DIT) AL INSTITUTO NICARAGÜENSE DE REFORMA AGRARIA (INRA),Decretos - Ley,Medio Ambiente y Recursos Naturales,64,14,20/09/1979,Decreto-Ley,False,0,0,0,0,0,0,,,,
A8C512356EB9A4A7062570A60072C215,http://legislacion.asamblea.nacional.gob.ni/Normaweb.nsf/xpNormaJuridica.xsp?documentId=A8C512356EB9A4A7062570A60072C215&action=openDocument,data\legislation\html\A8C512356EB9A4A7062570A60072C215.html,Ley Orgánica del Instituto Nicaragüense de Recursos Naturales y del Ambiente IRENA,Leyes,Medio Ambiente y Recursos Naturales,112,40,25/10/1979,Ley,False,0,0,0,0,0,0,,,,
5740829754FD9AD1062570A6005D6157,http://legislacion.asamblea.nacional.gob.ni/Normaweb.nsf/xpNormaJuridica.xsp?documentId=5740829754FD9AD1062570A6005D6157&action=openDocument,data\legislation\html\5740829754FD9AD1062570A6005D6157.html,Ley Orgánica del Instituto Nicaragüense de Acueductos y Alcantarillados,Leyes,Medio Ambiente y Recursos Naturales,123,44,30/10/1979,Ley,False,0,0,0,0,0,0,,,,
A808550B7FF101BE062570B600782028,http://legislacion.asamblea.nacional.gob.ni/Normaweb.nsf/xpNormaJuridica.xsp?documentId=A808550B7FF101BE062570B600782028&action=openDocument,data\legislation\html\A808550B7FF101BE062570B600782028.html,Integración de Empresas Aguadoras al Instituto Nicaragüense de Acueductos y Alcantarillados.,Decretos - Ley,Medio Ambiente y Recursos Naturales,124,45,31/10/1979,Decreto-Ley,False,0,0,0,0,0,0,,,,
EC071B3DB6C2C844062570A10057E5DA,http://legislacion.asamblea.nacional.gob.ni/Normaweb.nsf/xpNormaJuridica.xsp?documentId=EC071B3DB6C2C844062570A10057E5DA&action=openDocument,data\legislation\html\EC071B3DB6C2C844062570A10057E5DA.html,SE PROHIBE IMPORTACIÓN DE BANANOS PROCEDENTES DE PAÍSES INFECTADOS POR LA SIGATOKA NEGRA,Decretos Ejecutivos,Medio Ambiente y Recursos Naturales,33,20,24/01/1980,Decreto,False,0,0,0,0,0,0,,,,
866F9F2779DDC5E6062570A10057BEA9,http://legislacion.asamblea.nacional.gob.ni/Normaweb.nsf/xpNormaJuridica.xsp?documentId=866F9F2779DDC5E6062570A10057BEA9&action=openDocument,data\legislation\html\866F9F2779DDC5E6062570A10057BEA9.html,Creación del Servicio de Parques Nacionales,Decretos - Ley,Medio Ambiente y Recursos Naturales,340,62,13/03/1980,Decreto-Ley,False,0,0,0,0,0,0,,,,
92DEE8BBCEAD84B7062570A10057BF6C,http://legislacion.asamblea.nacional.gob.ni/Normaweb.nsf/xpNormaJuridica.xsp?documentId=92DEE8BBCEAD84B7062570A10057BF6C&action=openDocument,data\legislation\html\92DEE8BBCEAD84B7062570A10057BF6C.html,"Adición a la Ley Orgánica del Instituto Nicaragüense de Recursos Naturales y del Ambiente, IRENA",Decretos - Ley,Medio Ambiente y Recursos Naturales,409,113,21/05/1980,Decreto-Ley,False,0,0,0,0,0,0,,,,
0BBBF7EDB4E8FFD7062570A10057BF6F,http://legislacion.asamblea.nacional.gob.ni/Normaweb.nsf/xpNormaJuridica.xsp?documentId=0BBBF7EDB4E8FFD7062570A10057BF6F&action=openDocument,data\legislation\html\0BBBF7EDB4E8FFD7062570A10057BF6F.html,"Ley Creadora de la Corporación Forestal del Pueblo, CORFOP",Decretos - Ley,Medio Ambiente y Recursos Naturales,410,113,21/05/1980,Decreto-Ley,False,0,0,0,0,0,0,,,,
DC42D95C8FC3F83A062570A10057C02C,http://legislacion.asamblea.nacional.gob.ni/Normaweb.nsf/xpNormaJuridica.xsp?documentId=DC42D95C8FC3F83A062570A10057C02C&action=openDocument,data\legislation\html\DC42D95C8FC3F83A062570A10057C02C.html,Adición a la Ley Orgánica del Instituto Nicaragüense de Acueductos y Alcantarillados (INAA),Decretos - Ley,Medio Ambiente y Recursos Naturales,453,146,28/06/1980,Decreto-Ley,False,0,0,0,0,0,0,,,,
BA7DC02373C58F3E062570A10057C192,http://legislacion.asamblea.nacional.gob.ni/Normaweb.nsf/xpNormaJuridica.xsp?documentId=BA7DC02373C58F3E062570A10057C192&action=openDocument,data\legislation\html\BA7DC02373C58F3E062570A10057C192.html,Ley para la Conservación y Protección de Iguanas Verdes y Garrobos o Iguanas Negras,Decretos - Ley,Medio Ambiente y Recursos Naturales,547,240,18/10/1980,Decreto-Ley,False,0,0,0,0,0,0,,,,
69D4785EE7D03901062570A10057E9CE,http://legislacion.asamblea.nacional.gob.ni/Normaweb.nsf/xpNormaJuridica.xsp?documentId=69D4785EE7D03901062570A10057E9CE&action=openDocument,data\legislation\html\69D4785EE7D03901062570A10057E9CE.html,ASIGNACION DE EMBARCACIONES AL INSTITUTO NICARAGÜENSE DE LA PESCA,Decretos Ejecutivos,Medio Ambiente y Recursos Naturales,674,64,19/03/1981,Decreto,False,0,0,0,0,0,0,,,,
95FDDFFD66D1B9BF062570A10057EA13,http://legislacion.asamblea.nacional.gob.ni/Normaweb.nsf/xpNormaJuridica.xsp?documentId=95FDDFFD66D1B9BF062570A10057EA13&action=openDocument,data\legislation\html\95FDDFFD66D1B9BF062570A10057EA13.html,Regulación de la Pesca de Langosta,Decretos Ejecutivos,Medio Ambiente y Recursos Naturales,690,78,04/04/1981,Decreto,False,0,0,0,0,0,0,,,,
9B5EDCDBFAB7714F062570A10057CE26,http://legislacion.asamblea.nacional.gob.ni/Normaweb.nsf/xpNormaJuridica.xsp?documentId=9B5EDCDBFAB7714F062570A10057CE26&action=openDocument,data\legislation\html\9B5EDCDBFAB7714F062570A10057CE26.html,LEY CREADORA DE LA EMPRESA NICARAGÜENSE DISTRIBUIDORA DE PRODUCTOS DEL MAR Y LAGOS (ENDIMAR),Decretos - Ley,Medio Ambiente y Recursos Naturales,887,278,07/12/1981,Decreto-Ley,False,0,0,0,0,0,0,,,,
1A6548EB8BFA1721062570A10057E59E,http://legislacion.asamblea.nacional.gob.ni/Normaweb.nsf/xpNormaJuridica.xsp?documentId=1A6548EB8BFA1721062570A10057E59E&action=openDocument,data\legislation\html\1A6548EB8BFA1721062570A10057E59E.html,ANEXAR A INPESCA ATRIBUCIONES EN MATERIA DE PESCA,Decretos Ejecutivos,Medio Ambiente y Recursos Naturales,939,30,06/02/1982,Decreto,False,0,0,0,0,0,0,,,,
004EF2FC148EEE25062570A10057CE86,http://legislacion.asamblea.nacional.gob.ni/Normaweb.nsf/xpNormaJuridica.xsp?documentId=004EF2FC148EEE25062570A10057CE86&action=openDocument,data\legislation\html\004EF2FC148EEE25062570A10057CE86.html,Ley de Adscripción de la CORFOP al Ministerio de Industria,Decretos - Ley,Medio Ambiente y Recursos Naturales,1039,107,08/05/1982,Decreto-Ley,False,0,0,0,0,0,0,,,,
CFD86E4C5BA1CC38062570A1005791F8,http://legislacion.asamblea.nacional.gob.ni/Normaweb.nsf/xpNormaJuridica.xsp?documentId=CFD86E4C5BA1CC38062570A1005791F8&action=openDocument,data\legislation\html\CFD86E4C5BA1CC38062570A1005791F8.html,REGLAMENTO PARA LA OPERACIÓN DE LAS DESMOTADORAS DE ALGODÓN,Reglamentos,Medio Ambiente y Recursos Naturales,,295,17/12/1982,Reglamento,False,0,0,0,0,0,0,,,,
E7F522420DF8179E0625710700509C9F,http://legislacion.asamblea.nacional.gob.ni/Normaweb.nsf/xpNormaJuridica.xsp?documentId=E7F522420DF8179E0625710700509C9F&action=openDocument,data\legislation\html\E7F522420DF8179E0625710700509C9F.html,Creación del Parque Nacional Archipiélago Zapatera,Decretos - Ley,Medio Ambiente y Recursos Naturales,1194,30,05/02/1983,Decreto-Ley,False,0,0,0,0,0,0,,,,
8FC4CABFBDD42AAD062570BC00720C06,http://legislacion.asamblea.nacional.gob.ni/Normaweb.nsf/xpNormaJuridica.xsp?documentId=8FC4CABFBDD42AAD062570BC00720C06&action=openDocument,data\legislation\html\8FC4CABFBDD42AAD062570BC00720C06.html,LEY DEL PROGRAMA DE CONTROL DEL PICUDO,Decretos - Ley,Medio Ambiente y Recursos Naturales,1226,77,06/04/1983,Decreto-Ley,False,0,0,0,0,0,0,,,,
248EBC35E8EC54CC062570CB00770834,http://legislacion.asamblea.nacional.gob.ni/Normaweb.nsf/xpNormaJuridica.xsp?documentId=248EBC35E8EC54CC062570CB00770834&action=openDocument,data\legislation\html\248EBC35E8EC54CC062570CB00770834.html,"REGLAMENTO DE LA ""LEY CREADORA DEL PROGRAMA DE CONTROL DEL PICUDO""",Reglamentos,Medio Ambiente y Recursos Naturales,,127,03/06/1983,Reglamento,False,0,0,0,0,0,0,,,,
A1991321DCFBEBD0062570C90074CACB,http://legislacion.asamblea.nacional.gob.ni/Normaweb.nsf/xpNormaJuridica.xsp?documentId=A1991321DCFBEBD0062570C90074CACB&action=openDocument,data\legislation\html\A1991321DCFBEBD0062570C90074CACB.html,Adición al Artículo 6 del INAA,Decretos - Ley,Medio Ambiente y Recursos Naturales,1270,151,01/07/1983,Decreto-Ley,False,0,0,0,0,0,0,,,,
D8CF23E5EB57986C062570D50069A170,http://legislacion.asamblea.nacional.gob.ni/Normaweb.nsf/xpNormaJuridica.xsp?documentId=D8CF23E5EB57986C062570D50069A170&action=openDocument,data\legislation\html\D8CF23E5EB57986C062570D50069A170.html,Creación de Refugio de Vida Silvestre Rio Escalante - Chacocente,Decretos - Ley,Medio Ambiente y Recursos Naturales,1294,187,17/08/1983,Decreto-Ley,False,0,0,0,0,0,0,,,,
5C03E96DB2701B41062570D5006F6D01,http://legislacion.asamblea.nacional.gob.ni/Normaweb.nsf/xpNormaJuridica.xsp?documentId=5C03E96DB2701B41062570D5006F6D01&action=openDocument,data\legislation\html\5C03E96DB2701B41062570D5006F6D01.html,Ley de Protección de Suelos y Control de Erosión,Decretos - Ley,Medio Ambiente y Recursos Naturales,1308,199,31/08/1983,Decreto-Ley,False,0,0,0,0,0,0,,,,
7EA37EA94A348DF1062570D500728C52,http://legislacion.asamblea.nacional.gob.ni/Normaweb.nsf/xpNormaJuridica.xsp?documentId=7EA37EA94A348DF1062570D500728C52&action=openDocument,data\legislation\html\7EA37EA94A348DF1062570D500728C52.html,Creación de Reservas Naturales en el Pacífico de Nicaragua,Decretos - Ley,Medio Ambiente y Recursos Naturales,1320,213,19/09/1983,Decreto-Ley,False,0,0,0,0,0,0,,,,
124300321409F2F7062571080055E2E5,http://legislacion.asamblea.nacional.gob.ni/Normaweb.nsf/xpNormaJuridica.xsp?documentId=124300321409F2F7062571080055E2E5&action=openDocument,data\legislation\html\124300321409F2F7062571080055E2E5.html,LEY DE PROTECCIÓN A LOS COMBATIENTES DE LA PRODUCCIÓN AGRÍCOLA,Decretos - Ley,Medio Ambiente y Recursos Naturales,1344,264,21/11/1983,Decreto-Ley,False,0,0,0,0,0,0,,,,
02FE42A17BC59F9A062570A10057C23B,http://legislacion.asamblea.nacional.gob.ni/Normaweb.nsf/xpNormaJuridica.xsp?documentId=02FE42A17BC59F9A062570A10057C23B&action=openDocument,data\legislation\html\02FE42A17BC59F9A062570A10057C23B.html,Creación de la Comisión Nacional de Recursos Hídricos,Decretos - Ley,Medio Ambiente y Recursos Naturales,1388,10,13/01/1984,Decreto-Ley,False,0,0,0,0,0,0,,,,
3EFF953EDFDCDEE006258AF9007661AB,http://legislacion.asamblea.nacional.gob.ni/Normaweb.nsf/xpNormaJuridica.xsp?documentId=3EFF953EDFDCDEE006258AF9007661AB&action=openDocument,data\legislation\html\3EFF953EDFDCDEE006258AF9007661AB.html,Integrase en Plan Nacional de Acueductos y Alcantarillados a Empresa Aguadora de Chichigalpa.,Decretos - Ley,Medio Ambiente y Recursos Naturales,1526,243,18/12/1984,Decreto-Ley,False,0,0,0,0,0,0,,,,
6C3CEEEB42F24ED8062570A10057C6D6,http://legislacion.asamblea.nacional.gob.ni/Normaweb.nsf/xpNormaJuridica.xsp?documentId=6C3CEEEB42F24ED8062570A10057C6D6&action=openDocument,data\legislation\html\6C3CEEEB42F24ED8062570A10057C6D6.html,Reforma a la Ley Orgánica del Instituto Nicaragüense de Acueductos y Alcantarillados,Decretos - Ley,Medio Ambiente y Recursos Naturales,1527,243,18/12/1984,Decreto-Ley,False,0,0,0,0,0,0,,,,
7C1634C6CBCEE49A062570A10057AEC1,http://legislacion.asamblea.nacional.gob.ni/Normaweb.nsf/xpNormaJuridica.xsp?documentId=7C1634C6CBCEE49A062570A10057AEC1&action=openDocument,data\legislation\html\7C1634C6CBCEE49A062570A10057AEC1.html,Adscripción de IRENA a MIDINRA,Decretos Ejecutivos,Medio Ambiente y Recursos Naturales,3,12,16/01/1985,Decreto,False,0,0,0,0,0,0,,,,
5B64152C0449A3D3062570A10057AEB7,http://legislacion.asamblea.nacional.gob.ni/Normaweb.nsf/xpNormaJuridica.xsp?documentId=5B64152C0449A3D3062570A10057AEB7&action=openDocument,data\legislation\html\5B64152C0449A3D3062570A10057AEB7.html,Adición a la Ley Orgánica del INAA,Decretos Ejecutivos,Medio Ambiente y Recursos Naturales,17,22,30/01/1985,Decreto,False,0,0,0,0,0,0,,,,
9C2EDECCBC7BB07C062570A10057B7B0,http://legislacion.asamblea.nacional.gob.ni/Normaweb.nsf/xpNormaJuridica.xsp?documentId=9C2EDECCBC7BB07C062570A10057B7B0&action=openDocument,data\legislation\html\9C2EDECCBC7BB07C062570A10057B7B0.html,Ley de Extinción de Irena e Integración de sus Funciones al Midinra,Decretos Ejecutivos,Medio Ambiente y Recursos Naturales,336,65,08/04/1988,Decreto,False,0,0,0,0,0,0,,,,
08CF8590DFEE7066062570A10057E270,http://legislacion.asamblea.nacional.gob.ni/Normaweb.nsf/xpNormaJuridica.xsp?documentId=08CF8590DFEE7066062570A10057E270&action=openDocument,data\legislation\html\08CF8590DFEE7066062570A10057E270.html,Medidas para la Conservación de la Langosta,Decretos Ejecutivos,Medio Ambiente y Recursos Naturales,373,121,27/06/1988,Decreto,False,0,0,0,0,0,0,,,,
9093E2FC46A41BA3062570A10057BA8F,http://legislacion.asamblea.nacional.gob.ni/Normaweb.nsf/xpNormaJuridica.xsp?documentId=9093E2FC46A41BA3062570A10057BA8F&action=openDocument,data\legislation\html\9093E2FC46A41BA3062570A10057BA8F.html,Ley de la Corporación Forestal del Pueblo (CORFOP),Decretos Ejecutivos,Medio Ambiente y Recursos Naturales,409,240,19/12/1988,Decreto,False,0,0,0,0,0,0,,,,
71002B7204E98C02062570A10057879E,http://legislacion.asamblea.nacional.gob.ni/Normaweb.nsf/xpNormaJuridica.xsp?documentId=71002B7204E98C02062570A10057879E&action=openDocument,data\legislation\html\71002B7204E98C02062570A10057879E.html,"Reglamento al Decreto No. 301, Créase el Fondo de Desarrollo Tecnológico",Decretos Ejecutivos,Medio Ambiente y Recursos Naturales,438,88,11/05/1989,Decreto,False,0,0,0,0,0,0,,,,
1A2CA2E7013D0162062570A1005787CF,http://legislacion.asamblea.nacional.gob.ni/Normaweb.nsf/xpNormaJuridica.xsp?documentId=1A2CA2E7013D0162062570A1005787CF&action=openDocument,data\legislation\html\1A2CA2E7013D0162062570A1005787CF.html,"Constitución del Comité Nacional, Decenio Internacional para la Prevención de los Desastres Naturales",Decretos Ejecutivos,Medio Ambiente y Recursos Naturales,465,167,04/09/1989,Decreto,False,0,0,0,0,0,0,,,,
55DCCA7A21077BFA062570A1005787E3,http://legislacion.asamblea.nacional.gob.ni/Normaweb.nsf/xpNormaJuridica.xsp?documentId=55DCCA7A21077BFA062570A1005787E3&action=openDocument,data\legislation\html\55DCCA7A21077BFA062570A1005787E3.html,Ley Creadora de la Comisión Nacional Forestal,Decretos Ejecutivos,Medio Ambiente y Recursos Naturales,479,247,29/12/1989,Decreto,False,0,0,0,0,0,0,,,,
2D4B8820C54A28EF062570A10057B6A7,http://legislacion.asamblea.nacional.gob.ni/Normaweb.nsf/xpNormaJuridica.xsp?documentId=2D4B8820C54A28EF062570A10057B6A7&action=openDocument,data\legislation\html\2D4B8820C54A28EF062570A10057B6A7.html,"Decreto de Creación del Instituto Nicaragüense de Recursos Naturales y del Ambiente, IRENA",Decretos Ejecutivos,Medio Ambiente y Recursos Naturales,513,73,16/04/1990,Decreto,False,0,0,0,0,0,0,,,,
10E25F7355D65820062570A100582F34,http://legislacion.asamblea.nacional.gob.ni/Normaweb.nsf/xpNormaJuridica.xsp?documentId=10E25F7355D65820062570A100582F34&action=openDocument,data\legislation\html\10E25F7355D65820062570A100582F34.html,Se Restablece la Personalidad Jurídica del Instituto Nicaragüense de Recursos Naturales y del Ambiente (IRENA),Decretos Ejecutivos,Medio Ambiente y Recursos Naturales,510,73,16/04/1990,Decreto,False,0,0,0,0,0,0,,,,
E041BF1071BF2E2E062570A10057B630,http://legislacion.asamblea.nacional.gob.ni/Normaweb.nsf/xpNormaJuridica.xsp?documentId=E041BF1071BF2E2E062570A10057B630&action=openDocument,data\legislation\html\E041BF1071BF2E2E062570A10057B630.html,Creación de Reserva Genética Forestal,Decretos Ejecutivos,Medio Ambiente y Recursos Naturales,526,78,23/04/1990,Decreto,False,0,0,0,0,0,0,,,,
4700A65EB056B810062570A10057B5EA,http://legislacion.asamblea.nacional.gob.ni/Normaweb.nsf/xpNormaJuridica.xsp?documentId=4700A65EB056B810062570A10057B5EA&action=openDocument,data\legislation\html\4700A65EB056B810062570A10057B5EA.html,Creación de las Areas Naturales Protegidas del Sureste de Nicaragua,Decretos Ejecutivos,Medio Ambiente y Recursos Naturales,527,78,23/04/1990,Decreto,False,0,0,0,0,0,0,,,,
82A8BE043AD8C3DC062570A10057B0A1,http://legislacion.asamblea.nacional.gob.ni/Normaweb.nsf/xpNormaJuridica.xsp?documentId=82A8BE043AD8C3DC062570A10057B0A1&action=openDocument,data\legislation\html\82A8BE043AD8C3DC062570A10057B0A1.html,Decreto Ejecutivo Creador de la Comisión Nacional del Ambiente y Ordenamiento Territorial (CONAMOR),Decretos Ejecutivos,Medio Ambiente y Recursos Naturales,17-90,112,12/06/1990,Decreto,False,0,0,0,0,0,0,,,,
5C9914360730B4FB062570A100582F24,http://legislacion.asamblea.nacional.gob.ni/Normaweb.nsf/xpNormaJuridica.xsp?documentId=5C9914360730B4FB062570A100582F24&action=openDocument,data\legislation\html\5C9914360730B4FB062570A100582F24.html,Apruébase Convenio Constitutivo de la Comisión Centroamericana de Ambiente y Desarrollo,Decretos Legislativos,Medio Ambiente y Recursos Naturales,A.N. N°. 323,180,20/09/1990,Decreto,False,0,0,0,0,0,0,,,,
B30316356C5F1C02062570A10057B476,http://legislacion.asamblea.nacional.gob.ni/Normaweb.nsf/xpNormaJuridica.xsp?documentId=B30316356C5F1C02062570A10057B476&action=openDocument,data\legislation\html\B30316356C5F1C02062570A10057B476.html,CRÉASE LA COMISIÓN NACIONAL AGRARIA,Decretos - Ley,Medio Ambiente y Recursos Naturales,54-90,197,15/10/1990,Decreto-Ley,False,0,0,0,0,0,0,,,,
7ECC91016EB1A5E5062570A10057B4A6,http://legislacion.asamblea.nacional.gob.ni/Normaweb.nsf/xpNormaJuridica.xsp?documentId=7ECC91016EB1A5E5062570A10057B4A6&action=openDocument,data\legislation\html\7ECC91016EB1A5E5062570A10057B4A6.html,"(Ratificación del Convenio Constitutivo del Comité Coordinador Regional de Instituciones de Agua Potable y Saneamiento de Centroamérica, Panamá y República Dominicana Conocidos como CAPRE)",Decretos Ejecutivos,Medio Ambiente y Recursos Naturales,58-90,240,13/12/1990,Decreto,False,0,0,0,0,0,0,,,,
80EF7BB1DFE225B3062570A10057D874,http://legislacion.asamblea.nacional.gob.ni/Normaweb.nsf/xpNormaJuridica.xsp?documentId=80EF7BB1DFE225B3062570A10057D874&action=openDocument,data\legislation\html\80EF7BB1DFE225B3062570A10057D874.html,Creación de la Comisión de la Cuenca del Lago de Managua,Decretos Ejecutivos,Medio Ambiente y Recursos Naturales,25-91,113,20/06/1991,Decreto,False,0,0,0,0,0,0,,,,
8F7597505B329EB0062570A10057D908,http://legislacion.asamblea.nacional.gob.ni/Normaweb.nsf/xpNormaJuridica.xsp?documentId=8F7597505B329EB0062570A10057D908&action=openDocument,data\legislation\html\8F7597505B329EB0062570A10057D908.html,"Declaración de Áreas Protegidas en Varios Cerros Macizos Montañosos, Volcanes y Lagunas del País",Decretos Ejecutivos,Medio Ambiente y Recursos Naturales,42-91,207,04/11/1991,Decreto,False,0,0,0,0,0,0,,,,
060B2DC3E3E72D70062570A10057D912,http://legislacion.asamblea.nacional.gob.ni/Normaweb.nsf/xpNormaJuridica.xsp?documentId=060B2DC3E3E72D70062570A10057D912&action=openDocument,data\legislation\html\060B2DC3E3E72D70062570A10057D912.html,"Declaración de la Reserva Biológica Marina, ""Cayos Miskitos y Franja Costera Inmediata""",Decretos Ejecutivos,Medio Ambiente y Recursos Naturales,43-91,207,04/11/1991,Decreto,False,0,0,0,0,0,0,,,,
C1476414BC61074C062570A10057D915,http://legislacion.asamblea.nacional.gob.ni/Normaweb.nsf/xpNormaJuridica.xsp?documentId=C1476414BC61074C062570A10057D915&action=openDocument,data\legislation\html\C1476414BC61074C062570A10057D915.html,"Declaración de la Reserva Nacional de Recursos Naturales, BOSAWAS",Decretos Ejecutivos,Medio Ambiente y Recursos Naturales,44-91,208,05/11/1991,Decreto,False,0,0,0,0,0,0,,,,
EA59B4BECA0306B4062570A10057D740,http://legislacion.asamblea.nacional.gob.ni/Normaweb.nsf/xpNormaJuridica.xsp?documentId=EA59B4BECA0306B4062570A10057D740&action=openDocument,data\legislation\html\EA59B4BECA0306B4062570A10057D740.html,Creación de Reservas Forestales,Decretos Ejecutivos,Medio Ambiente y Recursos Naturales,38-92,124,30/06/1992,Decreto,False,0,0,0,0,0,0,,,,
C97E5220DF671564062570A10057D743,http://legislacion.asamblea.nacional.gob.ni/Normaweb.nsf/xpNormaJuridica.xsp?documentId=C97E5220DF671564062570A10057D743&action=openDocument,data\legislation\html\C97E5220DF671564062570A10057D743.html,Moratoria Forestal,Decretos Ejecutivos,Medio Ambiente y Recursos Naturales,39-92,125,01/07/1992,Decreto,False,0,0,0,0,0,0,,,,
269934F989386BED062570A10057D7AC,http://legislacion.asamblea.nacional.gob.ni/Normaweb.nsf/xpNormaJuridica.xsp?documentId=269934F989386BED062570A10057D7AC&action=openDocument,data\legislation\html\269934F989386BED062570A10057D7AC.html,Ratificación de Convenio Constitutivo de la Comisión Centroamericana de Ambiente y Desarrollo,Decretos Ejecutivos,Medio Ambiente y Recursos Naturales,61-92,222,19/11/1992,Decreto,False,0,0,0,0,0,0,,,,
FA67B1620BED98220625712C0051E05A,http://legislacion.asamblea.nacional.gob.ni/Normaweb.nsf/xpNormaJuridica.xsp?documentId=FA67B1620BED98220625712C0051E05A&action=openDocument,data\legislation\html\FA67B1620BED98220625712C0051E05A.html,Adhesión y Ratificación del Convenio de Viena para la Protección de la Capa de Ozono y del Protocolo de Montreal Relativo a las Sustancias Agotadoras de la Capa de Ozono y Sus Anexos,Decretos Ejecutivos,Medio Ambiente y Recursos Naturales,11-93,22,01/02/1993,Decreto,False,0,0,0,0,0,0,,,,
59CD1F24F3CBB772062570A10057D442,http://legislacion.asamblea.nacional.gob.ni/Normaweb.nsf/xpNormaJuridica.xsp?documentId=59CD1F24F3CBB772062570A10057D442&action=openDocument,data\legislation\html\59CD1F24F3CBB772062570A10057D442.html,Declaración de Área Natural Protegida el Chocoyero - El Brujo,Decreto Presidencial,Medio Ambiente y Recursos Naturales,35-93,122,29/06/1993,Decreto,False,0,0,0,0,0,0,,,,
B1FB5820CBDE739B06257139005F0216,http://legislacion.asamblea.nacional.gob.ni/Normaweb.nsf/xpNormaJuridica.xsp?documentId=B1FB5820CBDE739B06257139005F0216&action=openDocument,data\legislation\html\B1FB5820CBDE739B06257139005F0216.html,Reglamento Forestal,Decretos Ejecutivos,Medio Ambiente y Recursos Naturales,45-93,197,19/10/1993,Decreto,False,0,0,0,0,0,0,,,,
EEC1327BE00FE1280625711C005F5164,http://legislacion.asamblea.nacional.gob.ni/Normaweb.nsf/xpNormaJuridica.xsp?documentId=EEC1327BE00FE1280625711C005F5164&action=openDocument,data\legislation\html\EEC1327BE00FE1280625711C005F5164.html,Creación del Ministerio del Ambiente y Recursos Naturales,Decretos Ejecutivos,Medio Ambiente y Recursos Naturales,1-94,6,10/01/1994,Decreto,False,0,0,0,0,0,0,,,,
B82DBD974B31D600062570A10057B193,http://legislacion.asamblea.nacional.gob.ni/Normaweb.nsf/xpNormaJuridica.xsp?documentId=B82DBD974B31D600062570A10057B193&action=openDocument,data\legislation\html\B82DBD974B31D600062570A10057B193.html,Creación del Comité Interinstitucional Ambiental de Caminos Rurales,Decretos Ejecutivos,Medio Ambiente y Recursos Naturales,3-94,20,28/01/1994,Decreto,False,0,0,0,0,0,0,,,,
85599EEE02AF5BA0062570A10057B4EE,http://legislacion.asamblea.nacional.gob.ni/Normaweb.nsf/xpNormaJuridica.xsp?documentId=85599EEE02AF5BA0062570A10057B4EE&action=openDocument,data\legislation\html\85599EEE02AF5BA0062570A10057B4EE.html,Creación de la Comisión Permanente de Coordinación Operativa del Sector de Saneamiento,Decretos Ejecutivos,Medio Ambiente y Recursos Naturales,17-94,64,08/04/1994,Decreto,False,0,0,0,0,0,0,,,,
AEB61AEAB47ADFB20625711D00554830,http://legislacion.asamblea.nacional.gob.ni/Normaweb.nsf/xpNormaJuridica.xsp?documentId=AEB61AEAB47ADFB20625711D00554830&action=openDocument,data\legislation\html\AEB61AEAB47ADFB20625711D00554830.html,Ley que Prohíbe el Tráfico de Desechos Peligrosos y Sustancias Tóxicas,Leyes,Medio Ambiente y Recursos Naturales,168,102,02/06/1994,Ley,False,0,0,0,0,0,0,,,,
4CD0774CB37CC02F0625711D0055C7CA,http://legislacion.asamblea.nacional.gob.ni/Normaweb.nsf/xpNormaJuridica.xsp?documentId=4CD0774CB37CC02F0625711D0055C7CA&action=openDocument,data\legislation\html\4CD0774CB37CC02F0625711D0055C7CA.html,Declaración de la Región del Sureste de Nicaragua Territorio de Desarrollo Sostenible,Decretos Ejecutivos,Medio Ambiente y Recursos Naturales,28-94,106,08/06/1994,Decreto,False,0,0,0,0,0,0,,,,
8233CB4936A758A506257109005C9C87,http://legislacion.asamblea.nacional.gob.ni/Normaweb.nsf/xpNormaJuridica.xsp?documentId=8233CB4936A758A506257109005C9C87&action=openDocument,data\legislation\html\8233CB4936A758A506257109005C9C87.html,Reglamento de Permiso y Evaluación de Impacto Ambiental,Decretos Ejecutivos,Medio Ambiente y Recursos Naturales,45-94,203,31/10/1994,Decreto,False,0,0,0,0,0,0,,,,
6AC3B55285B3D7660625710900602923,http://legislacion.asamblea.nacional.gob.ni/Normaweb.nsf/xpNormaJuridica.xsp?documentId=6AC3B55285B3D7660625710900602923&action=openDocument,data\legislation\html\6AC3B55285B3D7660625710900602923.html,Reorganización de la Comisión Nacional de Recursos Hídricos,Decretos Ejecutivos,Medio Ambiente y Recursos Naturales,49-94,215,16/11/1994,Decreto,False,0,0,0,0,0,0,,,,
243C61FC17878840062571090062D992,http://legislacion.asamblea.nacional.gob.ni/Normaweb.nsf/xpNormaJuridica.xsp?documentId=243C61FC17878840062571090062D992&action=openDocument,data\legislation\html\243C61FC17878840062571090062D992.html,APROBACIÓN Y RATIFICACIÓN DEL CONVENIO CONSTITUTIVO DEL CENTRO DE COORDINACIÓN PARA LA PREVENCIÓN DE DESASTRES NATURALES EN AMÉRICA CENTRAL (CEPREDENAC),Decretos Ejecutivos,Medio Ambiente y Recursos Naturales,52-94,237,19/12/1994,Decreto,False,0,0,0,0,0,0,,,,
8971955CB02907590625717800620ACB,http://legislacion.asamblea.nacional.gob.ni/Normaweb.nsf/xpNormaJuridica.xsp?documentId=8971955CB02907590625717800620ACB&action=openDocument,data\legislation\html\8971955CB02907590625717800620ACB.html,Reforma a la Ley Orgánica del Instituto Nicaragüense de Acueductos y Alcantarillados (INAA),Decretos Ejecutivos,Medio Ambiente y Recursos Naturales,31-95,118,26/06/1995,Decreto,False,0,0,0,0,0,0,,,,
334D6DB2A204D285062571780060DF74,http://legislacion.asamblea.nacional.gob.ni/Normaweb.nsf/xpNormaJuridica.xsp?documentId=334D6DB2A204D285062571780060DF74&action=openDocument,data\legislation\html\334D6DB2A204D285062571780060DF74.html,Creación de la Empresa Nicaragüense de Acueductos y Alcantarillados Sanitarios (ENACAL,Decretos Ejecutivos,Medio Ambiente y Recursos Naturales,27-95,118,26/06/1995,Decreto,False,0,0,0,0,0,0,,,,
138A846C29F5F0760625717900509FA4,http://legislacion.asamblea.nacional.gob.ni/Normaweb.nsf/xpNormaJuridica.xsp?documentId=138A846C29F5F0760625717900509FA4&action=openDocument,data\legislation\html\138A846C29F5F0760625717900509FA4.html,"Disposiciones para el Control de la Contaminación Provenientes de las Descargas de Aguas Residuales Domésticas, Industriales y Agropecuarias",Decretos Ejecutivos,Medio Ambiente y Recursos Naturales,33-95,118,26/06/1995,Decreto,False,0,0,0,0,0,0,,,,
62D062EA4B5936430625717800624047,http://legislacion.asamblea.nacional.gob.ni/Normaweb.nsf/xpNormaJuridica.xsp?documentId=62D062EA4B5936430625717800624047&action=openDocument,data\legislation\html\62D062EA4B5936430625717800624047.html,Disposiciones para la Fijación de las Tarifas en el Sector de Agua Potable y Alcantarillado Sanitario,Decretos Ejecutivos,Medio Ambiente y Recursos Naturales,32-95,118,26/06/1995,Decreto,False,0,0,0,0,0,0,,,,
EC28A3181B6EC2490625714500556475,http://legislacion.asamblea.nacional.gob.ni/Normaweb.nsf/xpNormaJuridica.xsp?documentId=EC28A3181B6EC2490625714500556475&action=openDocument,data\legislation\html\EC28A3181B6EC2490625714500556475.html,DE APROBACIÓN DE LA CONVENCIÓN MARCO DE LAS NACIONES UNIDAS SOBRE EL CAMBIO CLIMÁTICO,Decretos Legislativos,Medio Ambiente y Recursos Naturales,A.N. Nº. 1010,123,03/07/1995,Decreto,False,0,0,0,0,0,0,,,,
3494169E91FF9F0F0625714500553897,http://legislacion.asamblea.nacional.gob.ni/Normaweb.nsf/xpNormaJuridica.xsp?documentId=3494169E91FF9F0F0625714500553897&action=openDocument,data\legislation\html\3494169E91FF9F0F0625714500553897.html,De Aprobación del Convenio para la Conservación de la Biodiversidad y Protección de Áreas Silvestres Prioritarias en América Central,Decretos Legislativos,Medio Ambiente y Recursos Naturales,A.N. Nº. 1009,123,03/07/1995,Decreto,False,0,0,0,0,0,0,,,,
EE2A89579934BC56062571800062CFFA,http://legislacion.asamblea.nacional.gob.ni/Normaweb.nsf/xpNormaJuridica.xsp?documentId=EE2A89579934BC56062571800062CFFA&action=openDocument,data\legislation\html\EE2A89579934BC56062571800062CFFA.html,RATIFICACIÓN DEL CONVENIO PARA LA CONSERVACIÓN DE LA BIODIVERSIDAD Y PROTECCIÓN DE ÁREAS SILVESTRES PRIORITARIAS EN AMÉRICA CENTRAL,Decretos Ejecutivos,Medio Ambiente y Recursos Naturales,49-95,198,23/10/1995,Decreto,False,0,0,0,0,0,0,,,,
D55751389EDAE03F06257181004CF2B6,http://legislacion.asamblea.nacional.gob.ni/Normaweb.nsf/xpNormaJuridica.xsp?documentId=D55751389EDAE03F06257181004CF2B6&action=openDocument,data\legislation\html\D55751389EDAE03F06257181004CF2B6.html,RATIFICACIÓN DE LA CONVENCIÓN MARCO DE LAS NACIONES UNIDAS SOBRE EL CAMBIO CLIMÁTICO,Decretos Ejecutivos,Medio Ambiente y Recursos Naturales,50-95,199,24/10/1995,Decreto,False,0,0,0,0,0,0,,,,
493386D55FE1CE3106257186004B61CC,http://legislacion.asamblea.nacional.gob.ni/Normaweb.nsf/xpNormaJuridica.xsp?documentId=493386D55FE1CE3106257186004B61CC&action=openDocument,data\legislation\html\493386D55FE1CE3106257186004B61CC.html,DE APROBACIÓN DEL CONVENIO SOBRE LA DIVERSIDAD BIOLÓGICA,Decretos Legislativos,Medio Ambiente y Recursos Naturales,A.N. Nº. 1079,215,15/11/1995,Decreto,False,0,0,0,0,0,0,,,,
6CA5249C6478798F062571BC006805D5,http://legislacion.asamblea.nacional.gob.ni/Normaweb.nsf/xpNormaJuridica.xsp?documentId=6CA5249C6478798F062571BC006805D5&action=openDocument,data\legislation\html\6CA5249C6478798F062571BC006805D5.html,RATIFICACIÓN DEL CONVENIO SOBRE DIVERSIDAD BIOLÓGICA,Decretos Ejecutivos,Medio Ambiente y Recursos Naturales,56-95,245,29/12/1995,Decreto,False,0,0,0,0,0,0,,,,
D9691CAA18F9AFD9062570B400555B26,http://legislacion.asamblea.nacional.gob.ni/Normaweb.nsf/xpNormaJuridica.xsp?documentId=D9691CAA18F9AFD9062570B400555B26&action=openDocument,data\legislation\html\D9691CAA18F9AFD9062570B400555B26.html,Creación del Parque Histórico Nacional Loma de Tiscapa,Decretos Ejecutivos,Medio Ambiente y Recursos Naturales,6-96,88,14/05/1996,Decreto,False,0,0,0,0,0,0,,,,
603D8FBC894F308E062570B40056AB87,http://legislacion.asamblea.nacional.gob.ni/Normaweb.nsf/xpNormaJuridica.xsp?documentId=603D8FBC894F308E062570B40056AB87&action=openDocument,data\legislation\html\603D8FBC894F308E062570B40056AB87.html,Reformase el Decreto No. 25-91 Creación de la Comisión de la Cuenca del Lago de Managua,Decretos Ejecutivos,Medio Ambiente y Recursos Naturales,5-96,88,14/05/1996,Decreto,False,0,0,0,0,0,0,,,,
1B5EFB1E58D7618A0625711600561572,http://legislacion.asamblea.nacional.gob.ni/Normaweb.nsf/xpNormaJuridica.xsp?documentId=1B5EFB1E58D7618A0625711600561572&action=openDocument,data\legislation\html\1B5EFB1E58D7618A0625711600561572.html,Ley General del Medio Ambiente y los Recursos Naturales,Leyes,Medio Ambiente y Recursos Naturales,217,105,06/06/1996,Ley,False,0,0,0,0,0,0,,,,
0591EAEC27331AF90625711600697877,http://legislacion.asamblea.nacional.gob.ni/Normaweb.nsf/xpNormaJuridica.xsp?documentId=0591EAEC27331AF90625711600697877&action=openDocument,data\legislation\html\0591EAEC27331AF90625711600697877.html,De Aprobación del Acuerdo Regional Sobre Movimiento Transfronterizo de Desechos Peligrosos,Decretos Legislativos,Medio Ambiente y Recursos Naturales,A.N. N°. 1373,133,16/07/1996,Decreto,False,0,0,0,0,0,0,,,,
B31271312B744DA9062570BC005CA223,http://legislacion.asamblea.nacional.gob.ni/Normaweb.nsf/xpNormaJuridica.xsp?documentId=B31271312B744DA9062570BC005CA223&action=openDocument,data\legislation\html\B31271312B744DA9062570BC005CA223.html,Ratificación del Acuerdo Regional Sobre Movimiento Transfronterizo de Desechos Peligrosos,Decretos Ejecutivos,Medio Ambiente y Recursos Naturales,14-96,140,26/07/1996,Decreto,False,0,0,0,0,0,0,,,,
29B81609B8726F49062570BC005FBB2C,http://legislacion.asamblea.nacional.gob.ni/Normaweb.nsf/xpNormaJuridica.xsp?documentId=29B81609B8726F49062570BC005FBB2C&action=openDocument,data\legislation\html\29B81609B8726F49062570BC005FBB2C.html,Reglamento de la Ley General del Medio Ambiente y los Recursos Naturales,Decretos Ejecutivos,Medio Ambiente y Recursos Naturales,9-96,163,29/08/1996,Decreto,False,0,0,0,0,0,0,,,,
76722DB5847548480625712200599D2D,http://legislacion.asamblea.nacional.gob.ni/Normaweb.nsf/xpNormaJuridica.xsp?documentId=76722DB5847548480625712200599D2D&action=openDocument,data\legislation\html\76722DB5847548480625712200599D2D.html,Ley de Suspensión de la Tramitación de Solicitudes de Otorgamiento de Concesiones y Contratos de Exploración y Explotación de los Recursos Naturales,Leyes,Medio Ambiente y Recursos Naturales,222,NUEVO DIARIO,24/09/1996,Ley,False,0,0,0,0,0,0,,,,
D612ECCF72EC3812062570F50062D7D9,http://legislacion.asamblea.nacional.gob.ni/Normaweb.nsf/xpNormaJuridica.xsp?documentId=D612ECCF72EC3812062570F50062D7D9&action=openDocument,data\legislation\html\D612ECCF72EC3812062570F50062D7D9.html,Adhesión a la Convención Relativa a los Humedales de Importancia Internacional,Decretos Ejecutivos,Medio Ambiente y Recursos Naturales,21-96,206,31/10/1996,Decreto,False,0,0,0,0,0,0,,,,
3A5053E98D7F86CA0625711500580FD9,http://legislacion.asamblea.nacional.gob.ni/Normaweb.nsf/xpNormaJuridica.xsp?documentId=3A5053E98D7F86CA0625711500580FD9&action=openDocument,data\legislation\html\3A5053E98D7F86CA0625711500580FD9.html,ADHESIÓN AL CONVENIO DE BASILEA SOBRE EL CONTROL DE LOS MOVIMIENTOS TRANSFRONTERIZOS DE LOS DESECHOS PELIGROSOS Y SU ELIMINACIÓN,Decretos Ejecutivos,Medio Ambiente y Recursos Naturales,20-96,206,31/10/1996,Decreto,False,0,0,0,0,0,0,,,,
FF5CF81516AEAA2C062570A600646A9E,http://legislacion.asamblea.nacional.gob.ni/Normaweb.nsf/xpNormaJuridica.xsp?documentId=FF5CF81516AEAA2C062570A600646A9E&action=openDocument,data\legislation\html\FF5CF81516AEAA2C062570A600646A9E.html,De Aprobación de Adhesión Al Convenio de Basilea Sobre el Control de los Movimientos Transfronterizos de los Desechos Peligrosos y su Eliminación,Decretos Legislativos,Medio Ambiente y Recursos Naturales,A.N. N°. 1601,38,24/02/1997,Decreto,False,0,0,0,0,0,0,,,,
2E62B7D3F2E22D9E062570A100579BFB,http://legislacion.asamblea.nacional.gob.ni/Normaweb.nsf/xpNormaJuridica.xsp?documentId=2E62B7D3F2E22D9E062570A100579BFB&action=openDocument,data\legislation\html\2E62B7D3F2E22D9E062570A100579BFB.html,De Aprobación de la Adhesión a la Convención Relativa a los Humedales de Importancia Internacional,Decretos Legislativos,Medio Ambiente y Recursos Naturales,A.N. N°. 1599,38,24/02/1997,Decreto,False,0,0,0,0,0,0,,,,
CC31F205DD6A61EE062572D8005584F9,http://legislacion.asamblea.nacional.gob.ni/Normaweb.nsf/xpNormaJuridica.xsp?documentId=CC31F205DD6A61EE062572D8005584F9&action=openDocument,data\legislation\html\CC31F205DD6A61EE062572D8005584F9.html,Reforma al Decreto No. 44-91 que declara la Reserva Nacional de Recursos Naturales Bosawás,Decretos Ejecutivos,Medio Ambiente y Recursos Naturales,32-96,60,02/04/1997,Decreto,False,0,0,0,0,0,0,,,,
1F633F86141518F5062570A10057A9F5,http://legislacion.asamblea.nacional.gob.ni/Normaweb.nsf/xpNormaJuridica.xsp?documentId=1F633F86141518F5062570A10057A9F5&action=openDocument,data\legislation\html\1F633F86141518F5062570A10057A9F5.html,Regulación para l a Explotación de Las Especies Swietenia Macrophylla y Cedral Odorata (Caoba y Cedro),Decretos Ejecutivos,Medio Ambiente y Recursos Naturales,30-97,108,10/06/1997,Decreto,False,0,0,0,0,0,0,,,,
6B4C10F3D643B3CE062570A10057A9F8,http://legislacion.asamblea.nacional.gob.ni/Normaweb.nsf/xpNormaJuridica.xsp?documentId=6B4C10F3D643B3CE062570A10057A9F8&action=openDocument,data\legislation\html\6B4C10F3D643B3CE062570A10057A9F8.html,"Reforma al Decreto 25-91, (Creación de la Comisión de la Cuenca del Lago de Managua)",Decretos Ejecutivos,Medio Ambiente y Recursos Naturales,33-97,113,17/06/1997,Decreto,False,0,0,0,0,0,0,,,,
7B256F2698BC99CA062570A10057AA03,http://legislacion.asamblea.nacional.gob.ni/Normaweb.nsf/xpNormaJuridica.xsp?documentId=7B256F2698BC99CA062570A10057AA03&action=openDocument,data\legislation\html\7B256F2698BC99CA062570A10057AA03.html,Reglamento General para el Control de Emisiones de los Vehículos Automotores de Nicaragua,Decretos Ejecutivos,Medio Ambiente y Recursos Naturales,32-97,114,18/06/1997,Decreto,False,0,0,0,0,0,0,,,,
B4988ABEAA19A3CF062570A10057AA57,http://legislacion.asamblea.nacional.gob.ni/Normaweb.nsf/xpNormaJuridica.xsp?documentId=B4988ABEAA19A3CF062570A10057AA57&action=openDocument,data\legislation\html\B4988ABEAA19A3CF062570A10057AA57.html,"(Aclaración del Arto.1 del Decreto 30-97, Sobre Exportación de Madera de Caoba y Cedro)",Decretos Ejecutivos,Medio Ambiente y Recursos Naturales,43-97,129,09/07/1997,Decreto,False,0,0,0,0,0,0,,,,
4F26065E3EA3BBFD062570A10057AB77,http://legislacion.asamblea.nacional.gob.ni/Normaweb.nsf/xpNormaJuridica.xsp?documentId=4F26065E3EA3BBFD062570A10057AB77&action=openDocument,data\legislation\html\4F26065E3EA3BBFD062570A10057AB77.html,Reforma al Decreto No. 32-97 Denominado Reglamento General para el Control de Emisiones de los Vehículos Automotores de Nicaragua,Decretos Ejecutivos,Medio Ambiente y Recursos Naturales,66-97,227,27/11/1997,Decreto,False,0,0,0,0,0,0,,,,
E8D0F7597B0768B9062570A100577924,http://legislacion.asamblea.nacional.gob.ni/Normaweb.nsf/xpNormaJuridica.xsp?documentId=E8D0F7597B0768B9062570A100577924&action=openDocument,data\legislation\html\E8D0F7597B0768B9062570A100577924.html,Ley de Reforma Parcial a la Ley de Suspensión de la Tramitación de Solicitudes de Otorgamiento de Concesiones y Contratos de Exploración y Explotación de los Recursos Naturales,Leyes,Medio Ambiente y Recursos Naturales,273,234,09/12/1997,Ley,False,0,0,0,0,0,0,,,,
607E8EBD8459B8D2062570A1005777A7,http://legislacion.asamblea.nacional.gob.ni/Normaweb.nsf/xpNormaJuridica.xsp?documentId=607E8EBD8459B8D2062570A1005777A7&action=openDocument,data\legislation\html\607E8EBD8459B8D2062570A1005777A7.html,Ley de Creación de la Empresa Nicaragüense de Acueductos y Alcantarillados Sanitarios (ENACAL),Leyes,Medio Ambiente y Recursos Naturales,276,12,20/01/1998,Ley,False,0,0,0,0,0,0,,,,
D0EB3FC23E5D83D9062570A100584C43,http://legislacion.asamblea.nacional.gob.ni/Normaweb.nsf/xpNormaJuridica.xsp?documentId=D0EB3FC23E5D83D9062570A100584C43&action=openDocument,data\legislation\html\D0EB3FC23E5D83D9062570A100584C43.html,Ley de Reforma a la Ley Orgánica del Instituto Nicaragüense de Acueductos y Alcantarillados (INAA),Leyes,Medio Ambiente y Recursos Naturales,275,18,28/01/1998,Ley,False,0,0,0,0,0,0,,,,
9DE11E8BC1F5D610062570A10057A20F,http://legislacion.asamblea.nacional.gob.ni/Normaweb.nsf/xpNormaJuridica.xsp?documentId=9DE11E8BC1F5D610062570A10057A20F&action=openDocument,data\legislation\html\9DE11E8BC1F5D610062570A10057A20F.html,Normas y Procedimientos para la Exportación e Importación de Especies de Flora y Fauna Silvestres de Nicaragua,Reglamentos,Medio Ambiente y Recursos Naturales,8-98,27,10/02/1998,Reglamento,False,0,0,0,0,0,0,,,,
03082DF444F1D81D062570A10057A268,http://legislacion.asamblea.nacional.gob.ni/Normaweb.nsf/xpNormaJuridica.xsp?documentId=03082DF444F1D81D062570A10057A268&action=openDocument,data\legislation\html\03082DF444F1D81D062570A10057A268.html,Reglamento de la Ley de Reforma a la Ley Orgánica del Instituto Nicaragüense de Acueductos y Alcantarillados (INAA),Decretos Ejecutivos,Medio Ambiente y Recursos Naturales,25-98,70,17/04/1998,Decreto,False,0,0,0,0,0,0,,,,
2D845CCC38B83584062570A10057A27C,http://legislacion.asamblea.nacional.gob.ni/Normaweb.nsf/xpNormaJuridica.xsp?documentId=2D845CCC38B83584062570A10057A27C&action=openDocument,data\legislation\html\2D845CCC38B83584062570A10057A27C.html,"(Reformas al Decreto N°. 32-97, Reglamento General para el Control de Emisiones de los Vehículos Automotores de Nicaragua para el Control de Emisiones de los Vehículos Automotores de Nicaragua).",Decretos Ejecutivos,Medio Ambiente y Recursos Naturales,22-98,73,22/04/1998,Decreto,False,0,0,0,0,0,0,,,,
BEF9015A6C2F55B5062570A10057A2AB,http://legislacion.asamblea.nacional.gob.ni/Normaweb.nsf/xpNormaJuridica.xsp?documentId=BEF9015A6C2F55B5062570A10057A2AB&action=openDocument,data\legislation\html\BEF9015A6C2F55B5062570A10057A2AB.html,"(Prohibición sobre Corte de Madera Caoba, Cedro y Pochote)",Decretos Ejecutivos,Medio Ambiente y Recursos Naturales,35-98,79,30/04/1998,Decreto,False,0,0,0,0,0,0,,,,
8C3859127CC2B89B062570A10057A2D8,http://legislacion.asamblea.nacional.gob.ni/Normaweb.nsf/xpNormaJuridica.xsp?documentId=8C3859127CC2B89B062570A10057A2D8&action=openDocument,data\legislation\html\8C3859127CC2B89B062570A10057A2D8.html,MEDIDAS PARA PREVENIR INCENDIOS FORESTALES,Decretos Ejecutivos,Medio Ambiente y Recursos Naturales,37-98,105,08/06/1998,Decreto,False,0,0,0,0,0,0,,,,
1DB0BFC0A47F3277062570A10057A328,http://legislacion.asamblea.nacional.gob.ni/Normaweb.nsf/xpNormaJuridica.xsp?documentId=1DB0BFC0A47F3277062570A10057A328&action=openDocument,data\legislation\html\1DB0BFC0A47F3277062570A10057A328.html,Disposiciones para la Fijación de las Tarifas en el Sector de Agua Potable y Alcantarillado Sanitario,Decretos Ejecutivos,Medio Ambiente y Recursos Naturales,45-98,117,24/06/1998,Decreto,False,0,0,0,0,0,0,,,,
2F99D16DC3FBDC51062570A10057A333,http://legislacion.asamblea.nacional.gob.ni/Normaweb.nsf/xpNormaJuridica.xsp?documentId=2F99D16DC3FBDC51062570A10057A333&action=openDocument,data\legislation\html\2F99D16DC3FBDC51062570A10057A333.html,(Autorización a la Junta Directiva de la Empresa Nicaragüense de Acueductos y Alcantarillados Sanitario),Decretos Ejecutivos,Medio Ambiente y Recursos Naturales,47-98,121,30/06/1998,Decreto,False,0,0,0,0,0,0,,,,
DA8F6B5F05F26DBB062570AB005AFDB5,http://legislacion.asamblea.nacional.gob.ni/Normaweb.nsf/xpNormaJuridica.xsp?documentId=DA8F6B5F05F26DBB062570AB005AFDB5&action=openDocument,data\legislation\html\DA8F6B5F05F26DBB062570AB005AFDB5.html,LEY GENERAL DE SERVICIOS DE AGUA POTABLE Y ALCANTARILLADO SANITARIO,Leyes,Medio Ambiente y Recursos Naturales,297,123,02/07/1998,Ley,False,0,0,0,0,0,0,,,,
5475D9499422BE40062570B900759892,http://legislacion.asamblea.nacional.gob.ni/Normaweb.nsf/xpNormaJuridica.xsp?documentId=5475D9499422BE40062570B900759892&action=openDocument,data\legislation\html\5475D9499422BE40062570B900759892.html,DE APROBACIÓN DEL CONVENIO REGIONAL PARA EL MANEJO Y CONSERVACIÓN DE LOS ECOSISTEMAS NATURALES FORESTALES Y EL DESARROLLO DE PLANTACIONES FORESTALES,Decretos Legislativos,Medio Ambiente y Recursos Naturales,A.N. Nº. 1910,136,22/07/1998,Decreto,False,0,0,0,0,0,0,,,,
E4D11AD6DC29E5C3062570B6006D1E6A,http://legislacion.asamblea.nacional.gob.ni/Normaweb.nsf/xpNormaJuridica.xsp?documentId=E4D11AD6DC29E5C3062570B6006D1E6A&action=openDocument,data\legislation\html\E4D11AD6DC29E5C3062570B6006D1E6A.html,De Creación de la Comisión Nacional de Agua Potable y Alcantarillados Sanitarios,Decretos Ejecutivos,Medio Ambiente y Recursos Naturales,51-98,138,24/07/1998,Decreto,False,0,0,0,0,0,0,,,,
1BB61B6445932240062570B4007D470F,http://legislacion.asamblea.nacional.gob.ni/Normaweb.nsf/xpNormaJuridica.xsp?documentId=1BB61B6445932240062570B4007D470F&action=openDocument,data\legislation\html\1BB61B6445932240062570B4007D470F.html,Reglamento de la Ley General de Servicios de Agua Potable y Alcantarillado Sanitario,Decretos Ejecutivos,Medio Ambiente y Recursos Naturales,52-98,138,24/07/1998,Decreto,False,0,0,0,0,0,0,,,,
2225795ADAD762DF06257217006632B7,http://legislacion.asamblea.nacional.gob.ni/Normaweb.nsf/xpNormaJuridica.xsp?documentId=2225795ADAD762DF06257217006632B7&action=openDocument,data\legislation\html\2225795ADAD762DF06257217006632B7.html,Reglamento de Áreas Protegidas de Nicaragua,Decretos Ejecutivos,Medio Ambiente y Recursos Naturales,14-99,42 y 43,03/03/1999,Decreto,True,4,1,4,0,4,0,servicios ambientales,direct_es,ecosystem_services,1
F69107161AAE4A8B06257227005C29F9,http://legislacion.asamblea.nacional.gob.ni/Normaweb.nsf/xpNormaJuridica.xsp?documentId=F69107161AAE4A8B06257227005C29F9&action=openDocument,data\legislation\html\F69107161AAE4A8B06257227005C29F9.html,"(RATIFICAR EL ""CONVENIO REGIONAL PARA EL MANEJO Y CONSERVACIÓN DE LOS ECOSISTEMAS NATURALES FORESTALES Y EL DESARROLLO DE PLANTACIONES FORESTALES"")",Decretos Ejecutivos,Medio Ambiente y Recursos Naturales,39-99,68,14/04/1999,Decreto,False,0,0,0,0,0,0,,,,
4C69D8A476751D450625722E0063883C,http://legislacion.asamblea.nacional.gob.ni/Normaweb.nsf/xpNormaJuridica.xsp?documentId=4C69D8A476751D450625722E0063883C&action=openDocument,data\legislation\html\4C69D8A476751D450625722E0063883C.html,ACUERDO SOBRE EL PROGRAMA INTERNACIONAL PARA LA CONSERVACIÓN DE LOS DELFINES,Decretos Legislativos,Medio Ambiente y Recursos Naturales,A.N. N°. 2246,103,01/06/1999,Decreto,False,0,0,0,0,0,0,,,,
53F50C040EB687420625723A005BF322,http://legislacion.asamblea.nacional.gob.ni/Normaweb.nsf/xpNormaJuridica.xsp?documentId=53F50C040EB687420625723A005BF322&action=openDocument,data\legislation\html\53F50C040EB687420625723A005BF322.html,(DECLÁRASE DE UTILIDAD PÚBLICA EL PROGRAMA LABORATORIO NACIONAL DE RESIDUOS BIOLÓGICOS DEL MINISTERIO AGROPECUARIO Y FORESTAL),Decretos Ejecutivos,Medio Ambiente y Recursos Naturales,56-99,112,14/06/1999,Decreto,False,0,0,0,0,0,0,,,,
5F5A230633EB33290625723A00600179,http://legislacion.asamblea.nacional.gob.ni/Normaweb.nsf/xpNormaJuridica.xsp?documentId=5F5A230633EB33290625723A00600179&action=openDocument,data\legislation\html\5F5A230633EB33290625723A00600179.html,Actualización y Precisión de Categorías y Limites de las Áreas Protegidas Ubicadas en el Territorio del Sureste de Nicaragua,Decretos Ejecutivos,Medio Ambiente y Recursos Naturales,66-99,116,18/06/1999,Decreto,False,0,0,0,0,0,0,,,,
F44E6A9A8EF7E788062572440053D7C0,http://legislacion.asamblea.nacional.gob.ni/Normaweb.nsf/xpNormaJuridica.xsp?documentId=F44E6A9A8EF7E788062572440053D7C0&action=openDocument,data\legislation\html\F44E6A9A8EF7E788062572440053D7C0.html,Aprobacion al Protocolo de Kyoto de la Convencion Marco de las Naciones Unidas,Decretos Legislativos,Medio Ambiente y Recursos Naturales,A.N. Nº. 2295,133,13/07/1999,Decreto,False,0,0,0,0,0,0,,,,
F8E2C76D5815669B06257244005FEBB6,http://legislacion.asamblea.nacional.gob.ni/Normaweb.nsf/xpNormaJuridica.xsp?documentId=F8E2C76D5815669B06257244005FEBB6&action=openDocument,data\legislation\html\F8E2C76D5815669B06257244005FEBB6.html,Aprobación de Enmiendas de 1990 y 1992 al Protocolo de Montreal Relativo a las Sustancias Agotadoras de la Capa de Ozono,Decretos Legislativos,Medio Ambiente y Recursos Naturales,A.N. N°. 2303,135,15/07/1999,Decreto,False,0,0,0,0,0,0,,,,
9805D7981FC746AD062570A10057FE16,http://legislacion.asamblea.nacional.gob.ni/Normaweb.nsf/xpNormaJuridica.xsp?documentId=9805D7981FC746AD062570A10057FE16&action=openDocument,data\legislation\html\9805D7981FC746AD062570A10057FE16.html,(RATIFICAR EL PROTOCOLO DE KYOTO DE LA CONVENCIÓN MARCO DE LAS NACIONES UNIDAS SOBRE EL CAMBIO CLIMÁTICO),Decretos Ejecutivos,Medio Ambiente y Recursos Naturales,94-99,168,02/09/1999,Decreto,False,0,0,0,0,0,0,,,,
056E9174ED253EFA062570A10057FDCD,http://legislacion.asamblea.nacional.gob.ni/Normaweb.nsf/xpNormaJuridica.xsp?documentId=056E9174ED253EFA062570A10057FDCD&action=openDocument,data\legislation\html\056E9174ED253EFA062570A10057FDCD.html,(Ratificación a la Aprobación de Protocolo de Montreal),Decretos Ejecutivos,Medio Ambiente y Recursos Naturales,104-99,168,02/09/1999,Decreto,False,0,0,0,0,0,0,,,,
11218BA1C3E10522062570A10057FE0E,http://legislacion.asamblea.nacional.gob.ni/Normaweb.nsf/xpNormaJuridica.xsp?documentId=11218BA1C3E10522062570A10057FE0E&action=openDocument,data\legislation\html\11218BA1C3E10522062570A10057FE0E.html,(RATIFICACIÓN DEL ACUERDO PARA LA CONSERVACIÓN DE LOS DELFINES),Decretos Ejecutivos,Medio Ambiente y Recursos Naturales,91-99,168,02/09/1999,Decreto,False,0,0,0,0,0,0,,,,
A1FEBD8A6AA3F9410625714600542700,http://legislacion.asamblea.nacional.gob.ni/Normaweb.nsf/xpNormaJuridica.xsp?documentId=A1FEBD8A6AA3F9410625714600542700&action=openDocument,data\legislation\html\A1FEBD8A6AA3F9410625714600542700.html,(SE EXPIDE EL CONVENIO REGIONAL PARA EL MANEJO Y LA CONSERVACIÓN DE LOS ECOSISTEMAS NATURALES FORESTALES Y EL DESARROLLO DE PLANTACIONES FORESTALES),Decretos Ejecutivos,Medio Ambiente y Recursos Naturales,S/N,14,20/01/2000,Decreto,False,0,0,0,0,0,0,,,,
DCF9E12B4D9897CF0625725A004F9EFE,http://legislacion.asamblea.nacional.gob.ni/Normaweb.nsf/xpNormaJuridica.xsp?documentId=DCF9E12B4D9897CF0625725A004F9EFE&action=openDocument,data\legislation\html\DCF9E12B4D9897CF0625725A004F9EFE.html,"De Creación de la Comisión Interinstitucional para la Conservación, Protección y Vigilancia de las Reservas de Biosfera de Bosawas y del Sureste de Nicaragua",Decretos Ejecutivos,Medio Ambiente y Recursos Naturales,71-2000,160,24/08/2000,Decreto,False,0,0,0,0,0,0,,,,
14D2C21BE4B13700062570A100580BF1,http://legislacion.asamblea.nacional.gob.ni/Normaweb.nsf/xpNormaJuridica.xsp?documentId=14D2C21BE4B13700062570A100580BF1&action=openDocument,data\legislation\html\14D2C21BE4B13700062570A100580BF1.html,Reglamento para el Control de Sustancias que Agotan la Capa de Ozono,Reglamentos,Medio Ambiente y Recursos Naturales,91-2000,174,13/09/2000,Reglamento,False,0,0,0,0,0,0,,,,
9EBCBDBC7325DF9D06257261005D1E28,http://legislacion.asamblea.nacional.gob.ni/Normaweb.nsf/xpNormaJuridica.xsp?documentId=9EBCBDBC7325DF9D06257261005D1E28&action=openDocument,data\legislation\html\9EBCBDBC7325DF9D06257261005D1E28.html,(Declarar Situación de Desastre Natural las Zonas Norte y Occidente del País),Decretos Ejecutivos,Medio Ambiente y Recursos Naturales,104-2000,186,03/10/2000,Decreto,False,0,0,0,0,0,0,,,,
C1822E8B4F9DFBAF062570A100580C36,http://legislacion.asamblea.nacional.gob.ni/Normaweb.nsf/xpNormaJuridica.xsp?documentId=C1822E8B4F9DFBAF062570A100580C36&action=openDocument,data\legislation\html\C1822E8B4F9DFBAF062570A100580C36.html,"(Ampliar la Declaración de Situación de Desastre Natural a los Departamentos de Granada, Rivas y las Regiones Autónomas del Atlántico Norte y Sur).",Decretos Ejecutivos,Medio Ambiente y Recursos Naturales,106-2000,194,13/10/2000,Decreto,False,0,0,0,0,0,0,,,,
92959331CBD9D177062570A100580C62,http://legislacion.asamblea.nacional.gob.ni/Normaweb.nsf/xpNormaJuridica.xsp?documentId=92959331CBD9D177062570A100580C62&action=openDocument,data\legislation\html\92959331CBD9D177062570A100580C62.html,(Deroga y Reformas Varios Artículos del Reglamento de Áreas Protegidas de Nicaragua),Decretos Ejecutivos,Medio Ambiente y Recursos Naturales,113-2000,236,13/12/2000,Decreto,False,0,0,0,0,0,0,,,,
89068579BAF511E5062570A600647E7F,http://legislacion.asamblea.nacional.gob.ni/Normaweb.nsf/xpNormaJuridica.xsp?documentId=89068579BAF511E5062570A600647E7F&action=openDocument,data\legislation\html\89068579BAF511E5062570A600647E7F.html,Establece la Política Ambiental y Aprueba el Plan Ambiental de Nicaragua 2001-2005,Decretos Ejecutivos,Medio Ambiente y Recursos Naturales,25-2001,44,02/03/2001,Decreto,True,13,4,12,1,12,1,bienes y servicios ambientales; funciones ambientales; pago por servicios ambientales; servicios ambientales,direct_es; economic_instruments,ecosystem_functions; ecosystem_services; payments,1; 2
84EE0CBE02D1B904062570A100580DCC,http://legislacion.asamblea.nacional.gob.ni/Normaweb.nsf/xpNormaJuridica.xsp?documentId=84EE0CBE02D1B904062570A100580DCC&action=openDocument,data\legislation\html\84EE0CBE02D1B904062570A100580DCC.html,Que Establece las Políticas de Desarrollo Forestal de Nicaragua,Decretos Ejecutivos,Medio Ambiente y Recursos Naturales,50-2001,88,11/05/2001,Decreto,True,2,2,1,1,1,1,pago por servicios ambientales; servicios ambientales,direct_es; economic_instruments,ecosystem_services; payments,1; 2
1E0C956C9ED7B918062570A100580E75,http://legislacion.asamblea.nacional.gob.ni/Normaweb.nsf/xpNormaJuridica.xsp?documentId=1E0C956C9ED7B918062570A100580E75&action=openDocument,data\legislation\html\1E0C956C9ED7B918062570A100580E75.html,"""Creación de Unidades de Gestión Ambiental""",Decretos Ejecutivos,Medio Ambiente y Recursos Naturales,68-2001,144,31/07/2001,Decreto,False,0,0,0,0,0,0,,,,
88007CDEC154BAAF062570A100580E97,http://legislacion.asamblea.nacional.gob.ni/Normaweb.nsf/xpNormaJuridica.xsp?documentId=88007CDEC154BAAF062570A100580E97&action=openDocument,data\legislation\html\88007CDEC154BAAF062570A100580E97.html,"De Reforma al Decreto N°. 91-2000, Denominado Reglamento para el Control de Sustancias que Agotan la Capa de Ozono",Decretos Ejecutivos,Medio Ambiente y Recursos Naturales,75-2001,155,17/08/2001,Decreto,False,0,0,0,0,0,0,,,,
6856F99B6AE5E1C2062570A100580EDE,http://legislacion.asamblea.nacional.gob.ni/Normaweb.nsf/xpNormaJuridica.xsp?documentId=6856F99B6AE5E1C2062570A100580EDE&action=openDocument,data\legislation\html\6856F99B6AE5E1C2062570A100580EDE.html,QUE DECLARA EL ESTADO DE DESASTRE AMBIENTAL EN EL DEPARTAMENTO DE NUEVA SEGOVIA,Decretos Ejecutivos,Medio Ambiente y Recursos Naturales,93-2001,187,03/10/2001,Decreto,False,0,0,0,0,0,0,,,,
A687D23D710D0221062570A100580ECF,http://legislacion.asamblea.nacional.gob.ni/Normaweb.nsf/xpNormaJuridica.xsp?documentId=A687D23D710D0221062570A100580ECF&action=openDocument,data\legislation\html\A687D23D710D0221062570A100580ECF.html,Reglamento del Fondo Nacional del Ambiente,Decretos Ejecutivos,Medio Ambiente y Recursos Naturales,91-2001,195,15/10/2001,Decreto,False,0,0,0,0,0,0,,,,
39D4925A4E5F3E14062570A10058122E,http://legislacion.asamblea.nacional.gob.ni/Normaweb.nsf/xpNormaJuridica.xsp?documentId=39D4925A4E5F3E14062570A10058122E&action=openDocument,data\legislation\html\39D4925A4E5F3E14062570A10058122E.html,Ley de Tasas por Aprovechamiento y Servicios Forestales,Leyes,Medio Ambiente y Recursos Naturales,402,199,19/10/2001,Ley,False,0,0,0,0,0,0,,,,
EF150A15F2259465062570A100580F3D,http://legislacion.asamblea.nacional.gob.ni/Normaweb.nsf/xpNormaJuridica.xsp?documentId=EF150A15F2259465062570A100580F3D&action=openDocument,data\legislation\html\EF150A15F2259465062570A100580F3D.html,“ESTABLECE LOS LINEAMIENTOS DE POLÍTICAS PARA EL USO SOSTENIBLE DE LOS RECURSOS PESQUEROS Y ACUÍCOLAS”,Decretos Ejecutivos,Medio Ambiente y Recursos Naturales,100-2001,219,19/11/2001,Decreto,False,0,0,0,0,0,0,,,,
8EF13C9151671220062570A100581043,http://legislacion.asamblea.nacional.gob.ni/Normaweb.nsf/xpNormaJuridica.xsp?documentId=8EF13C9151671220062570A100581043&action=openDocument,data\legislation\html\8EF13C9151671220062570A100581043.html,Que Establece la Política Nacional de los Recursos Hídricos,Decretos Ejecutivos,Medio Ambiente y Recursos Naturales,107-2001,233,07/12/2001,Decreto,False,0,0,0,0,0,0,,,,
276ABF1F6374C9F2062570AE0052D6AA,http://legislacion.asamblea.nacional.gob.ni/Normaweb.nsf/xpNormaJuridica.xsp?documentId=276ABF1F6374C9F2062570AE0052D6AA&action=openDocument,data\legislation\html\276ABF1F6374C9F2062570AE0052D6AA.html,Ley que Declara y Define la Reserva de Bosawas,Leyes,Medio Ambiente y Recursos Naturales,407,244,24/12/2001,Ley,False,0,0,0,0,0,0,,,,
E5546F08066E839F062570A100581949,http://legislacion.asamblea.nacional.gob.ni/Normaweb.nsf/xpNormaJuridica.xsp?documentId=E5546F08066E839F062570A100581949&action=openDocument,data\legislation\html\E5546F08066E839F062570A100581949.html,"(Reforma al Artículo N°. 42 del Decreto. 33-95, (Disposiciones para el Control de la Contaminación Provenientes de las Descargas de Aguas Residuales Domésticas, Industriales y Agropecuarias)",Decretos Ejecutivos,Medio Ambiente y Recursos Naturales,7-2002,22,01/02/2002,Decreto,False,0,0,0,0,0,0,,,,
2CA825FB2C9A2B14062570A100581B9A,http://legislacion.asamblea.nacional.gob.ni/Normaweb.nsf/xpNormaJuridica.xsp?documentId=2CA825FB2C9A2B14062570A100581B9A&action=openDocument,data\legislation\html\2CA825FB2C9A2B14062570A100581B9A.html,Decreto de Aprobación del Protocolo de Cartagena sobre Seguridad de la Biotecnología del Convenio de Diversidad Biológica y sus Anexos,Decretos Legislativos,Medio Ambiente y Recursos Naturales,A.N. Nº. 3248,56,21/03/2002,Decreto,False,0,0,0,0,0,0,,,,
1A23A4298760F2D5062570A1005781DD,http://legislacion.asamblea.nacional.gob.ni/Normaweb.nsf/xpNormaJuridica.xsp?documentId=1A23A4298760F2D5062570A1005781DD&action=openDocument,data\legislation\html\1A23A4298760F2D5062570A1005781DD.html,De Creación de la Oficina Nacional de Desarrollo Limpio,Decretos Ejecutivos,Medio Ambiente y Recursos Naturales,21-2002,56,21/03/2002,Decreto,False,0,0,0,0,0,0,,,,
89436DD30CA2DCDF062570F9005B113B,http://legislacion.asamblea.nacional.gob.ni/Normaweb.nsf/xpNormaJuridica.xsp?documentId=89436DD30CA2DCDF062570F9005B113B&action=openDocument,data\legislation\html\89436DD30CA2DCDF062570F9005B113B.html,Para la Administración del Sistema de Permiso y Evaluación de Impacto Ambiental en las Regiones Autónomas de la Costa Atlántica,Decretos Ejecutivos,Medio Ambiente y Recursos Naturales,36-2002,67,12/04/2002,Decreto,False,0,0,0,0,0,0,,,,
735A4EF5D3322A2B062570A100581A03,http://legislacion.asamblea.nacional.gob.ni/Normaweb.nsf/xpNormaJuridica.xsp?documentId=735A4EF5D3322A2B062570A100581A03&action=openDocument,data\legislation\html\735A4EF5D3322A2B062570A100581A03.html,REGULACIÓN DEL RÉGIMEN DE RETENCIÓN EN LA FUENTE A LA EXPLOTACIÓN DE MADERAS,Decretos Ejecutivos,Medio Ambiente y Recursos Naturales,40-2002,76,25/04/2002,Decreto,False,0,0,0,0,0,0,,,,
2FAA8923402F7CE3062570A10058511D,http://legislacion.asamblea.nacional.gob.ni/Normaweb.nsf/xpNormaJuridica.xsp?documentId=2FAA8923402F7CE3062570A10058511D&action=openDocument,data\legislation\html\2FAA8923402F7CE3062570A10058511D.html,RATIFICAR EL PROTOCOLO DE CARTAGENA SOBRE SEGURIDAD DE LA BIOTECNOLOGÍA DEL CONVENIO DE DIVERSIDAD BIOLÓGICA Y SUS ANEXOS,Decretos Ejecutivos,Medio Ambiente y Recursos Naturales,63-2002,121,28/06/2002,Decreto,False,0,0,0,0,0,0,,,,
0F8604F2F47B7547062570D600570B31,http://legislacion.asamblea.nacional.gob.ni/Normaweb.nsf/xpNormaJuridica.xsp?documentId=0F8604F2F47B7547062570D600570B31&action=openDocument,data\legislation\html\0F8604F2F47B7547062570D600570B31.html,De Aprobación del Convenio de Cartagena para la Protección y Desarrollo del Medio Marino en la Región del Gran Caribe,Decretos Legislativos,Medio Ambiente y Recursos Naturales,A.N. N°. 3320,206,30/10/2002,Decreto,False,0,0,0,0,0,0,,,,
2524543C719C53230625711B00508B5F,http://legislacion.asamblea.nacional.gob.ni/Normaweb.nsf/xpNormaJuridica.xsp?documentId=2524543C719C53230625711B00508B5F&action=openDocument,data\legislation\html\2524543C719C53230625711B00508B5F.html,De adhesión al Convenio Internacional para la Reglamentación de la Caza de la Ballena,Decretos Ejecutivos,Medio Ambiente y Recursos Naturales,108-2002,240,18/12/2002,Decreto,False,0,0,0,0,0,0,,,,
5F7393256304016E0625721100506D1D,http://legislacion.asamblea.nacional.gob.ni/Normaweb.nsf/xpNormaJuridica.xsp?documentId=5F7393256304016E0625721100506D1D&action=openDocument,data\legislation\html\5F7393256304016E0625721100506D1D.html,"Se Reforma el Decreto N°. 6-96, Creación del Parque Histórico Nacional Loma de Tiscapa)",Decretos Ejecutivos,Medio Ambiente y Recursos Naturales,35-2003,74,22/04/2003,Decreto,False,0,0,0,0,0,0,,,,
6980982F53AFB26A062572130063E11F,http://legislacion.asamblea.nacional.gob.ni/Normaweb.nsf/xpNormaJuridica.xsp?documentId=6980982F53AFB26A062572130063E11F&action=openDocument,data\legislation\html\6980982F53AFB26A062572130063E11F.html,"De Reformas y Adición al Decreto No. 45-98, Disposiciones para la Fijación de Tarifas en el Sector de Agua Potable y Alcantarillado Sanitario",Decretos Ejecutivos,Medio Ambiente y Recursos Naturales,42-2003,95,23/05/2003,Decreto,False,0,0,0,0,0,0,,,,
70215197367E320B062572140055C22A,http://legislacion.asamblea.nacional.gob.ni/Normaweb.nsf/xpNormaJuridica.xsp?documentId=70215197367E320B062572140055C22A&action=openDocument,data\legislation\html\70215197367E320B062572140055C22A.html,De Aprobación de la Adhesión al Convenio Internacional para la Reglamentación de la Caza de la Ballena,Decretos Legislativos,Medio Ambiente y Recursos Naturales,A.N. N°. 3569,98,28/05/2003,Decreto,False,0,0,0,0,0,0,,,,
4D92EC09C7838B2B0625722C005CEB50,http://legislacion.asamblea.nacional.gob.ni/Normaweb.nsf/xpNormaJuridica.xsp?documentId=4D92EC09C7838B2B0625722C005CEB50&action=openDocument,data\legislation\html\4D92EC09C7838B2B0625722C005CEB50.html,Ley de Suspensión de Concesiones de Uso de Aguas,Leyes,Medio Ambiente y Recursos Naturales,440,150,11/08/2003,Ley,False,0,0,0,0,0,0,,,,
376155B1768A24B70625723300578EDA,http://legislacion.asamblea.nacional.gob.ni/Normaweb.nsf/xpNormaJuridica.xsp?documentId=376155B1768A24B70625723300578EDA&action=openDocument,data\legislation\html\376155B1768A24B70625723300578EDA.html,"Ley de Conservación, Fomento y Desarrollo Sostenible del Sector Forestal",Leyes,Medio Ambiente y Recursos Naturales,462,168,04/09/2003,Ley,True,1,1,1,0,1,0,servicios ambientales,direct_es,ecosystem_services,1
13AD1187FD18B6FB0625723600641E71,http://legislacion.asamblea.nacional.gob.ni/Normaweb.nsf/xpNormaJuridica.xsp?documentId=13AD1187FD18B6FB0625723600641E71&action=openDocument,data\legislation\html\13AD1187FD18B6FB0625723600641E71.html,De Creación del Comité Directivo Nacional para la Modernización de la Unidad Coordinadora del programa Socio– Ambiental y de Desarrollo Forestal II (POSAF II),Decretos Ejecutivos,Medio Ambiente y Recursos Naturales,65-2003,196,16/10/2003,Decreto,False,0,0,0,0,0,0,,,,
BA58507A747A5A94062572370068596F,http://legislacion.asamblea.nacional.gob.ni/Normaweb.nsf/xpNormaJuridica.xsp?documentId=BA58507A747A5A94062572370068596F&action=openDocument,data\legislation\html\BA58507A747A5A94062572370068596F.html,"Reglamento de la Ley No. 462, Ley de Conservación, Fomento y Desarrollo Sostenible del Sector Forestal",Decretos Ejecutivos,Medio Ambiente y Recursos Naturales,73-2003,208,03/11/2003,Decreto,True,3,2,2,1,2,1,pago por servicios ambientales; servicios ambientales,direct_es; economic_instruments,ecosystem_services; payments,1; 2
96F84DCD18EDD95A0625723B00615816,http://legislacion.asamblea.nacional.gob.ni/Normaweb.nsf/xpNormaJuridica.xsp?documentId=96F84DCD18EDD95A0625723B00615816&action=openDocument,data\legislation\html\96F84DCD18EDD95A0625723B00615816.html,De Establecimiento de las Disposiciones que Regulan las Descargas de Aguas Residuales Domésticas Provenientes de los Sistemas de Tratamiento en el Lago Xolotlán,Decretos Ejecutivos,Medio Ambiente y Recursos Naturales,77-2003,218,17/11/2003,Decreto,False,0,0,0,0,0,0,,,,
AF61E0059FF0F4910625724100585176,http://legislacion.asamblea.nacional.gob.ni/Normaweb.nsf/xpNormaJuridica.xsp?documentId=AF61E0059FF0F4910625724100585176&action=openDocument,data\legislation\html\AF61E0059FF0F4910625724100585176.html,De Establecimiento de la Política Nacional de Humedales,Decretos Ejecutivos,Medio Ambiente y Recursos Naturales,78-2003,220,19/11/2003,Decreto,True,5,4,4,1,4,1,bienes y servicios ambientales; funciones ecológicas; incentivos para la conservación; servicios ambientales,direct_es; economic_instruments,ecosystem_functions; ecosystem_services; incentives,1; 2
E5D448BE4048BC860625724100585169,http://legislacion.asamblea.nacional.gob.ni/Normaweb.nsf/xpNormaJuridica.xsp?documentId=E5D448BE4048BC860625724100585169&action=openDocument,data\legislation\html\E5D448BE4048BC860625724100585169.html,"Decreto de Reforma al Decreto N°. 51-98, De Creación de la Comisión Nacional de Agua Potable y Alcantarillado Sanitario",Decretos Ejecutivos,Medio Ambiente y Recursos Naturales,75-2003,220,19/11/2003,Decreto,False,0,0,0,0,0,0,,,,
29FCC67B3F5395C4062572570054DEF8,http://legislacion.asamblea.nacional.gob.ni/Normaweb.nsf/xpNormaJuridica.xsp?documentId=29FCC67B3F5395C4062572570054DEF8&action=openDocument,data\legislation\html\29FCC67B3F5395C4062572570054DEF8.html,Ley de Reforma a la Ley de Creación de la Empresa Nicaragüense de Acueductos y Alcantarillados Sanitarios,Leyes,Medio Ambiente y Recursos Naturales,479,245,26/12/2003,Ley,False,0,0,0,0,0,0,,,,
1D40FF3920CE9162062570A100583701,http://legislacion.asamblea.nacional.gob.ni/Normaweb.nsf/xpNormaJuridica.xsp?documentId=1D40FF3920CE9162062570A100583701&action=openDocument,data\legislation\html\1D40FF3920CE9162062570A100583701.html,"Ley de Reforma a la Ley N°. 462, Ley de Conservación, Fomento y Desarrollo Sostenible del Sector Forestal",Leyes,Medio Ambiente y Recursos Naturales,487,87,05/05/2004,Ley,False,0,0,0,0,0,0,,,,
40659C1E1692D859062570A1005836EE,http://legislacion.asamblea.nacional.gob.ni/Normaweb.nsf/xpNormaJuridica.xsp?documentId=40659C1E1692D859062570A1005836EE&action=openDocument,data\legislation\html\40659C1E1692D859062570A1005836EE.html,"Actualización de Categorías y Precisión de Limites del Área conocida como el Chocoyero – El Brujo, Ubicada en el Municipio de la Concepción, Departamento de Masaya.",Decretos Ejecutivos,Medio Ambiente y Recursos Naturales,037-2004,105,31/05/2004,Decreto,False,0,0,0,0,0,0,,,,
D9CA84D924499981062570A100583549,http://legislacion.asamblea.nacional.gob.ni/Normaweb.nsf/xpNormaJuridica.xsp?documentId=D9CA84D924499981062570A100583549&action=openDocument,data\legislation\html\D9CA84D924499981062570A100583549.html,APROBACIÓN DEL NUEVO CONVENIO CONSTITUTIVO DEL CENTRO DE COORDINACIÓN PARA LA PREVENCIÓN DE LOS DESASTRES NATURALES EN AMÉRICA CENTRAL (CEPREDENAC),Decretos Legislativos,Medio Ambiente y Recursos Naturales,A.N. N°. 3924,134,09/07/2004,Decreto,False,0,0,0,0,0,0,,,,
37604CFB8CC3C0C2062570A100584387,http://legislacion.asamblea.nacional.gob.ni/Normaweb.nsf/xpNormaJuridica.xsp?documentId=37604CFB8CC3C0C2062570A100584387&action=openDocument,data\legislation\html\37604CFB8CC3C0C2062570A100584387.html,RATIFICAR EL NUEVO CONVENIO CONSULTIVO DEL CENTRO DE COORDINACIÒN PARA LA PREVENCIÒN DE LOS DESASTRES NATURALES EN AMÉRICA CENTRAL (CEPREDENAC),Decretos Ejecutivos,Medio Ambiente y Recursos Naturales,088-2004,169,30/08/2004,Decreto,False,0,0,0,0,0,0,,,,
7F58EDF2A2215B82062570A100584A58,http://legislacion.asamblea.nacional.gob.ni/Normaweb.nsf/xpNormaJuridica.xsp?documentId=7F58EDF2A2215B82062570A100584A58&action=openDocument,data\legislation\html\7F58EDF2A2215B82062570A100584A58.html,Ratificación del Convenio para la Protección y el Desarrollo del Medio Marino en la Región del Gran Caribe y su Protocolo Anexo,Decretos Ejecutivos,Medio Ambiente y Recursos Naturales,6-2005,23,02/02/2005,Decreto,False,0,0,0,0,0,0,,,,
352C574FA5E83D24062570A4005AE5A4,http://legislacion.asamblea.nacional.gob.ni/Normaweb.nsf/xpNormaJuridica.xsp?documentId=352C574FA5E83D24062570A4005AE5A4&action=openDocument,data\legislation\html\352C574FA5E83D24062570A4005AE5A4.html,De Creación del Comité Nacional del Hombre y la Biósfera,Decretos Ejecutivos,Medio Ambiente y Recursos Naturales,8-2005,37,22/02/2005,Decreto,True,2,2,2,0,2,0,bienes y servicios ambientales; servicios ambientales,direct_es,ecosystem_services,1
D132318726051846062570AB0064017D,http://legislacion.asamblea.nacional.gob.ni/Normaweb.nsf/xpNormaJuridica.xsp?documentId=D132318726051846062570AB0064017D&action=openDocument,data\legislation\html\D132318726051846062570AB0064017D.html,Política Nacional sobre Gestión Integral de Residuos Sólidos,Decretos Ejecutivos,Medio Ambiente y Recursos Naturales,47-2005,163,23/08/2005,Decreto,False,0,0,0,0,0,0,,,,
C9DFF3CF611820C5062570F1005A72FE,http://legislacion.asamblea.nacional.gob.ni/Normaweb.nsf/xpNormaJuridica.xsp?documentId=C9DFF3CF611820C5062570F1005A72FE&action=openDocument,data\legislation\html\C9DFF3CF611820C5062570F1005A72FE.html,De Política Nacional para la Gestión Integral de Sustancias y Residuos Peligrosos,Decretos Ejecutivos,Medio Ambiente y Recursos Naturales,91-2005,230,28/11/2005,Decreto,False,0,0,0,0,0,0,,,,
D7DCC04BC30C1808062570F8006F40E9,http://legislacion.asamblea.nacional.gob.ni/Normaweb.nsf/xpNormaJuridica.xsp?documentId=D7DCC04BC30C1808062570F8006F40E9&action=openDocument,data\legislation\html\D7DCC04BC30C1808062570F8006F40E9.html,Se Reforma el Artículo 108 del Decreto No. 73-2003,Decretos Ejecutivos,Medio Ambiente y Recursos Naturales,95-2005,235,05/12/2005,Decreto,False,0,0,0,0,0,0,,,,
C4F956A3FB3DF5CB062571230058EBD6,http://legislacion.asamblea.nacional.gob.ni/Normaweb.nsf/xpNormaJuridica.xsp?documentId=C4F956A3FB3DF5CB062571230058EBD6&action=openDocument,data\legislation\html\C4F956A3FB3DF5CB062571230058EBD6.html,Reforma al Artículo 107 del Decreto No. 73-2003,Decretos Ejecutivos,Medio Ambiente y Recursos Naturales,99-2005,249,26/12/2005,Decreto,False,0,0,0,0,0,0,,,,
34EE0AA530C95250062570F80071CAFE,http://legislacion.asamblea.nacional.gob.ni/Normaweb.nsf/xpNormaJuridica.xsp?documentId=34EE0AA530C95250062570F80071CAFE&action=openDocument,data\legislation\html\34EE0AA530C95250062570F80071CAFE.html,"Reglamento de Procedimientos para el Establecimiento, la Obtención y Aplicación de los Incentivos para el Desarrollo Forestal",Decretos Ejecutivos,Medio Ambiente y Recursos Naturales,104-2005,250,27/12/2005,Decreto,False,0,0,0,0,0,0,,,,
AE2DE1FC09F1A3EE062575610055962C,http://legislacion.asamblea.nacional.gob.ni/Normaweb.nsf/xpNormaJuridica.xsp?documentId=AE2DE1FC09F1A3EE062575610055962C&action=openDocument,data\legislation\html\AE2DE1FC09F1A3EE062575610055962C.html,Disposiciones que Regulan las Concesiones Forestales,Decretos Ejecutivos,Medio Ambiente y Recursos Naturales,106-2005,4,05/01/2006,Decreto,False,0,0,0,0,0,0,,,,
FD6C83606D97D13D0625755F007A5BBD,http://legislacion.asamblea.nacional.gob.ni/Normaweb.nsf/xpNormaJuridica.xsp?documentId=FD6C83606D97D13D0625755F007A5BBD&action=openDocument,data\legislation\html\FD6C83606D97D13D0625755F007A5BBD.html,Política Nacional de Producción Más Limpia,Decretos Ejecutivos,Medio Ambiente y Recursos Naturales,22-2006,68,05/04/2006,Decreto,False,0,0,0,0,0,0,,,,
7AF3D5A2687B48940625755B0076A8DD,http://legislacion.asamblea.nacional.gob.ni/Normaweb.nsf/xpNormaJuridica.xsp?documentId=7AF3D5A2687B48940625755B0076A8DD&action=openDocument,data\legislation\html\7AF3D5A2687B48940625755B0076A8DD.html,"Ley de Veda para el Corte, Aprovechamiento y Comercialización del Recurso Forestal",Leyes,Medio Ambiente y Recursos Naturales,585,120,21/06/2006,Ley,False,0,0,0,0,0,0,,,,
A51EEFC69FE9A6F9062575610074E57D,http://legislacion.asamblea.nacional.gob.ni/Normaweb.nsf/xpNormaJuridica.xsp?documentId=A51EEFC69FE9A6F9062575610074E57D&action=openDocument,data\legislation\html\A51EEFC69FE9A6F9062575610074E57D.html,"DE APROBACIÓN DEL ACUERDO ENTRE LOS GOBIERNOS DE COSTA RICA, REPÚBLICA DOMINICANA, EL SALVADOR, GUATEMALA, HONDURAS, NICARAGUA Y ESTADOS UNIDOS DE AMÉRICA SOBRE COOPERACIÓN AMBIENTAL",Decretos Legislativos,Medio Ambiente y Recursos Naturales,A.N. N°. 4841,205,23/10/2006,Decreto,False,0,0,0,0,0,0,,,,
DFFECADAAFB862BB06257561005487D9,http://legislacion.asamblea.nacional.gob.ni/Normaweb.nsf/xpNormaJuridica.xsp?documentId=DFFECADAAFB862BB06257561005487D9&action=openDocument,data\legislation\html\DFFECADAAFB862BB06257561005487D9.html,"RATIFICACIÓN DEL ACUERDO ENTRE LOS GOBIERNOS DE COSTA RICA, REPÚBLICA DOMINICANA, EL SALVADOR, GUATEMALA, HONDURAS, NICARAGUA Y ESTADOS UNIDOS DE AMÉRICA SOBRE COOPERACIÓN AMBIENTAL",Decretos Ejecutivos,Medio Ambiente y Recursos Naturales,71-2006,226,21/11/2006,Decreto,False,0,0,0,0,0,0,,,,
C455D6FC8B19E4C20625755B0077E4C7,http://legislacion.asamblea.nacional.gob.ni/Normaweb.nsf/xpNormaJuridica.xsp?documentId=C455D6FC8B19E4C20625755B0077E4C7&action=openDocument,data\legislation\html\C455D6FC8B19E4C20625755B0077E4C7.html,Ley que Declara Área Protegida en la Categoría de Monumento Nacional al “Cañón De Somoto”,Leyes,Medio Ambiente y Recursos Naturales,605,240,12/12/2006,Ley,False,0,0,0,0,0,0,,,,
F50AA5050021398506257561005459E4,http://legislacion.asamblea.nacional.gob.ni/Normaweb.nsf/xpNormaJuridica.xsp?documentId=F50AA5050021398506257561005459E4&action=openDocument,data\legislation\html\F50AA5050021398506257561005459E4.html,Sistema de Evaluación Ambiental.,Decretos Ejecutivos,Medio Ambiente y Recursos Naturales,76-2006,248,22/12/2006,Decreto,False,0,0,0,0,0,0,,,,
33CA55EBEAEC13C6062572A0006C725A,http://legislacion.asamblea.nacional.gob.ni/Normaweb.nsf/xpNormaJuridica.xsp?documentId=33CA55EBEAEC13C6062572A0006C725A&action=openDocument,data\legislation\html\33CA55EBEAEC13C6062572A0006C725A.html,Reglamento de Áreas Protegidas de Nicaragua,Decretos Ejecutivos,Medio Ambiente y Recursos Naturales,01-2007,8,11/01/2007,Decreto,True,4,2,4,0,4,0,bienes y servicios ambientales; servicios ambientales,direct_es,ecosystem_services,1
B9EFB1B635EFF9F60625735A00555605,http://legislacion.asamblea.nacional.gob.ni/Normaweb.nsf/xpNormaJuridica.xsp?documentId=B9EFB1B635EFF9F60625735A00555605&action=openDocument,data\legislation\html\B9EFB1B635EFF9F60625735A00555605.html,DE APROBACIÓN DEL ACUERDO DE ASISTENCIA TÉCNICA SOBRE SEGURIDAD MARÍTIMA Y PROTECCIÓN DEL MEDIO ACUÁTICO ENTRE EL GOBIERNO DE LA REPÚBLICA DE NICARAGUA Y EL GOBIERNO DE LA REPÚBLICA DEL PERÚ,Decretos Legislativos,Medio Ambiente y Recursos Naturales,A.N. N°. 4961,12,17/01/2007,Decreto,False,0,0,0,0,0,0,,,,
9E880233EB4F5AB40625728E006113C9,http://legislacion.asamblea.nacional.gob.ni/Normaweb.nsf/xpNormaJuridica.xsp?documentId=9E880233EB4F5AB40625728E006113C9&action=openDocument,data\legislation\html\9E880233EB4F5AB40625728E006113C9.html,De Aprobación de la Convención Sobre la Prohibición de Utilizar Técnicas de Modificación Ambiental con Fines Militares u Otros Fines Hostiles (ENMOD),Decretos Legislativos,Medio Ambiente y Recursos Naturales,A.N. N°. 4969,13,18/01/2007,Decreto,False,0,0,0,0,0,0,,,,
28BCB890C35374DE062572A0006F5116,http://legislacion.asamblea.nacional.gob.ni/Normaweb.nsf/xpNormaJuridica.xsp?documentId=28BCB890C35374DE062572A0006F5116&action=openDocument,data\legislation\html\28BCB890C35374DE062572A0006F5116.html,"Establecimiento del Mecanismo para la Recepción, Consideración y Respuesta de las Comunicaciones del Público Relativas a la Implementación de las Obligaciones Ambientales Establecidas en el Capítulo Ambiental del CAFTA-DR",Decretos Ejecutivos,Medio Ambiente y Recursos Naturales,22-2007,43,01/03/2007,Decreto,False,0,0,0,0,0,0,,,,
3E59BCA1B424FF55062572C100592E22,http://legislacion.asamblea.nacional.gob.ni/Normaweb.nsf/xpNormaJuridica.xsp?documentId=3E59BCA1B424FF55062572C100592E22&action=openDocument,data\legislation\html\3E59BCA1B424FF55062572C100592E22.html,"Reforma al Decreto N° 01-2007, Reglamento de Áreas Protegidas de Nicaragua",Decretos Ejecutivos,Medio Ambiente y Recursos Naturales,26-2007,63,29/03/2007,Decreto,False,0,0,0,0,0,0,,,,
49656CED3A0C3C5F062572F8005E8FE9,http://legislacion.asamblea.nacional.gob.ni/Normaweb.nsf/xpNormaJuridica.xsp?documentId=49656CED3A0C3C5F062572F8005E8FE9&action=openDocument,data\legislation\html\49656CED3A0C3C5F062572F8005E8FE9.html,DE RATIFICACIÓN DE LA CONVENCIÓN SOBRE LA PROHIBICIÓN DE UTILIZAR TÉCNICAS DE MODIFICACIÓN AMBIENTAL CON FINES MILITARES U OTROS FINES HOSTILES (ENMOD),Decretos Ejecutivos,Medio Ambiente y Recursos Naturales,43-2007,104,04/06/2007,Decreto,False,0,0,0,0,0,0,,,,
CE502F6902A7D33B062572FA0075E2D9,http://legislacion.asamblea.nacional.gob.ni/Normaweb.nsf/xpNormaJuridica.xsp?documentId=CE502F6902A7D33B062572FA0075E2D9&action=openDocument,data\legislation\html\CE502F6902A7D33B062572FA0075E2D9.html,DE RATIFICACIÓN DEL ACUERDO DE ASISTENCIA TÉCNICA SOBRE SEGURIDAD MARÍTIMA Y PROTECCIÓN DEL MEDIO ACUÁTICO SUSCRITO ENTRE EL GOBIERNO DE LA REPÚBLICA DE NICARAGUA Y EL GOBIERNO DE LA REPÚBLICA DEL PERÚ,Decretos Ejecutivos,Medio Ambiente y Recursos Naturales,39-2007,106,06/06/2007,Decreto,False,0,0,0,0,0,0,,,,
C5DC821BBED99F30062573440066ED10,http://legislacion.asamblea.nacional.gob.ni/Normaweb.nsf/xpNormaJuridica.xsp?documentId=C5DC821BBED99F30062573440066ED10&action=openDocument,data\legislation\html\C5DC821BBED99F30062573440066ED10.html,Ley que Crea la Comisión de Desarrollo Sostenible de la Cuenca Hídrica del Lago Cocibolca y del Río San Juan,Leyes,Medio Ambiente y Recursos Naturales,626,159,21/08/2007,Ley,True,1,1,1,0,1,0,servicios ambientales,direct_es,ecosystem_services,1
C0C1931F74480A55062573760075BD4B,http://legislacion.asamblea.nacional.gob.ni/Normaweb.nsf/xpNormaJuridica.xsp?documentId=C0C1931F74480A55062573760075BD4B&action=openDocument,data\legislation\html\C0C1931F74480A55062573760075BD4B.html,Ley General de Aguas Nacionales,Leyes,Medio Ambiente y Recursos Naturales,620,169,04/09/2007,Ley,True,12,2,9,3,9,3,pago por servicios ambientales; servicios ambientales,direct_es; economic_instruments,ecosystem_services; payments,1; 2
85CC52C7E363C75B0625737E0078A424,http://legislacion.asamblea.nacional.gob.ni/Normaweb.nsf/xpNormaJuridica.xsp?documentId=85CC52C7E363C75B0625737E0078A424&action=openDocument,data\legislation\html\85CC52C7E363C75B0625737E0078A424.html,Aprovechamiento Especial del Recurso Forestal Derribado por el Huracan Félix,Decretos Ejecutivos,Medio Ambiente y Recursos Naturales,92-2007,181,21/09/2007,Decreto,False,0,0,0,0,0,0,,,,
B9A6C2C74199EE6C062573DE005FCA78,http://legislacion.asamblea.nacional.gob.ni/Normaweb.nsf/xpNormaJuridica.xsp?documentId=B9A6C2C74199EE6C062573DE005FCA78&action=openDocument,data\legislation\html\B9A6C2C74199EE6C062573DE005FCA78.html,"Reglamento de la Ley N°. 620, Ley General de Aguas Nacionales",Decretos Ejecutivos,Medio Ambiente y Recursos Naturales,106-2007,214,07/11/2007,Decreto,True,1,1,1,0,1,0,servicios ambientales,direct_es,ecosystem_services,1
7CF9FD5861BB628206257449006DDA26,http://legislacion.asamblea.nacional.gob.ni/Normaweb.nsf/xpNormaJuridica.xsp?documentId=7CF9FD5861BB628206257449006DDA26&action=openDocument,data\legislation\html\7CF9FD5861BB628206257449006DDA26.html,Cobro para Promover la Sostenibilidad de Reservas de Aguas Subterráneas,Decretos Ejecutivos,Medio Ambiente y Recursos Naturales,10-2008,45,04/03/2008,Decreto,False,0,0,0,0,0,0,,,,
16BEF8FB44BB4DE00625744B007998B4,http://legislacion.asamblea.nacional.gob.ni/Normaweb.nsf/xpNormaJuridica.xsp?documentId=16BEF8FB44BB4DE00625744B007998B4&action=openDocument,data\legislation\html\16BEF8FB44BB4DE00625744B007998B4.html,Decreto Creador de la Comisión para el Desarrollo del Río San Juan,Decretos Ejecutivos,Medio Ambiente y Recursos Naturales,13-2008,61,02/04/2008,Decreto,False,0,0,0,0,0,0,,,,
3931522956B885A30625744E00548B32,http://legislacion.asamblea.nacional.gob.ni/Normaweb.nsf/xpNormaJuridica.xsp?documentId=3931522956B885A30625744E00548B32&action=openDocument,data\legislation\html\3931522956B885A30625744E00548B32.html,"Ley de Reformas y Adiciones a la Ley N°. 217, Ley General del Medio Ambiente y los Recursos Naturales.",Leyes,Medio Ambiente y Recursos Naturales,647,62,03/04/2008,Ley,True,18,3,10,8,10,8,pago por servicios ambientales; pagos por servicios ambientales; servicios ambientales,direct_es; economic_instruments,ecosystem_services; payments,1; 2
2E05CE7B84BD6320062574520070D963,http://legislacion.asamblea.nacional.gob.ni/Normaweb.nsf/xpNormaJuridica.xsp?documentId=2E05CE7B84BD6320062574520070D963&action=openDocument,data\legislation\html\2E05CE7B84BD6320062574520070D963.html,Cobro para Coadyuvar con la Conservación y Protección de los Acuíferos,Decretos Ejecutivos,Medio Ambiente y Recursos Naturales,20-2008,83,05/05/2008,Decreto,False,0,0,0,0,0,0,,,,
4ABC28A80EE6FF57062574C70050A5BB,http://legislacion.asamblea.nacional.gob.ni/Normaweb.nsf/xpNormaJuridica.xsp?documentId=4ABC28A80EE6FF57062574C70050A5BB&action=openDocument,data\legislation\html\4ABC28A80EE6FF57062574C70050A5BB.html,(Asignación a la Empresa Portuaria Nacional (EPN) para Llevar a Cabo el Proyecto de Dragado del Río San Juan),Decretos Ejecutivos,Medio Ambiente y Recursos Naturales,37-2008,152,08/08/2008,Decreto,False,0,0,0,0,0,0,,,,
B5E9C5E5F9036FEB062574EA005E84F5,http://legislacion.asamblea.nacional.gob.ni/Normaweb.nsf/xpNormaJuridica.xsp?documentId=B5E9C5E5F9036FEB062574EA005E84F5&action=openDocument,data\legislation\html\B5E9C5E5F9036FEB062574EA005E84F5.html,(SE INSTRUYE A LA DIRECCIÓN GENERAL DE ADUANAS Y AL MINISTERIO AGROPECUARIO Y FORESTAL (MAGFOR) A QUE ADOPTEN TODAS LAS MEDIDAS QUE PERMITA EL EFICAZ CUMPLIMIENTO DE LA DISPOSICIÓN ADMINISTRATIVA N° 50-13-08-2008),Decretos Ejecutivos,"S/Definir,Medio Ambiente y Recursos Naturales",42-2008,171,04/09/2008,Decreto,False,0,0,0,0,0,0,,,,
E49BC5622A60392F062574EB006B2B04,http://legislacion.asamblea.nacional.gob.ni/Normaweb.nsf/xpNormaJuridica.xsp?documentId=E49BC5622A60392F062574EB006B2B04&action=openDocument,data\legislation\html\E49BC5622A60392F062574EB006B2B04.html,"De Reformas y Adiciones al Decreto No. 106-2007, Reglamento de la Ley No. 620, Ley General de Aguas Nacionales",Decretos Ejecutivos,Medio Ambiente y Recursos Naturales,44-2008,173,08/09/2008,Decreto,False,0,0,0,0,0,0,,,,
1AC6C4091D4FCCE00625755400783B5C,http://legislacion.asamblea.nacional.gob.ni/Normaweb.nsf/xpNormaJuridica.xsp?documentId=1AC6C4091D4FCCE00625755400783B5C&action=openDocument,data\legislation\html\1AC6C4091D4FCCE00625755400783B5C.html,Ley de Conservación del Uso de los Suelos en la Reserva de la Biosfera Bosawás,Leyes,Medio Ambiente y Recursos Naturales,669,215,11/11/2008,Ley,False,0,0,0,0,0,0,,,,
0B71C13802F745FC0625757C0073E5EB,http://legislacion.asamblea.nacional.gob.ni/Normaweb.nsf/xpNormaJuridica.xsp?documentId=0B71C13802F745FC0625757C0073E5EB&action=openDocument,data\legislation\html\0B71C13802F745FC0625757C0073E5EB.html,Política Nacional de Desarrollo Sostenible del Sector Forestal de Nicaragua,Decretos Ejecutivos,Medio Ambiente y Recursos Naturales,69-2008,3,07/01/2009,Decreto,True,15,3,13,2,13,2,bienes y servicios ambientales; pagos por servicios ambientales; servicios ambientales,direct_es; economic_instruments,ecosystem_services; payments,1; 2
0200259DA49C68510625764E00788F01,http://legislacion.asamblea.nacional.gob.ni/Normaweb.nsf/xpNormaJuridica.xsp?documentId=0200259DA49C68510625764E00788F01&action=openDocument,data\legislation\html\0200259DA49C68510625764E00788F01.html,"Decreto de Autorización a ENACAL para Crear la Empresa de Operación, Protección de los Sistemas de Bombeo y Resguardo de las Instalaciones de la Empresa Nicaragüense de Acueducto y Alcantarillados Sanitarios, ENACAL",Decretos Ejecutivos,Medio Ambiente y Recursos Naturales,52-2009,133,16/07/2009,Decreto,False,0,0,0,0,0,0,,,,
17E7C795A5FF11A2062576810077278E,http://legislacion.asamblea.nacional.gob.ni/Normaweb.nsf/xpNormaJuridica.xsp?documentId=17E7C795A5FF11A2062576810077278E&action=openDocument,data\legislation\html\17E7C795A5FF11A2062576810077278E.html,"Ley de Reformas y Adición a la Ley N°. 626, Ley que Crea la Comisión de Desarrollo Sostenible de la Cuenca Hídrica del Lago Cocibolca y del Río San Juan",Leyes,Medio Ambiente y Recursos Naturales,699,185,01/10/2009,Ley,True,1,1,1,0,1,0,servicios ambientales,direct_es,ecosystem_services,1
3C2C3EABFA0F92A306257687007A8237,http://legislacion.asamblea.nacional.gob.ni/Normaweb.nsf/xpNormaJuridica.xsp?documentId=3C2C3EABFA0F92A306257687007A8237&action=openDocument,data\legislation\html\3C2C3EABFA0F92A306257687007A8237.html,"Modificación al Artículo N°. 1 de la Ley N°. 585, Ley de Veda para el Corte, Aprovechamiento y Comercialización del Recurso Forestal.",Decretos Ejecutivos,Medio Ambiente y Recursos Naturales,81-2009,188,06/10/2009,Decreto,False,0,0,0,0,0,0,,,,
75E434DEF9D217D30625768200532739,http://legislacion.asamblea.nacional.gob.ni/Normaweb.nsf/xpNormaJuridica.xsp?documentId=75E434DEF9D217D30625768200532739&action=openDocument,data\legislation\html\75E434DEF9D217D30625768200532739.html,"Modificación al Arto. N°. 1 de la Ley N°. 585, Ley de Veda para el Corte, Aprovechamiento y Comercialización del Recurso Forestal.",Decretos Ejecutivos,Medio Ambiente y Recursos Naturales,82-2009,200,22/10/2009,Decreto,False,0,0,0,0,0,0,,,,
626C19B78FDD2C79062576E3005B0B63,http://legislacion.asamblea.nacional.gob.ni/Normaweb.nsf/xpNormaJuridica.xsp?documentId=626C19B78FDD2C79062576E3005B0B63&action=openDocument,data\legislation\html\626C19B78FDD2C79062576E3005B0B63.html,"Suspensión de la Veda para el Corte, Aprovechamiento y Comercialización de Árboles de Pino",Decretos Ejecutivos,Medio Ambiente y Recursos Naturales,9-2010,30,12/02/2010,Decreto,False,0,0,0,0,0,0,,,,
A63305B993CDDB210625775F0069E8B3,http://legislacion.asamblea.nacional.gob.ni/Normaweb.nsf/xpNormaJuridica.xsp?documentId=A63305B993CDDB210625775F0069E8B3&action=openDocument,data\legislation\html\A63305B993CDDB210625775F0069E8B3.html,Ley Especial de Comités de Agua Potable y Saneamiento,Leyes,Medio Ambiente y Recursos Naturales,722,111,14/06/2010,Ley,False,0,0,0,0,0,0,,,,
9F2F848B62C936D1062577B2005F30A9,http://legislacion.asamblea.nacional.gob.ni/Normaweb.nsf/xpNormaJuridica.xsp?documentId=9F2F848B62C936D1062577B2005F30A9&action=openDocument,data\legislation\html\9F2F848B62C936D1062577B2005F30A9.html,"Reglamento a la Ley N°. 620, Ley General de Aguas Nacionales",Decretos Ejecutivos,Medio Ambiente y Recursos Naturales,44-2010,150,09/08/2010,Decreto,True,1,1,1,0,1,0,servicios ambientales,direct_es,ecosystem_services,1
48F8583F454249B2062577C9005DF023,http://legislacion.asamblea.nacional.gob.ni/Normaweb.nsf/xpNormaJuridica.xsp?documentId=48F8583F454249B2062577C9005DF023&action=openDocument,data\legislation\html\48F8583F454249B2062577C9005DF023.html,Reglamento de la Ley Especial de los Comités de Agua Potable y Saneamiento (CAPS),Decretos Ejecutivos,Medio Ambiente y Recursos Naturales,50-2010,172,08/09/2010,Decreto,False,0,0,0,0,0,0,,,,
5AFA9B0EDB921C5206258AF9006F428F,http://legislacion.asamblea.nacional.gob.ni/Normaweb.nsf/xpNormaJuridica.xsp?documentId=5AFA9B0EDB921C5206258AF9006F428F&action=openDocument,data\legislation\html\5AFA9B0EDB921C5206258AF9006F428F.html,"Alerta Verde para la Región Norte, Central y Pacífico y Alerta Amarilla en las Regiones Autónomas del Atlántico Norte y Sur.",Decretos Ejecutivos,Medio Ambiente y Recursos Naturales,63-2010,183,27/09/2010,Decreto,False,0,0,0,0,0,0,,,,
508B47A04FA49D3B062577F40076DAC1,http://legislacion.asamblea.nacional.gob.ni/Normaweb.nsf/xpNormaJuridica.xsp?documentId=508B47A04FA49D3B062577F40076DAC1&action=openDocument,data\legislation\html\508B47A04FA49D3B062577F40076DAC1.html,Ley que Declara y Define el Sistema de los Cayos Perlas como Refugio de Vida Silvestre,Leyes,Medio Ambiente y Recursos Naturales,738,229,30/11/2010,Ley,False,0,0,0,0,0,0,,,,
744C179C9961B6F50625789A0077FF67,http://legislacion.asamblea.nacional.gob.ni/Normaweb.nsf/xpNormaJuridica.xsp?documentId=744C179C9961B6F50625789A0077FF67&action=openDocument,data\legislation\html\744C179C9961B6F50625789A0077FF67.html,"Suspensión de la Veda para el Corte, Aprovechamiento y Comercialización de Árboles de Pino.",Decretos Ejecutivos,Medio Ambiente y Recursos Naturales,14-2011,70,12/04/2011,Decreto,False,0,0,0,0,0,0,,,,
66B63A8CBBBA0685062578990060E171,http://legislacion.asamblea.nacional.gob.ni/Normaweb.nsf/xpNormaJuridica.xsp?documentId=66B63A8CBBBA0685062578990060E171&action=openDocument,data\legislation\html\66B63A8CBBBA0685062578990060E171.html,"De Reforma al Decreto N°. 20-2008, Cobro para Coadyuvar con la Conservación y Protección de los Acuíferos, Publicado en la Gaceta N°. 83 del 05 de Mayo 2008",Decretos Ejecutivos,Medio Ambiente y Recursos Naturales,17-2011,70,12/04/2011,Decreto,False,0,0,0,0,0,0,,,,
CF820E2A63B1B690062578B00074EC1B,http://legislacion.asamblea.nacional.gob.ni/Normaweb.nsf/xpNormaJuridica.xsp?documentId=CF820E2A63B1B690062578B00074EC1B&action=openDocument,data\legislation\html\CF820E2A63B1B690062578B00074EC1B.html,Ley para la Protección y el Bienestar de los Animales Domésticos y Animales Silvestres Domesticados,Leyes,Medio Ambiente y Recursos Naturales,747,96,26/05/2011,Ley,False,0,0,0,0,0,0,,,,
4FA947F1622AA6900625791900586A13,http://legislacion.asamblea.nacional.gob.ni/Normaweb.nsf/xpNormaJuridica.xsp?documentId=4FA947F1622AA6900625791900586A13&action=openDocument,data\legislation\html\4FA947F1622AA6900625791900586A13.html,Registro Público Nacional de Derechos de Agua y de Prestadores de Servicios,Decretos Ejecutivos,Medio Ambiente y Recursos Naturales,33-2011,124,05/07/2011,Decreto,False,0,0,0,0,0,0,,,,
19965C230022D5380625799700555F08,http://legislacion.asamblea.nacional.gob.ni/Normaweb.nsf/xpNormaJuridica.xsp?documentId=19965C230022D5380625799700555F08&action=openDocument,data\legislation\html\19965C230022D5380625799700555F08.html,"De Adhesión a la Enmienda al Artículo XXI de la Convención Sobre el Comercio Internacional de Especies Amenazadas de Fauna y Flora Silvestres, Adoptada en Gaborone, Botswana, el Treinta de Abril de Mil Novecientos Ochenta y Tres",Decretos Ejecutivos,Medio Ambiente y Recursos Naturales,65-2011,242,22/12/2011,Decreto,False,0,0,0,0,0,0,,,,
54872BE3CA06E33B062579E6005EC4F3,http://legislacion.asamblea.nacional.gob.ni/Normaweb.nsf/xpNormaJuridica.xsp?documentId=54872BE3CA06E33B062579E6005EC4F3&action=openDocument,data\legislation\html\54872BE3CA06E33B062579E6005EC4F3.html,DECRETO DE APROBACIÓN DEL “CONVENIO CONSTITUTIVO DEL CENTRO DE AGUA DEL TRÓPICO HÚMEDO PARA AMÉRICA LATINA Y EL CARIBE (CATHALAC)”,Decretos Legislativos,Medio Ambiente y Recursos Naturales,A.N. N°. 6754,57,23/03/2012,Decreto,False,0,0,0,0,0,0,,,,
D8AA81126CA0ABFE062579FA0072E81F,http://legislacion.asamblea.nacional.gob.ni/Normaweb.nsf/xpNormaJuridica.xsp?documentId=D8AA81126CA0ABFE062579FA0072E81F&action=openDocument,data\legislation\html\D8AA81126CA0ABFE062579FA0072E81F.html,"Decreto de Aprobación de la Adhesión a la Enmienda al Artículo XXI de la Convención Sobre el Comercio Internacional de Especies Amenazadas de Fauna y Flora Silvestres, Adoptada en Gaborone, Botswana, el Treinta de Abril de Mil Novecientos Ochenta y Tres",Decretos Legislativos,Medio Ambiente y Recursos Naturales,A.N. N°. 6825,76,26/04/2012,Decreto,False,0,0,0,0,0,0,,,,
B007D82B9F36512106257A01005D3551,http://legislacion.asamblea.nacional.gob.ni/Normaweb.nsf/xpNormaJuridica.xsp?documentId=B007D82B9F36512106257A01005D3551&action=openDocument,data\legislation\html\B007D82B9F36512106257A01005D3551.html,"Reforma al Decreto N°. 01-2007, Reglamento de Áreas Protegidas de Nicaragua",Decretos Ejecutivos,Medio Ambiente y Recursos Naturales,11-2012,86,10/05/2012,Decreto,False,0,0,0,0,0,0,,,,
7F8EBBCFC1B9289706257A01005E7760,http://legislacion.asamblea.nacional.gob.ni/Normaweb.nsf/xpNormaJuridica.xsp?documentId=7F8EBBCFC1B9289706257A01005E7760&action=openDocument,data\legislation\html\7F8EBBCFC1B9289706257A01005E7760.html,DECRETO DE RATIFICACIÓN DEL CONVENIO CONSTITUTIVO DEL CENTRO DE AGUA DEL TRÓPICO HÚMEDO PARA AMÉRICA LATINA Y EL CARIBE (CATHALAC),Decretos Ejecutivos,Medio Ambiente y Recursos Naturales,16-2012,86,10/05/2012,Decreto,False,0,0,0,0,0,0,,,,
1A5C624E788C2EE606257A17005FEDB3,http://legislacion.asamblea.nacional.gob.ni/Normaweb.nsf/xpNormaJuridica.xsp?documentId=1A5C624E788C2EE606257A17005FEDB3&action=openDocument,data\legislation\html\1A5C624E788C2EE606257A17005FEDB3.html,"Suspensión de la Veda para El Corte, Aprovechamiento y Comercialización de Árboles de Pino",Decretos Ejecutivos,Medio Ambiente y Recursos Naturales,24-2012,102,01/06/2012,Decreto,False,0,0,0,0,0,0,,,,
AC8C990BB77C8AAD06257AB8005FD363,http://legislacion.asamblea.nacional.gob.ni/Normaweb.nsf/xpNormaJuridica.xsp?documentId=AC8C990BB77C8AAD06257AB8005FD363&action=openDocument,data\legislation\html\AC8C990BB77C8AAD06257AB8005FD363.html,"DECRETO DE APROBACIÓN DE LAS ENMIENDAS DE MONTREAL Y BEIJING DEL PROTOCOLO DE MONTREAL, RELATIVO A LAS SUSTANCIAS AGOTADORAS DE LA CAPA DE OZONO",Decretos Legislativos,Medio Ambiente y Recursos Naturales,A.N. N°. 6997,184,27/09/2012,Decreto,False,0,0,0,0,0,0,,,,
BF5277EE4612314C06257AA6007C2E0A,http://legislacion.asamblea.nacional.gob.ni/Normaweb.nsf/xpNormaJuridica.xsp?documentId=BF5277EE4612314C06257AA6007C2E0A&action=openDocument,data\legislation\html\BF5277EE4612314C06257AA6007C2E0A.html,RATIFICACIÓN DE LAS ENMIENDAS DE MONTREAL Y BEIJING DEL PROTOCOLO DE MONTREAL RELATIVO A LAS SUSTANCIAS QUE AGOTAN LA CAPA DE OZONO,Decretos Ejecutivos,Medio Ambiente y Recursos Naturales,33-2012,194,11/10/2012,Decreto,False,0,0,0,0,0,0,,,,
6B731BE4E96F5E9406257AB4007383C6,http://legislacion.asamblea.nacional.gob.ni/Normaweb.nsf/xpNormaJuridica.xsp?documentId=6B731BE4E96F5E9406257AB4007383C6&action=openDocument,data\legislation\html\6B731BE4E96F5E9406257AB4007383C6.html,Ley de Conservación y Utilización Sostenible de la Diversidad Biológica,Leyes,Medio Ambiente y Recursos Naturales,807,200,19/10/2012,Ley,True,2,1,2,0,2,0,servicios ambientales,direct_es,ecosystem_services,1
C664DB645D24453F06257B4300563D48,http://legislacion.asamblea.nacional.gob.ni/Normaweb.nsf/xpNormaJuridica.xsp?documentId=C664DB645D24453F06257B4300563D48&action=openDocument,data\legislation\html\C664DB645D24453F06257B4300563D48.html,Ley que Declara y Define los Límites de la Reserva de Biósfera de la Isla de Ometepe,Leyes,Medio Ambiente y Recursos Naturales,833,45,08/03/2013,Ley,True,1,1,1,0,1,0,servicios ambientales,direct_es,ecosystem_services,1
0657CE740A06002F06257BCF00749036,http://legislacion.asamblea.nacional.gob.ni/Normaweb.nsf/xpNormaJuridica.xsp?documentId=0657CE740A06002F06257BCF00749036&action=openDocument,data\legislation\html\0657CE740A06002F06257BCF00749036.html,"Suspensión de la Veda para el Corte, Aprovechamiento y Comercialización de Árboles de Pino",Decretos Ejecutivos,Medio Ambiente y Recursos Naturales,31-2013,155,19/08/2013,Decreto,False,0,0,0,0,0,0,,,,
04E56D207C3F59AE06257C1C00584417,http://legislacion.asamblea.nacional.gob.ni/Normaweb.nsf/xpNormaJuridica.xsp?documentId=04E56D207C3F59AE06257C1C00584417&action=openDocument,data\legislation\html\04E56D207C3F59AE06257C1C00584417.html,Se Permite en la Reserva de Bosawás el Aprovechamiento de Madera Para Uso Domiciliar y Minería Artesanal,Decretos Ejecutivos,Medio Ambiente y Recursos Naturales,35-2013,191,09/10/2013,Decreto,False,0,0,0,0,0,0,,,,
F9264C09BD98D79706257C7D005668FD,http://legislacion.asamblea.nacional.gob.ni/Normaweb.nsf/xpNormaJuridica.xsp?documentId=F9264C09BD98D79706257C7D005668FD&action=openDocument,data\legislation\html\F9264C09BD98D79706257C7D005668FD.html,"Texto de Ley N°. 217, “Ley General del Medio Ambiente y los Recursos Naturales” Con sus Reformas Incorporadas",Leyes,Medio Ambiente y Recursos Naturales,S/N,20,31/01/2014,Ley,True,18,3,10,8,10,8,pago por servicios ambientales; pagos por servicios ambientales; servicios ambientales,direct_es; economic_instruments,ecosystem_services; payments,1; 2
E3391DD403C80A2706257D3A005705C5,http://legislacion.asamblea.nacional.gob.ni/Normaweb.nsf/xpNormaJuridica.xsp?documentId=E3391DD403C80A2706257D3A005705C5&action=openDocument,data\legislation\html\E3391DD403C80A2706257D3A005705C5.html,"Texto de la Ley Nº. 853 ""Ley para la Transformación y Desarrollo de la Caficultura'', Con sus Reformas Incorporadas",Leyes,Medio Ambiente y Recursos Naturales,853,145,04/08/2014,Ley,False,0,0,0,0,0,0,,,,
DB15944C550A059806257D77007950A7,http://legislacion.asamblea.nacional.gob.ni/Normaweb.nsf/xpNormaJuridica.xsp?documentId=DB15944C550A059806257D77007950A7&action=openDocument,data\legislation\html\DB15944C550A059806257D77007950A7.html,"Decreto de Aprobación del ""Convenio de Minamata sobre el Mercurio"" y sus anexos A, B, C, D y E",Decretos Legislativos,Medio Ambiente y Recursos Naturales,A.N. Nº. 7549,172,10/09/2014,Decreto,False,0,0,0,0,0,0,,,,
CE478F64C889E57006257D7B007A19B4,http://legislacion.asamblea.nacional.gob.ni/Normaweb.nsf/xpNormaJuridica.xsp?documentId=CE478F64C889E57006257D7B007A19B4&action=openDocument,data\legislation\html\CE478F64C889E57006257D7B007A19B4.html,"Suspensión de la Veda para el Corte, Aprovechamiento y Comercialización de Árboles de Pino",Decretos Ejecutivos,Medio Ambiente y Recursos Naturales,46-2014,198,20/10/2014,Decreto,False,0,0,0,0,0,0,,,,
D693A6E4A959DF3406257E960056AB01,http://legislacion.asamblea.nacional.gob.ni/Normaweb.nsf/xpNormaJuridica.xsp?documentId=D693A6E4A959DF3406257E960056AB01&action=openDocument,data\legislation\html\D693A6E4A959DF3406257E960056AB01.html,"De Adhesión al Convenio Internacional para el Control y la Gestión del Agua de Lastre y los Sedimientos de los Buques, 2004",Decretos Ejecutivos,Medio Ambiente y Recursos Naturales,23-2015,141,29/07/2015,Decreto,False,0,0,0,0,0,0,,,,
99B5C8769160710A06257F3E00620F52,http://legislacion.asamblea.nacional.gob.ni/Normaweb.nsf/xpNormaJuridica.xsp?documentId=99B5C8769160710A06257F3E00620F52&action=openDocument,data\legislation\html\99B5C8769160710A06257F3E00620F52.html,"Suspensión de la Veda para el Corte, Aprovechamiento y Comercialización de Arboles de Pino",Decretos Ejecutivos,Medio Ambiente y Recursos Naturales,02-2016,7,12/01/2016,Decreto,False,0,0,0,0,0,0,,,,
DC2BA489CBC561AE06257F6F007C4D41,http://legislacion.asamblea.nacional.gob.ni/Normaweb.nsf/xpNormaJuridica.xsp?documentId=DC2BA489CBC561AE06257F6F007C4D41&action=openDocument,data\legislation\html\DC2BA489CBC561AE06257F6F007C4D41.html,"Ley de Reforma a la Ley N°. 276, Ley de Creación de la Empresa Nicaragüense de Acueductos y Alcantarillados Sanitarios (ENACAL)",Leyes,Medio Ambiente y Recursos Naturales,925,48,09/03/2016,Ley,False,0,0,0,0,0,0,,,,
A04C40D6D3F5B33306257FEA00531DEB,http://legislacion.asamblea.nacional.gob.ni/Normaweb.nsf/xpNormaJuridica.xsp?documentId=A04C40D6D3F5B33306257FEA00531DEB&action=openDocument,data\legislation\html\A04C40D6D3F5B33306257FEA00531DEB.html,Renovación de la Veda para el Corte Aprovechamiento y Comercialización de Recursos Forestales.,Decretos Ejecutivos,Medio Ambiente y Recursos Naturales,11-2016,123,01/07/2016,Decreto,False,0,0,0,0,0,0,,,,
B67F14116007B7770625807C0080C14A,http://legislacion.asamblea.nacional.gob.ni/Normaweb.nsf/xpNormaJuridica.xsp?documentId=B67F14116007B7770625807C0080C14A&action=openDocument,data\legislation\html\B67F14116007B7770625807C0080C14A.html,Ley Creadora de la Comisión Nacional de Registro y Control de Sustancias Tóxicas (CNRCST),Leyes,Medio Ambiente y Recursos Naturales,941,230,06/12/2016,Ley,False,0,0,0,0,0,0,,,,
EB4114C230E6CC59062580B100601A1C,http://legislacion.asamblea.nacional.gob.ni/Normaweb.nsf/xpNormaJuridica.xsp?documentId=EB4114C230E6CC59062580B100601A1C&action=openDocument,data\legislation\html\EB4114C230E6CC59062580B100601A1C.html,"Decreto Para la Suspensión de la Veda para el Corte, Aprovechamiento, Transporte y Comercialización de Arboles de la Especie de Pino",Decretos Ejecutivos,Medio Ambiente y Recursos Naturales,02-2017,9,13/01/2017,Decreto,False,0,0,0,0,0,0,,,,
C34983AE9309FEF6062587F10064126C,http://legislacion.asamblea.nacional.gob.ni/Normaweb.nsf/xpNormaJuridica.xsp?documentId=C34983AE9309FEF6062587F10064126C&action=openDocument,data\legislation\html\C34983AE9309FEF6062587F10064126C.html,Actualización del Sistema de Evaluación Ambiental de Permisos y Autorizaciones para el Uso Sostenible de los Recursos Naturales.,Decretos Ejecutivos,Medio Ambiente y Recursos Naturales,15-2017,163,28/08/2017,Decreto,False,0,0,0,0,0,0,,,,
907D4E65C363CC8D062583520054FE79,http://legislacion.asamblea.nacional.gob.ni/Normaweb.nsf/xpNormaJuridica.xsp?documentId=907D4E65C363CC8D062583520054FE79&action=openDocument,data\legislation\html\907D4E65C363CC8D062583520054FE79.html,Sistema de Evaluación Ambiental de Permisos y Autorizaciones para el Uso Sostenible de los Recursos Naturales,Decretos Ejecutivos,Medio Ambiente y Recursos Naturales,20-2017,228,29/11/2017,Decreto,False,0,0,0,0,0,0,,,,
A35CF61591AD2D57062581F30056F9EC,http://legislacion.asamblea.nacional.gob.ni/Normaweb.nsf/xpNormaJuridica.xsp?documentId=A35CF61591AD2D57062581F30056F9EC&action=openDocument,data\legislation\html\A35CF61591AD2D57062581F30056F9EC.html,Reglamento en el que se Establecen las Disposiciones para el Vertido de Aguas Residuales,Decretos Ejecutivos,Medio Ambiente y Recursos Naturales,21-2017,229,30/11/2017,Decreto,True,1,1,1,0,1,0,funciones ecológicas,direct_es,ecosystem_functions,1
60A7585E9DF2DAD706258217006DC36D,http://legislacion.asamblea.nacional.gob.ni/Normaweb.nsf/xpNormaJuridica.xsp?documentId=60A7585E9DF2DAD706258217006DC36D&action=openDocument,data\legislation\html\60A7585E9DF2DAD706258217006DC36D.html,"Decreto para la Suspensión de la Veda para el Corte, Aprovechamiento, Transporte y Comercialización de Árboles de la Especie de Pino",Decretos Ejecutivos,Medio Ambiente y Recursos Naturales,01-2018,09,12/01/2018,Decreto,False,0,0,0,0,0,0,,,,
94FBBC48E689AF4F062583850072FACB,http://legislacion.asamblea.nacional.gob.ni/Normaweb.nsf/xpNormaJuridica.xsp?documentId=94FBBC48E689AF4F062583850072FACB&action=openDocument,data\legislation\html\94FBBC48E689AF4F062583850072FACB.html,"Decreto para la Suspensión de la Veda para el Corte, Aprovechamiento, Transporte y Comercialización de Árboles de la Especie de Pino",Decretos Ejecutivos,Medio Ambiente y Recursos Naturales,01-2019,07,14/01/2019,Decreto,False,0,0,0,0,0,0,,,,
45A0A072CCD6FE770625838B0050A030,http://legislacion.asamblea.nacional.gob.ni/Normaweb.nsf/xpNormaJuridica.xsp?documentId=45A0A072CCD6FE770625838B0050A030&action=openDocument,data\legislation\html\45A0A072CCD6FE770625838B0050A030.html,"Decreto para la Suspensión de la Veda para el Corte, Aprovechamiento, Transporte y Comercialización de Árboles de la Especie Cedro Real y Pochote",Decreto Presidencial,Medio Ambiente y Recursos Naturales,02-2019,08,15/01/2019,Decreto,False,0,0,0,0,0,0,,,,
D5D61F5C800BDF360625838D00711324,http://legislacion.asamblea.nacional.gob.ni/Normaweb.nsf/xpNormaJuridica.xsp?documentId=D5D61F5C800BDF360625838D00711324&action=openDocument,data\legislation\html\D5D61F5C800BDF360625838D00711324.html,"Decreto, Reglamentando el Procedimiento para la Aprobación e Implementación de los Incentivos Forestales",Decretos Ejecutivos,Medio Ambiente y Recursos Naturales,03-2019,13,22/01/2019,Decreto,False,0,0,0,0,0,0,,,,
2AA845F404D355C6062583A0005A2819,http://legislacion.asamblea.nacional.gob.ni/Normaweb.nsf/xpNormaJuridica.xsp?documentId=2AA845F404D355C6062583A0005A2819&action=openDocument,data\legislation\html\2AA845F404D355C6062583A0005A2819.html,Decreto para Establecer la Política Nacional de Mitigación y Adaptación al Cambio Climático y de Creación del Sistema Nacional de Respuesta al Cambio Climático,Decretos Ejecutivos,Medio Ambiente y Recursos Naturales,07-2019,27,11/02/2019,Decreto,True,2,2,2,0,2,0,funciones ecológicas; servicios ambientales,direct_es,ecosystem_functions; ecosystem_services,1
78D124DF0EDEB7980625840F007D3307,http://legislacion.asamblea.nacional.gob.ni/Normaweb.nsf/xpNormaJuridica.xsp?documentId=78D124DF0EDEB7980625840F007D3307&action=openDocument,data\legislation\html\78D124DF0EDEB7980625840F007D3307.html,Decreto de Aprobación de la Enmienda de Doha al Protocolo de Kyoto de la Convención Marco de las Naciones Unidas sobre el Cambio Climático,Decretos Legislativos,Medio Ambiente y Recursos Naturales,A.N. N°. 8550,93,20/05/2019,Decreto,False,0,0,0,0,0,0,,,,
01C5E62A02E2F1E306258411005FB229,http://legislacion.asamblea.nacional.gob.ni/Normaweb.nsf/xpNormaJuridica.xsp?documentId=01C5E62A02E2F1E306258411005FB229&action=openDocument,data\legislation\html\01C5E62A02E2F1E306258411005FB229.html,"De Ratificación de ""La Enmienda de Doha al Protocolo de Kyoto de la Convención Marco de las Naciones Unidas sobre el Cambio Climático""",Decreto Presidencial,Medio Ambiente y Recursos Naturales,12-2019,104,04/06/2019,Decreto,False,0,0,0,0,0,0,,,,
A1E62D13D0D27ED2062584A1006FE5C0,http://legislacion.asamblea.nacional.gob.ni/Normaweb.nsf/xpNormaJuridica.xsp?documentId=A1E62D13D0D27ED2062584A1006FE5C0&action=openDocument,data\legislation\html\A1E62D13D0D27ED2062584A1006FE5C0.html,"Reglamento a la Ley N°. 807, Ley de Conservación y Utilización Sostenible de la Diversidad Biológica",Decretos Ejecutivos,Medio Ambiente y Recursos Naturales,24-2019,203,24/10/2019,Decreto,True,1,1,0,1,0,1,incentivos para la conservación,economic_instruments,incentives,2
62310B74AC7E885A062584F2007D3D66,http://legislacion.asamblea.nacional.gob.ni/Normaweb.nsf/xpNormaJuridica.xsp?documentId=62310B74AC7E885A062584F2007D3D66&action=openDocument,data\legislation\html\62310B74AC7E885A062584F2007D3D66.html,"Decreto de Aprobación del ""Acuerdo Regional sobre el Acceso a la Información, la Participación Pública y el Acceso a la Justicia en Asuntos Ambientales en América Latina y el Caribe""",Decretos Legislativos,Medio Ambiente y Recursos Naturales,A.N. Nº. 8629,243,19/12/2019,Decreto,True,1,1,1,0,1,0,servicios ecosistémicos,direct_es,ecosystem_services,1
E6914FF9F167E4EB062584E90078F1DE,http://legislacion.asamblea.nacional.gob.ni/Normaweb.nsf/xpNormaJuridica.xsp?documentId=E6914FF9F167E4EB062584E90078F1DE&action=openDocument,data\legislation\html\E6914FF9F167E4EB062584E90078F1DE.html,"Decreto de Ratificación del “Acuerdo Regional sobre el Acceso a la Información, la Participación Pública y el Acceso a la Justicia en Asuntos Ambientales en América Latina y el Caribe”",Decretos Ejecutivos,Medio Ambiente y Recursos Naturales,30-2019,4,09/01/2020,Decreto,False,0,0,0,0,0,0,,,,
1B844898B115C8F6062584F80055DACB,http://legislacion.asamblea.nacional.gob.ni/Normaweb.nsf/xpNormaJuridica.xsp?documentId=1B844898B115C8F6062584F80055DACB&action=openDocument,data\legislation\html\1B844898B115C8F6062584F80055DACB.html,"Decreto para la Suspensión de la Veda para el Corte, Aprovechamiento, Transporte y Comercialización de Árboles de la Especie de Pino",Decretos Ejecutivos,Medio Ambiente y Recursos Naturales,02-2020,9,16/01/2020,Decreto,False,0,0,0,0,0,0,,,,
6BC12F114A33A9BF062584F80055AA7A,http://legislacion.asamblea.nacional.gob.ni/Normaweb.nsf/xpNormaJuridica.xsp?documentId=6BC12F114A33A9BF062584F80055AA7A&action=openDocument,data\legislation\html\6BC12F114A33A9BF062584F80055AA7A.html,"Decreto para la Suspensión de la Veda para el Corte, Aprovechamiento, Transporte y Comercialización de Árboles de la Especie Cedro Real y Pochote",Decretos Ejecutivos,Medio Ambiente y Recursos Naturales,01-2020,9,16/01/2020,Decreto,False,0,0,0,0,0,0,,,,
73EAE9949DFC12C1062585280061416D,http://legislacion.asamblea.nacional.gob.ni/Normaweb.nsf/xpNormaJuridica.xsp?documentId=73EAE9949DFC12C1062585280061416D&action=openDocument,data\legislation\html\73EAE9949DFC12C1062585280061416D.html,DECRETO DE APROBACIÓN DEL PROTOCOLO NAGOYA SOBRE ACCESO A LOS RECURSOS GENÉTICO Y PARTICIPACIÓN JUSTA Y EQUITATIVA EN LOS BENEFICIOS QUE SE DERIVEN DE SU UTILIZACIÓN AL CONVENIO SOBRE DIVERSIDAD BIOLÓGICA,Decretos Legislativos,Medio Ambiente y Recursos Naturales,A.N. N°. 8654,45,06/03/2020,Decreto,True,1,1,0,1,0,1,incentivos para la conservación,economic_instruments,incentives,2
D080D86720F3C082062585500073EA2E,http://legislacion.asamblea.nacional.gob.ni/Normaweb.nsf/xpNormaJuridica.xsp?documentId=D080D86720F3C082062585500073EA2E&action=openDocument,data\legislation\html\D080D86720F3C082062585500073EA2E.html,"DE RATIFICACIÓN DEL “ PROTOCOLO DE NAGOYA SOBRE ACCESO A LOS RECURSOS GENÉTICOS Y PARTICIPACIÓN JUSTA Y EQUITATIVA EN LOS BENEFICIOS QUE SE DERIVAN DE SU UTILIZACIÓN AL CONVENIO SOBRE LA DIVERSIDAD BIOLÓGICA""",Decreto Presidencial,Medio Ambiente y Recursos Naturales,07-2020,73,24/04/2020,Decreto,False,0,0,0,0,0,0,,,,
9354B24514B6D14F062575E5005F6ADE,http://legislacion.asamblea.nacional.gob.ni/Normaweb.nsf/xpNormaJuridica.xsp?documentId=9354B24514B6D14F062575E5005F6ADE&action=openDocument,data\legislation\html\9354B24514B6D14F062575E5005F6ADE.html,"DECRETO DE ADHESIÓN AL ""ACUERDO SOBRE MEDIDAS DEL ESTADO RECTOR DEL PUERTO, DESTINADAS A PREVENIR, DESALENTAR Y ELIMINAR LA PESCA ILEGAL, NO DECLARADA Y NO REGLAMENTADA""",Decreto Presidencial,Medio Ambiente y Recursos Naturales,11-2020,86,14/05/2020,Decreto,False,0,0,0,0,0,0,,,,
D8DA2966CE42D4AD062585BD007E1EBE,http://legislacion.asamblea.nacional.gob.ni/Normaweb.nsf/xpNormaJuridica.xsp?documentId=D8DA2966CE42D4AD062585BD007E1EBE&action=openDocument,data\legislation\html\D8DA2966CE42D4AD062585BD007E1EBE.html,DECRETO DE APROBACIÓN DE LA ENMIENDA DEL PROTOCOLO DE MONTREAL RELATIVO A LAS SUSTANCIAS QUE AGOTAN LA CAPA DE OZONO,Decretos Legislativos,Medio Ambiente y Recursos Naturales,A.N. N°. 8702,155,20/08/2020,Decreto,False,0,0,0,0,0,0,,,,
0E75E07414C943CA062585D800705751,http://legislacion.asamblea.nacional.gob.ni/Normaweb.nsf/xpNormaJuridica.xsp?documentId=0E75E07414C943CA062585D800705751&action=openDocument,data\legislation\html\0E75E07414C943CA062585D800705751.html,DE RATIFICACIÓN DE LA “ENMIENDA DEL PROTOCOLO DE MONTREAL RELATIVO A LAS SUSTANCIAS QUE AGOTAN LA CAPA DE OZONO”,Decreto Presidencial,Medio Ambiente y Recursos Naturales,20-2020,165,03/09/2020,Decreto,False,0,0,0,0,0,0,,,,
9901912CADCAB438062585FB006DAE40,http://legislacion.asamblea.nacional.gob.ni/Normaweb.nsf/xpNormaJuridica.xsp?documentId=9901912CADCAB438062585FB006DAE40&action=openDocument,data\legislation\html\9901912CADCAB438062585FB006DAE40.html,"Ley de Reforma a la Ley N°. 738, “Ley que Declara y Define el Sistema de los Cayos Perlas como Refugio de Vida Silvestre”.",Leyes,Medio Ambiente y Recursos Naturales,1039,184,07/10/2020,Ley,False,0,0,0,0,0,0,,,,
D730A9E0DA470B6A0625862B0058F7A9,http://legislacion.asamblea.nacional.gob.ni/Normaweb.nsf/xpNormaJuridica.xsp?documentId=D730A9E0DA470B6A0625862B0058F7A9&action=openDocument,data\legislation\html\D730A9E0DA470B6A0625862B0058F7A9.html,"Ley de Reforma a la Ley N°. 620, Ley General de Aguas Nacionales",Leyes,Medio Ambiente y Recursos Naturales,1046,217,23/11/2020,Ley,True,13,3,8,5,8,5,pago por servicios ambientales; pagos por servicios ambientales; servicios ambientales,direct_es; economic_instruments,ecosystem_services; payments,1; 2
84E79CBBEB30FF250625862C006F0F1A,http://legislacion.asamblea.nacional.gob.ni/Normaweb.nsf/xpNormaJuridica.xsp?documentId=84E79CBBEB30FF250625862C006F0F1A&action=openDocument,data\legislation\html\84E79CBBEB30FF250625862C006F0F1A.html,Decreto de Adhesión a la Enmienda de Prohibición del Convenio de Basilea Sobre el Control de los Movimientos Transfronterizos de los Desechos Peligrosos y su Eliminación,Decreto Presidencial,Medio Ambiente y Recursos Naturales,26-2020,219,25/11/2020,Decreto,False,0,0,0,0,0,0,,,,
F184630E6323ACD2062586610057DE31,http://legislacion.asamblea.nacional.gob.ni/Normaweb.nsf/xpNormaJuridica.xsp?documentId=F184630E6323ACD2062586610057DE31&action=openDocument,data\legislation\html\F184630E6323ACD2062586610057DE31.html,"Decreto para la Suspensión de la Veda para el Corte, Aprovechamiento, Transporte y Comercialización de Árboles de la Especie de Pino",Decreto Presidencial,Medio Ambiente y Recursos Naturales,02-2021,10,15/01/2021,Decreto,False,0,0,0,0,0,0,,,,
17A1FFFA0345059006258661007266E3,http://legislacion.asamblea.nacional.gob.ni/Normaweb.nsf/xpNormaJuridica.xsp?documentId=17A1FFFA0345059006258661007266E3&action=openDocument,data\legislation\html\17A1FFFA0345059006258661007266E3.html,"Decreto para la Suspensión de la Veda para el Corte, Aprovechamiento, Transporte y Comercialización de Árboles de la Especie de Cedro Real y Pochote",Decreto Presidencial,Medio Ambiente y Recursos Naturales,03-2021,10,15/01/2021,Decreto,False,0,0,0,0,0,0,,,,
EF9CD93FAA0CD51C0625867000755C05,http://legislacion.asamblea.nacional.gob.ni/Normaweb.nsf/xpNormaJuridica.xsp?documentId=EF9CD93FAA0CD51C0625867000755C05&action=openDocument,data\legislation\html\EF9CD93FAA0CD51C0625867000755C05.html,Ley que Declara y Define Reserva de Biosfera del Caribe Nicaragüense,Leyes,Medio Ambiente y Recursos Naturales,1059,22,02/02/2021,Ley,True,2,2,2,0,2,0,bienes y servicios ambientales; servicios ambientales,direct_es,ecosystem_services,1
F0E9CC51D3075639062587060060104E,http://legislacion.asamblea.nacional.gob.ni/Normaweb.nsf/xpNormaJuridica.xsp?documentId=F0E9CC51D3075639062587060060104E&action=openDocument,data\legislation\html\F0E9CC51D3075639062587060060104E.html,Decreto de Creación del Sistema Nacional de Gestión del Cambio Climático y Establecimiento de los Principios y Lineamientos de la Política Nacional de Cambio Climático,Decreto Presidencial,Medio Ambiente y Recursos Naturales,15-2021,120,30/06/2021,Decreto,False,0,0,0,0,0,0,,,,
42F50922BA07F10F0625870D0075155B,http://legislacion.asamblea.nacional.gob.ni/Normaweb.nsf/xpNormaJuridica.xsp?documentId=42F50922BA07F10F0625870D0075155B&action=openDocument,data\legislation\html\42F50922BA07F10F0625870D0075155B.html,Decreto de Aprobación de la Adhesión al Acuerdo de Establecimiento del Instituto Global para el Crecimiento Verde,Decretos Legislativos,Medio Ambiente y Recursos Naturales,A.N. N°. 8755,128,12/07/2021,Decreto,False,0,0,0,0,0,0,,,,
1F70AC98D24C93F506258773005929DF,http://legislacion.asamblea.nacional.gob.ni/Normaweb.nsf/xpNormaJuridica.xsp?documentId=1F70AC98D24C93F506258773005929DF&action=openDocument,data\legislation\html\1F70AC98D24C93F506258773005929DF.html,"Ley que Declara y Define Corn Island, Little Corn Island y Blowing Rock, como Área Protegida de Paisaje Terrestre y Marino Protegidos",Leyes,Medio Ambiente y Recursos Naturales,1085,192,18/10/2021,Ley,False,0,0,0,0,0,0,,,,
DFC6A0E8395BB31D062587D00057C862,http://legislacion.asamblea.nacional.gob.ni/Normaweb.nsf/xpNormaJuridica.xsp?documentId=DFC6A0E8395BB31D062587D00057C862&action=openDocument,data\legislation\html\DFC6A0E8395BB31D062587D00057C862.html,"Decreto para la Suspensión de la Veda para el Corte, Aprovechamiento, Transporte y Comercialización de Árboles de la Especie de Cedro Real y Pochote",Decreto Presidencial,Medio Ambiente y Recursos Naturales,01-2022,11,19/01/2022,Decreto,False,0,0,0,0,0,0,,,,
32C46356AC2D6CC7062587D0005845E7,http://legislacion.asamblea.nacional.gob.ni/Normaweb.nsf/xpNormaJuridica.xsp?documentId=32C46356AC2D6CC7062587D0005845E7&action=openDocument,data\legislation\html\32C46356AC2D6CC7062587D0005845E7.html,"Decreto para la Suspensión de la Veda para el Corte, Aprovechamiento, Transporte y Comercialización de Árboles de la Especie de Pino",Decreto Presidencial,Medio Ambiente y Recursos Naturales,02-2022,11,19/01/2022,Decreto,False,0,0,0,0,0,0,,,,
DD76413A976692DC062587F3005BD150,http://legislacion.asamblea.nacional.gob.ni/Normaweb.nsf/xpNormaJuridica.xsp?documentId=DD76413A976692DC062587F3005BD150&action=openDocument,data\legislation\html\DD76413A976692DC062587F3005BD150.html,Decreto de Aprobación de la Política Nacional de Cambio Climático,Decreto Presidencial,Medio Ambiente y Recursos Naturales,04-2022,35,22/02/2022,Decreto,True,8,5,7,1,7,1,bienes y servicios ecosistémicos; funciones ecológicas; incentivos para la conservación; servicios de los ecosistemas; servicios ecosistémicos,direct_es; economic_instruments,ecosystem_functions; ecosystem_services; incentives,1; 2
A43FAB1E04985403062588080075E6EC,http://legislacion.asamblea.nacional.gob.ni/Normaweb.nsf/xpNormaJuridica.xsp?documentId=A43FAB1E04985403062588080075E6EC&action=openDocument,data\legislation\html\A43FAB1E04985403062588080075E6EC.html,Decreto Creador del Comité Nacional de Mitigación de Emisiones de Gases de Efecto Invernadero,Decreto Presidencial,Medio Ambiente y Recursos Naturales,06-2022,51,16/03/2022,Decreto,False,0,0,0,0,0,0,,,,
EBFA03A8337A03FD06258869005263AB,http://legislacion.asamblea.nacional.gob.ni/Normaweb.nsf/xpNormaJuridica.xsp?documentId=EBFA03A8337A03FD06258869005263AB&action=openDocument,data\legislation\html\EBFA03A8337A03FD06258869005263AB.html,Reglamento para el Control de las Sustancias que Agotan la Capa de Ozono,Decreto Presidencial,Medio Ambiente y Recursos Naturales,09-2022,98,31/05/2022,Decreto,False,0,0,0,0,0,0,,,,
269938278C1E6BEB0625885900720661,http://legislacion.asamblea.nacional.gob.ni/Normaweb.nsf/xpNormaJuridica.xsp?documentId=269938278C1E6BEB0625885900720661&action=openDocument,data\legislation\html\269938278C1E6BEB0625885900720661.html,"Ley de Reforma a la Ley N°. 462, Ley de Conservación, Fomento y Desarrollo Sostenible del Sector Forestal",Leyes,Medio Ambiente y Recursos Naturales,1122,102,06/06/2022,Ley,False,0,0,0,0,0,0,,,,
6704FDE64817119F06258950007433DF,http://legislacion.asamblea.nacional.gob.ni/Normaweb.nsf/xpNormaJuridica.xsp?documentId=6704FDE64817119F06258950007433DF&action=openDocument,data\legislation\html\6704FDE64817119F06258950007433DF.html,"Texto Consolidado, Decreto Ejecutivo Nº. 91-2001, Reglamento del Fondo Nacional del Ambiente",Decretos Ejecutivos,Medio Ambiente y Recursos Naturales,91-2001,197,20/10/2022,Decreto,False,0,0,0,0,0,0,,,,
AD022D8A1A88428B0625894F005E86FD,http://legislacion.asamblea.nacional.gob.ni/Normaweb.nsf/xpNormaJuridica.xsp?documentId=AD022D8A1A88428B0625894F005E86FD&action=openDocument,data\legislation\html\AD022D8A1A88428B0625894F005E86FD.html,"Texto Consolidado, Decreto N°. 1320, Creación de Reservas Naturales en el Pacifico de Nicaragua",Decretos - Ley,Medio Ambiente y Recursos Naturales,1320,197,20/10/2022,Decreto-Ley,False,0,0,0,0,0,0,,,,
DCC83AD1D3339BCC0625894F005E2ED7,http://legislacion.asamblea.nacional.gob.ni/Normaweb.nsf/xpNormaJuridica.xsp?documentId=DCC83AD1D3339BCC0625894F005E2ED7&action=openDocument,data\legislation\html\DCC83AD1D3339BCC0625894F005E2ED7.html,"Texto Consolidado, Decreto-Ley Nº. 1294, Creación de Refugio de Vida Silvestre Río Escalante – Chacocente",Decretos - Ley,Medio Ambiente y Recursos Naturales,1294,197,20/10/2022,Decreto-Ley,False,0,0,0,0,0,0,,,,
344F81041159DB3406258950007507E7,http://legislacion.asamblea.nacional.gob.ni/Normaweb.nsf/xpNormaJuridica.xsp?documentId=344F81041159DB3406258950007507E7&action=openDocument,data\legislation\html\344F81041159DB3406258950007507E7.html,"Texto Consolidado, Decreto EJecutivo Nº. 50-2010, Reglamento de la Ley Especial de los Comités de Agua Potable y Saneamiento (CAPS)",Decretos Ejecutivos,Medio Ambiente y Recursos Naturales,50-2010,197,20/10/2022,Decreto,False,0,0,0,0,0,0,,,,
814181A30DB7FFD5062589500060124A,http://legislacion.asamblea.nacional.gob.ni/Normaweb.nsf/xpNormaJuridica.xsp?documentId=814181A30DB7FFD5062589500060124A&action=openDocument,data\legislation\html\814181A30DB7FFD5062589500060124A.html,"Texto Consolidado, Decreto Ejecutivo N°. 45-98, Disposiciones para la Fijación de las Tarifas en el Sector de Agua Potable y Alcantarillado Sanitario",Decretos Ejecutivos,Medio Ambiente y Recursos Naturales,45-98,197,20/10/2022,Decreto,False,0,0,0,0,0,0,,,,
FB7AAA66A15F1652062589500074EE73,http://legislacion.asamblea.nacional.gob.ni/Normaweb.nsf/xpNormaJuridica.xsp?documentId=FB7AAA66A15F1652062589500074EE73&action=openDocument,data\legislation\html\FB7AAA66A15F1652062589500074EE73.html,"Texto Consolidado, Decreto Ejecutivo N°. 01-2007, Reglamento de Áreas Protegidas de Nicaragua",Decretos Ejecutivos,Medio Ambiente y Recursos Naturales,01-2007,197,20/10/2022,Decreto,True,4,2,4,0,4,0,bienes y servicios ambientales; servicios ambientales,direct_es,ecosystem_services,1
0FB6D4E90DB7B94B062589500070608E,http://legislacion.asamblea.nacional.gob.ni/Normaweb.nsf/xpNormaJuridica.xsp?documentId=0FB6D4E90DB7B94B062589500070608E&action=openDocument,data\legislation\html\0FB6D4E90DB7B94B062589500070608E.html,"Texto Consolidado, Decreto Ejecutivo N°. 21-2002, De Creación de la Oficina Nacional de Desarrollo Limpio",Decretos Ejecutivos,Medio Ambiente y Recursos Naturales,21-2002,197,20/10/2022,Decreto,False,0,0,0,0,0,0,,,,
7F34C27CFBF486A80625895000724F90,http://legislacion.asamblea.nacional.gob.ni/Normaweb.nsf/xpNormaJuridica.xsp?documentId=7F34C27CFBF486A80625895000724F90&action=openDocument,data\legislation\html\7F34C27CFBF486A80625895000724F90.html,"Texto Consolidado, Decreto Ejecutivo Nº. 8-2005, De Creación del Comité Nacional del Hombre y la Biosfera",Decretos Ejecutivos,Medio Ambiente y Recursos Naturales,8-2005,197,20/10/2022,Decreto,True,2,2,2,0,2,0,bienes y servicios ambientales; servicios ambientales,direct_es,ecosystem_services,1
3C2354E26D2F6C42062589500071BACD,http://legislacion.asamblea.nacional.gob.ni/Normaweb.nsf/xpNormaJuridica.xsp?documentId=3C2354E26D2F6C42062589500071BACD&action=openDocument,data\legislation\html\3C2354E26D2F6C42062589500071BACD.html,"Texto Consolidado, Decreto Ejecutivo Nº. 36-2002, Para la Administración del Sistema de Evaluación Ambiental en las Regiones Autónomas de la Costa Caribe",Decretos Ejecutivos,Medio Ambiente y Recursos Naturales,36-2002,197,20/10/2022,Decreto,False,0,0,0,0,0,0,,,,
9B188FC0347416700625894F007CCF65,http://legislacion.asamblea.nacional.gob.ni/Normaweb.nsf/xpNormaJuridica.xsp?documentId=9B188FC0347416700625894F007CCF65&action=openDocument,data\legislation\html\9B188FC0347416700625894F007CCF65.html,"Texto Consolidado, Ley Nº. 833, Ley que Declara y Define los Límites de la Reserva de Biosfera de la Isla de Ometepe",Leyes,Medio Ambiente y Recursos Naturales,833,197,20/10/2022,Ley,True,1,1,1,0,1,0,servicios ambientales,direct_es,ecosystem_services,1
8056A624E874E3700625894F005F8756,http://legislacion.asamblea.nacional.gob.ni/Normaweb.nsf/xpNormaJuridica.xsp?documentId=8056A624E874E3700625894F005F8756&action=openDocument,data\legislation\html\8056A624E874E3700625894F005F8756.html,"Texto Consolidado, Ley Nº. 276, Ley de Creación de la Empresa Nicaragüense de Acueductos y Alcantarillados Sanitarios (ENACAL)",Leyes,Medio Ambiente y Recursos Naturales,276,197,20/10/2022,Ley,False,0,0,0,0,0,0,,,,
9A31CB1F5E477A1C0625894F005F2D79,http://legislacion.asamblea.nacional.gob.ni/Normaweb.nsf/xpNormaJuridica.xsp?documentId=9A31CB1F5E477A1C0625894F005F2D79&action=openDocument,data\legislation\html\9A31CB1F5E477A1C0625894F005F2D79.html,"Texto Consolidado, Ley Nº. 217, Ley General del Medio Ambiente y los Recursos Naturales",Leyes,Medio Ambiente y Recursos Naturales,217,197,20/10/2022,Ley,True,18,3,10,8,10,8,pago por servicios ambientales; pagos por servicios ambientales; servicios ambientales,direct_es; economic_instruments,ecosystem_services; payments,1; 2
FDC00CC38A1E4C390625894F00603FBE,http://legislacion.asamblea.nacional.gob.ni/Normaweb.nsf/xpNormaJuridica.xsp?documentId=FDC00CC38A1E4C390625894F00603FBE&action=openDocument,data\legislation\html\FDC00CC38A1E4C390625894F00603FBE.html,"Texto Consolidado, Ley Nº. 462, Ley de Conservación, Fomento y Desarrollo Sostenible del Sector Forestal",Leyes,Medio Ambiente y Recursos Naturales,462,197,20/10/2022,Ley,True,1,1,1,0,1,0,servicios ambientales,direct_es,ecosystem_services,1
0F911ABE0636BA7C062589500073020F,http://legislacion.asamblea.nacional.gob.ni/Normaweb.nsf/xpNormaJuridica.xsp?documentId=0F911ABE0636BA7C062589500073020F&action=openDocument,data\legislation\html\0F911ABE0636BA7C062589500073020F.html,"Texto Consolidado, Decreto Ejecutivo Nº. 9-96, Reglamento de la Ley General del Medio Ambiente y los Recursos Naturales",Decretos Ejecutivos,Medio Ambiente y Recursos Naturales,9-96,197,20/10/2022,Decreto,False,0,0,0,0,0,0,,,,
9577099EA073C5DB06258950007587D8,http://legislacion.asamblea.nacional.gob.ni/Normaweb.nsf/xpNormaJuridica.xsp?documentId=9577099EA073C5DB06258950007587D8&action=openDocument,data\legislation\html\9577099EA073C5DB06258950007587D8.html,"Texto Consolidado, Dereto Ejecutivo Nº. 33-2011, Registro Público Nacional de Derechos de Agua y de Prestadores de Servicios",Decretos Ejecutivos,Medio Ambiente y Recursos Naturales,33-2011,197,20/10/2022,Decreto,False,0,0,0,0,0,0,,,,
A84A64CB33E8572D06258950005FA1E1,http://legislacion.asamblea.nacional.gob.ni/Normaweb.nsf/xpNormaJuridica.xsp?documentId=A84A64CB33E8572D06258950005FA1E1&action=openDocument,data\legislation\html\A84A64CB33E8572D06258950005FA1E1.html,"Texto Consolidado, Decreto Ejecutivo N°. 32-97, Reglamento General para el Control de Emisiones de los Vehículos Automotores de Nicaragua",Decretos Ejecutivos,Medio Ambiente y Recursos Naturales,32-97,197,20/10/2022,Decreto,False,0,0,0,0,0,0,,,,
4AB3015ED34952480625894F005EEFD2,http://legislacion.asamblea.nacional.gob.ni/Normaweb.nsf/xpNormaJuridica.xsp?documentId=4AB3015ED34952480625894F005EEFD2&action=openDocument,data\legislation\html\4AB3015ED34952480625894F005EEFD2.html,"Texto Consolidado, Ley Nº. 168, Ley que Prohíbe el Tráfico de Desechos Peligrosos y Sustancias Tóxicas",Leyes,Medio Ambiente y Recursos Naturales,168,197,20/10/2022,Ley,False,0,0,0,0,0,0,,,,
C38C3726509E84D90625894F007BA2D0,http://legislacion.asamblea.nacional.gob.ni/Normaweb.nsf/xpNormaJuridica.xsp?documentId=C38C3726509E84D90625894F007BA2D0&action=openDocument,data\legislation\html\C38C3726509E84D90625894F007BA2D0.html,"Texto Consolidado, Ley N°. 722, Ley Especial de Comités de Agua Potable y Saneamiento",Leyes,Medio Ambiente y Recursos Naturales,722,197,20/10/2022,Ley,False,0,0,0,0,0,0,,,,
C47C6AE1368EE2330625894F005DCA72,http://legislacion.asamblea.nacional.gob.ni/Normaweb.nsf/xpNormaJuridica.xsp?documentId=C47C6AE1368EE2330625894F005DCA72&action=openDocument,data\legislation\html\C47C6AE1368EE2330625894F005DCA72.html,"Texto Consolidado, Ley Nº. 79, Ley Creadora del Parque Nacional Volcán Masaya",Leyes,Medio Ambiente y Recursos Naturales,79,197,20/10/2022,Ley,False,0,0,0,0,0,0,,,,
EA096260D1D65B13062589500073C53B,http://legislacion.asamblea.nacional.gob.ni/Normaweb.nsf/xpNormaJuridica.xsp?documentId=EA096260D1D65B13062589500073C53B&action=openDocument,data\legislation\html\EA096260D1D65B13062589500073C53B.html,"Texto Consolidado, Decreto Ejecutivo Nº. 52-98, Reglamento de la Ley General de Servicios de Agua Potable y Alcantarillado Sanitario",Decretos Ejecutivos,Medio Ambiente y Recursos Naturales,52-98,197,20/10/2022,Decreto,False,0,0,0,0,0,0,,,,
751A97981229892706258950005E9041,http://legislacion.asamblea.nacional.gob.ni/Normaweb.nsf/xpNormaJuridica.xsp?documentId=751A97981229892706258950005E9041&action=openDocument,data\legislation\html\751A97981229892706258950005E9041.html,"Texto Consolidado, Decreto Ejecutivo N°. 35-93, Declaración de Área Natural Protegida El Chocoyero - El Brujo",Decretos Ejecutivos,Medio Ambiente y Recursos Naturales,35-93,197,20/10/2022,Decreto,False,0,0,0,0,0,0,,,,
25CC3E972D6061A306258950005C95A8,http://legislacion.asamblea.nacional.gob.ni/Normaweb.nsf/xpNormaJuridica.xsp?documentId=25CC3E972D6061A306258950005C95A8&action=openDocument,data\legislation\html\25CC3E972D6061A306258950005C95A8.html,"Texto Consolidado, Decreto Ejecutivo N°. 42-91, Declaración de Áreas Protegidas en Varios Cerros Macizos Montañosos, Volcanes y Lagunas del País",Decretos Ejecutivos,Medio Ambiente y Recursos Naturales,42-91,197,20/10/2022,Decreto,False,0,0,0,0,0,0,,,,
CC977C8752DF53550625895000727A7A,http://legislacion.asamblea.nacional.gob.ni/Normaweb.nsf/xpNormaJuridica.xsp?documentId=CC977C8752DF53550625895000727A7A&action=openDocument,data\legislation\html\CC977C8752DF53550625895000727A7A.html,"Texto Consolidado, Decreto Ejecutivo Nº. 91-2005, De Política Nacional para la Gestión Integral de Sustancias y Residuos Peligrosos",Decretos Ejecutivos,Medio Ambiente y Recursos Naturales,91-2005,197,20/10/2022,Decreto,False,0,0,0,0,0,0,,,,
5E9B21E6AA42B9E6062589500075F371,http://legislacion.asamblea.nacional.gob.ni/Normaweb.nsf/xpNormaJuridica.xsp?documentId=5E9B21E6AA42B9E6062589500075F371&action=openDocument,data\legislation\html\5E9B21E6AA42B9E6062589500075F371.html,"Texto Consolidado, Reglamento Nº. 91-2000, Reglamento para el Control de Sustancias que Agotan la Capa de Ozono",Reglamentos,Medio Ambiente y Recursos Naturales,91-2000,197,20/10/2022,Reglamento,False,0,0,0,0,0,0,,,,
CE563154073C585E062589500072193B,http://legislacion.asamblea.nacional.gob.ni/Normaweb.nsf/xpNormaJuridica.xsp?documentId=CE563154073C585E062589500072193B&action=openDocument,data\legislation\html\CE563154073C585E062589500072193B.html,"Texto Consolidado, Decreto Ejecutivo Nº. 77-2003, De Establecimiento de las Disposiciones que Regulan las Descargas de Aguas Residuales Domésticas Provenientes de los Sistemas de Tratamiento en el Lago Xolotlán",Decretos Ejecutivos,Medio Ambiente y Recursos Naturales,77-2003,197,20/10/2022,Decreto,False,0,0,0,0,0,0,,,,
CE929583C76417E60625894F005FB526,http://legislacion.asamblea.nacional.gob.ni/Normaweb.nsf/xpNormaJuridica.xsp?documentId=CE929583C76417E60625894F005FB526&action=openDocument,data\legislation\html\CE929583C76417E60625894F005FB526.html,"Texto Consolidado, Ley Nº. 297, Ley General de Servicios de Agua Potable y Alcantarillado Sanitario",Leyes,Medio Ambiente y Recursos Naturales,297,197,20/10/2022,Ley,False,0,0,0,0,0,0,,,,
2A50E53B629689C00625894F007B6EC2,http://legislacion.asamblea.nacional.gob.ni/Normaweb.nsf/xpNormaJuridica.xsp?documentId=2A50E53B629689C00625894F007B6EC2&action=openDocument,data\legislation\html\2A50E53B629689C00625894F007B6EC2.html,"Texto Consolidado, Ley Nº. 585, Ley de Veda para el Corte, Aprovechamiento y Comercialización del Recurso Forestal",Leyes,Medio Ambiente y Recursos Naturales,585,197,20/10/2022,Ley,False,0,0,0,0,0,0,,,,
BBBD3F4EABA0693F06258950005C5874,http://legislacion.asamblea.nacional.gob.ni/Normaweb.nsf/xpNormaJuridica.xsp?documentId=BBBD3F4EABA0693F06258950005C5874&action=openDocument,data\legislation\html\BBBD3F4EABA0693F06258950005C5874.html,"Texto Consolidado, Decreto-Ley Nº. 1194, Creación del Parque Nacional Archipiélago Zapatera",Decretos - Ley,Medio Ambiente y Recursos Naturales,1194,197,20/10/2022,Decreto-Ley,False,0,0,0,0,0,0,,,,
1B556FB920CB44D20625894F006014B6,http://legislacion.asamblea.nacional.gob.ni/Normaweb.nsf/xpNormaJuridica.xsp?documentId=1B556FB920CB44D20625894F006014B6&action=openDocument,data\legislation\html\1B556FB920CB44D20625894F006014B6.html,"Texto Consolidado, Ley N°. 407, Ley que Declara y Define la Reserva de la Biosfera Bosawas",Leyes,Medio Ambiente y Recursos Naturales,407,197,20/10/2022,Ley,False,0,0,0,0,0,0,,,,
623D076D13B2D2830625894F007C075E,http://legislacion.asamblea.nacional.gob.ni/Normaweb.nsf/xpNormaJuridica.xsp?documentId=623D076D13B2D2830625894F007C075E&action=openDocument,data\legislation\html\623D076D13B2D2830625894F007C075E.html,"Texto Consolidado, Ley N°. 747, Ley para la Protección y el Bienestar de los Animales Domésticos y Animales Silvestres Domesticado",Leyes,Medio Ambiente y Recursos Naturales,747,197,20/10/2022,Ley,False,0,0,0,0,0,0,,,,
BB0013CBF9093B3E06258950005F7A9E,http://legislacion.asamblea.nacional.gob.ni/Normaweb.nsf/xpNormaJuridica.xsp?documentId=BB0013CBF9093B3E06258950005F7A9E&action=openDocument,data\legislation\html\BB0013CBF9093B3E06258950005F7A9E.html,"Texto Consolidado, Decreto Ejecutivo Nº. 6-96, Creación del Parque Histórico Nacional Loma de Tiscapa",Decretos Ejecutivos,Medio Ambiente y Recursos Naturales,6-96,197,20/10/2022,Decreto,False,0,0,0,0,0,0,,,,
CFF2FBAB6A41A60C062589500072A19A,http://legislacion.asamblea.nacional.gob.ni/Normaweb.nsf/xpNormaJuridica.xsp?documentId=CFF2FBAB6A41A60C062589500072A19A&action=openDocument,data\legislation\html\CFF2FBAB6A41A60C062589500072A19A.html,"Texto Consolidado, Decreto Ejecutivo Nº. 20-2008, Cobro para Coadyuvar con la Conservación y Protección de los Acuíferos",Decretos Ejecutivos,Medio Ambiente y Recursos Naturales,20-2008,197,20/10/2022,Decreto,False,0,0,0,0,0,0,,,,
887D0E62F2E058A70625894F007BED32,http://legislacion.asamblea.nacional.gob.ni/Normaweb.nsf/xpNormaJuridica.xsp?documentId=887D0E62F2E058A70625894F007BED32&action=openDocument,data\legislation\html\887D0E62F2E058A70625894F007BED32.html,"Texto Consolidado, Ley N°. 738, Ley que Declara y Define el Sistema de los Cayos Perlas Como Refugio de Vida Silvestre",Leyes,Medio Ambiente y Recursos Naturales,738,197,20/10/2022,Ley,False,0,0,0,0,0,0,,,,
B94717329F8F598D06258950005BE7E5,http://legislacion.asamblea.nacional.gob.ni/Normaweb.nsf/xpNormaJuridica.xsp?documentId=B94717329F8F598D06258950005BE7E5&action=openDocument,data\legislation\html\B94717329F8F598D06258950005BE7E5.html,"Texto Consolidado, Decreto Ejecutivo Nº. 43-91, Declaración de la Reserva Biológica Marina Cayos Mískitos y Franja Costera Inmediata",Decretos Ejecutivos,Medio Ambiente y Recursos Naturales,43-91,197,20/10/2022,Decreto,False,0,0,0,0,0,0,,,,
7B4986FACF108F3906258950006E8029,http://legislacion.asamblea.nacional.gob.ni/Normaweb.nsf/xpNormaJuridica.xsp?documentId=7B4986FACF108F3906258950006E8029&action=openDocument,data\legislation\html\7B4986FACF108F3906258950006E8029.html,"Texto Consolidado, Decreto Ejecutivo N°. 66-99, Actualización y Precisión de Categorías y Límites de las Áreas Protegidas Ubicadas en el Territorio del Sureste de Nicaragua",Decretos Ejecutivos,Medio Ambiente y Recursos Naturales,66-99,197,20/10/2022,Decreto,False,0,0,0,0,0,0,,,,
0404E60D225D0ACF062588E2006EE9F8,http://legislacion.asamblea.nacional.gob.ni/Normaweb.nsf/xpNormaJuridica.xsp?documentId=0404E60D225D0ACF062588E2006EE9F8&action=openDocument,data\legislation\html\0404E60D225D0ACF062588E2006EE9F8.html,Ley del Digesto Jurídico Nicaragüense de la Materia de Medio Ambiente y Recursos Naturales,Leyes,Medio Ambiente y Recursos Naturales,1051,197,20/10/2022,Ley,True,44,4,34,10,34,10,bienes y servicios ambientales; pago por servicios ambientales; pagos por servicios ambientales; servicios ambientales,direct_es; economic_instruments,ecosystem_services; payments,1; 2
1C7B43FC27F493A30625894F005EB590,http://legislacion.asamblea.nacional.gob.ni/Normaweb.nsf/xpNormaJuridica.xsp?documentId=1C7B43FC27F493A30625894F005EB590&action=openDocument,data\legislation\html\1C7B43FC27F493A30625894F005EB590.html,"Texto Consolidado, Decreto Ejecutivo Nº. 526, Creación de Reserva Genética Forestal",Decretos Ejecutivos,Medio Ambiente y Recursos Naturales,526,197,20/10/2022,Decreto,False,0,0,0,0,0,0,,,,
0DEFF1D487DFBA9A062589500072CFA8,http://legislacion.asamblea.nacional.gob.ni/Normaweb.nsf/xpNormaJuridica.xsp?documentId=0DEFF1D487DFBA9A062589500072CFA8&action=openDocument,data\legislation\html\0DEFF1D487DFBA9A062589500072CFA8.html,"Texto Consolidado, Decreto Ejecutivo Nº. 69-2008, Política Nacional de Desarrollo Sostenible del Sector Forestal de Nicaragua",Decretos Ejecutivos,Medio Ambiente y Recursos Naturales,69-2008,197,20/10/2022,Decreto,True,15,3,13,2,13,2,bienes y servicios ambientales; pagos por servicios ambientales; servicios ambientales,direct_es; economic_instruments,ecosystem_services; payments,1; 2
B2D29835646D8E260625894F007CB001,http://legislacion.asamblea.nacional.gob.ni/Normaweb.nsf/xpNormaJuridica.xsp?documentId=B2D29835646D8E260625894F007CB001&action=openDocument,data\legislation\html\B2D29835646D8E260625894F007CB001.html,"Texto Consolidado, Ley N°. 807, Ley de Conservación y Utilización Sostenible de la Diversidad Biológica",Leyes,Medio Ambiente y Recursos Naturales,807,197,20/10/2022,Ley,True,2,1,2,0,2,0,servicios ambientales,direct_es,ecosystem_services,1
B3CFEAE7A0291B790625895000747343,http://legislacion.asamblea.nacional.gob.ni/Normaweb.nsf/xpNormaJuridica.xsp?documentId=B3CFEAE7A0291B790625895000747343&action=openDocument,data\legislation\html\B3CFEAE7A0291B790625895000747343.html,"Texto Consolidado, Decreto Ejecutivo Nº. 73-2003, Reglamento de La Ley Nº. 462, Ley de Conservación, Fomento y Desarrollo Sostenible del Sector Forestal",Decretos Ejecutivos,Medio Ambiente y Recursos Naturales,73-2003,197,20/10/2022,Decreto,True,1,1,1,0,1,0,servicios ambientales,direct_es,ecosystem_services,1
B0544B90D35992DD062588FB00718937,http://legislacion.asamblea.nacional.gob.ni/Normaweb.nsf/xpNormaJuridica.xsp?documentId=B0544B90D35992DD062588FB00718937&action=openDocument,data\legislation\html\B0544B90D35992DD062588FB00718937.html,Ley Creadora del Parque Zoológico Nacional,Leyes,Medio Ambiente y Recursos Naturales,1138,214,15/11/2022,Ley,False,0,0,0,0,0,0,,,,
4C03359BDAEB1605062589CF004E0169,http://legislacion.asamblea.nacional.gob.ni/Normaweb.nsf/xpNormaJuridica.xsp?documentId=4C03359BDAEB1605062589CF004E0169&action=openDocument,data\legislation\html\4C03359BDAEB1605062589CF004E0169.html,De Creación de la Política Nacional para Evitar la Deforestación y Degradación de los Bosques,Decreto Presidencial,Medio Ambiente y Recursos Naturales,06-2023,104,13/06/2023,Decreto,True,1,1,1,0,1,0,servicios ecosistémicos,direct_es,ecosystem_services,1
3D9FA7D4D181914F06258AB30051C9F6,http://legislacion.asamblea.nacional.gob.ni/Normaweb.nsf/xpNormaJuridica.xsp?documentId=3D9FA7D4D181914F06258AB30051C9F6&action=openDocument,data\legislation\html\3D9FA7D4D181914F06258AB30051C9F6.html,"Texto Consolidado, Ley N°. 407, Ley que Declara y Define la Reserva de la Biosfera Bosawas",Leyes,Medio Ambiente y Recursos Naturales,407,217,29/09/2023,Ley,False,0,0,0,0,0,0,,,,
80F73FDFE94791A306258AC100592A2C,http://legislacion.asamblea.nacional.gob.ni/Normaweb.nsf/xpNormaJuridica.xsp?documentId=80F73FDFE94791A306258AC100592A2C&action=openDocument,data\legislation\html\80F73FDFE94791A306258AC100592A2C.html,"Texto Consolidado, Ley N°. 747, Ley para la Protección y el Bienestar de los Animales Domésticos y Animales Silvestres Domesticados",Leyes,Medio Ambiente y Recursos Naturales,747,217,19/11/2023,Ley,False,0,0,0,0,0,0,,,,
0A3F439C16A7488E06258AC1005FB3A1,http://legislacion.asamblea.nacional.gob.ni/Normaweb.nsf/xpNormaJuridica.xsp?documentId=0A3F439C16A7488E06258AC1005FB3A1&action=openDocument,data\legislation\html\0A3F439C16A7488E06258AC1005FB3A1.html,"Texto Consolidado, Decreto Ejecutivo N°. 68-2001, Creación de Unidades de Gestión Ambiental",Decretos Ejecutivos,Medio Ambiente y Recursos Naturales,68-2001,217,29/11/2023,Decreto,False,0,0,0,0,0,0,,,,
1010EBE9C819253206258ACA005A7D4E,http://legislacion.asamblea.nacional.gob.ni/Normaweb.nsf/xpNormaJuridica.xsp?documentId=1010EBE9C819253206258ACA005A7D4E&action=openDocument,data\legislation\html\1010EBE9C819253206258ACA005A7D4E.html,"Texto Consolidado, Decreto Ejecutivo N°. 33-2011, Reglamento del Registro Público Nacional de Derechos de Agua y de Prestadores de Servicios",Decretos Ejecutivos,Medio Ambiente y Recursos Naturales,33-2011,217,29/11/2023,Decreto,False,0,0,0,0,0,0,,,,
0F6E42A9D5C2C9FE06258AC5004E6B92,http://legislacion.asamblea.nacional.gob.ni/Normaweb.nsf/xpNormaJuridica.xsp?documentId=0F6E42A9D5C2C9FE06258AC5004E6B92&action=openDocument,data\legislation\html\0F6E42A9D5C2C9FE06258AC5004E6B92.html,"Texto Consolidado, Decreto Ejecutivo Nº. 526, Creación de Reserva Genética Forestal",Decretos Ejecutivos,Medio Ambiente y Recursos Naturales,526,217,29/11/2023,Decreto,False,0,0,0,0,0,0,,,,
758EBB18BA79C1F006258ACA005905F3,http://legislacion.asamblea.nacional.gob.ni/Normaweb.nsf/xpNormaJuridica.xsp?documentId=758EBB18BA79C1F006258ACA005905F3&action=openDocument,data\legislation\html\758EBB18BA79C1F006258ACA005905F3.html,"Texto Consolidado, Decreto Ejecutivo Nº. 36-2002, Para la Administración del Sistema de Evaluación Ambiental en las Regiones Autónomas de la Costa Caribe",Decretos Ejecutivos,Medio Ambiente y Recursos Naturales,36-2002,217,29/11/2023,Decreto,False,0,0,0,0,0,0,,,,
0C1A63415C8C952006258AC2004E7C76,http://legislacion.asamblea.nacional.gob.ni/Normaweb.nsf/xpNormaJuridica.xsp?documentId=0C1A63415C8C952006258AC2004E7C76&action=openDocument,data\legislation\html\0C1A63415C8C952006258AC2004E7C76.html,"Texto Consolidado, Ley N°. 807, Ley de Conservación y Utilización Sostenible de la Diversidad Biológica",Leyes,Medio Ambiente y Recursos Naturales,807,217,29/11/2023,Ley,True,2,1,2,0,2,0,servicios ambientales,direct_es,ecosystem_services,1
0B27DA3D8139FAB606258AC1005E3C3F,http://legislacion.asamblea.nacional.gob.ni/Normaweb.nsf/xpNormaJuridica.xsp?documentId=0B27DA3D8139FAB606258AC1005E3C3F&action=openDocument,data\legislation\html\0B27DA3D8139FAB606258AC1005E3C3F.html,"Texto Consolidado, Decreto Presidencial N°. 15-2021, Decreto de Creación del Sistema Nacional de Gestión del Cambio Climático y Establecimiento de los Principios y Lineamientos de la Política Nacional de Cambio Climático",Decreto Presidencial,Medio Ambiente y Recursos Naturales,15-2021,217,29/11/2023,Decreto,False,0,0,0,0,0,0,,,,
76BDD1358CF1735D06258AC1005EDE93,http://legislacion.asamblea.nacional.gob.ni/Normaweb.nsf/xpNormaJuridica.xsp?documentId=76BDD1358CF1735D06258AC1005EDE93&action=openDocument,data\legislation\html\76BDD1358CF1735D06258AC1005EDE93.html,"Texto Consolidado, Decreto Ejecutivo N°. 69-2008, Política Nacional de Desarrollo Sostenible del Sector Forestal de Nicaragua",Decretos Ejecutivos,Medio Ambiente y Recursos Naturales,69-2008,217,29/11/2023,Decreto,True,15,3,13,2,13,2,bienes y servicios ambientales; pagos por servicios ambientales; servicios ambientales,direct_es; economic_instruments,ecosystem_services; payments,1; 2
486CB7FD66EFEDD806258AC1005A1BA2,http://legislacion.asamblea.nacional.gob.ni/Normaweb.nsf/xpNormaJuridica.xsp?documentId=486CB7FD66EFEDD806258AC1005A1BA2&action=openDocument,data\legislation\html\486CB7FD66EFEDD806258AC1005A1BA2.html,"Texto Consolidado, Ley N°. 276, Ley de Creación de la Empresa Nicaragüense de Acueductos y Alcantarillados Sanitarios (ENACAL)",Leyes,Medio Ambiente y Recursos Naturales,276,217,29/11/2023,Ley,False,0,0,0,0,0,0,,,,
130DB7BEF926032806258AC4004E6315,http://legislacion.asamblea.nacional.gob.ni/Normaweb.nsf/xpNormaJuridica.xsp?documentId=130DB7BEF926032806258AC4004E6315&action=openDocument,data\legislation\html\130DB7BEF926032806258AC4004E6315.html,"Texto Consolidado, Decreto Ejecutivo Nº. 73-2003, Reglamento de la Ley N°. 462, Ley de Conservación, Fomento y Desarrollo Sostenible del Sector Forestal",Decretos Ejecutivos,Medio Ambiente y Recursos Naturales,73-2003,217,29/11/2023,Decreto,True,1,1,1,0,1,0,servicios ambientales,direct_es,ecosystem_services,1
98A5DCFED890F26406258AC10059A596,http://legislacion.asamblea.nacional.gob.ni/Normaweb.nsf/xpNormaJuridica.xsp?documentId=98A5DCFED890F26406258AC10059A596&action=openDocument,data\legislation\html\98A5DCFED890F26406258AC10059A596.html,"Texto Consolidado, Decreto Ejecutivo N°. 43-91, Declaración de la Reserva Biológica Marina Cayos Mískitos y Franja Costera Inmediata",Decretos Ejecutivos,Medio Ambiente y Recursos Naturales,43-91,217,29/11/2023,Decreto,False,0,0,0,0,0,0,,,,
9A451A285C36D2E806258AC100587AE0,http://legislacion.asamblea.nacional.gob.ni/Normaweb.nsf/xpNormaJuridica.xsp?documentId=9A451A285C36D2E806258AC100587AE0&action=openDocument,data\legislation\html\9A451A285C36D2E806258AC100587AE0.html,"Texto Consolidado, Ley Nº. 462, Ley de Conservación, Fomento y Desarrollo Sostenible del Sector Forestal",Leyes,Medio Ambiente y Recursos Naturales,462,217,29/11/2023,Ley,True,1,1,1,0,1,0,servicios ambientales,direct_es,ecosystem_services,1
AD55C588841C341006258AC9004D347E,http://legislacion.asamblea.nacional.gob.ni/Normaweb.nsf/xpNormaJuridica.xsp?documentId=AD55C588841C341006258AC9004D347E&action=openDocument,data\legislation\html\AD55C588841C341006258AC9004D347E.html,"Texto Consolidado, Ley Nº. 297, Ley General de Servicios de Agua Potable y Alcantarillado Sanitario",Leyes,Medio Ambiente y Recursos Naturales,297,217,29/11/2023,Ley,False,0,0,0,0,0,0,,,,
4DF0744D898255FA06258AC40051DC70,http://legislacion.asamblea.nacional.gob.ni/Normaweb.nsf/xpNormaJuridica.xsp?documentId=4DF0744D898255FA06258AC40051DC70&action=openDocument,data\legislation\html\4DF0744D898255FA06258AC40051DC70.html,"Texto Consolidado, Decreto Ejecutivo N°. 91-2001, Reglamento del Fondo Nacional del Ambiente",Decretos Ejecutivos,Medio Ambiente y Recursos Naturales,91-2001,217,29/11/2023,Decreto,False,0,0,0,0,0,0,,,,
3337D11E0DAFE09B06258AC1005DC635,http://legislacion.asamblea.nacional.gob.ni/Normaweb.nsf/xpNormaJuridica.xsp?documentId=3337D11E0DAFE09B06258AC1005DC635&action=openDocument,data\legislation\html\3337D11E0DAFE09B06258AC1005DC635.html,"Texto Consolidado, Decreto Ejecutivo Nº. 91-2005, De Política Nacional para la Gestión Integral de Sustancias y Residuos Peligrosos",Decretos Ejecutivos,Medio Ambiente y Recursos Naturales,91-2005,217,29/11/2023,Decreto,False,0,0,0,0,0,0,,,,
311FC5CEB247FA7406258AC1005A8494,http://legislacion.asamblea.nacional.gob.ni/Normaweb.nsf/xpNormaJuridica.xsp?documentId=311FC5CEB247FA7406258AC1005A8494&action=openDocument,data\legislation\html\311FC5CEB247FA7406258AC1005A8494.html,"Texto Consolidado, Ley N°. 722, Ley Especial de Comités de Agua Potable y Saneamiento",Leyes,Medio Ambiente y Recursos Naturales,722,217,29/11/2023,Ley,False,0,0,0,0,0,0,,,,
B422247DDCD4E4A406258AC9006F195A,http://legislacion.asamblea.nacional.gob.ni/Normaweb.nsf/xpNormaJuridica.xsp?documentId=B422247DDCD4E4A406258AC9006F195A&action=openDocument,data\legislation\html\B422247DDCD4E4A406258AC9006F195A.html,"Texto Consolidado, Decreto Ejecutivo Nº. 6-96, Creación del Parque Histórico Nacional Loma de Tiscapa",Decretos Ejecutivos,Medio Ambiente y Recursos Naturales,6-96,217,29/11/2023,Decreto,False,0,0,0,0,0,0,,,,
4E68F23237EBADB006258ACA005ADD42,http://legislacion.asamblea.nacional.gob.ni/Normaweb.nsf/xpNormaJuridica.xsp?documentId=4E68F23237EBADB006258ACA005ADD42&action=openDocument,data\legislation\html\4E68F23237EBADB006258ACA005ADD42.html,"Texto Consolidado, Decreto Ejecutivo Nº. 20-2008, Cobro para Coadyuvar con la Conservación y Protección de los Acuíferos",Decretos Ejecutivos,Medio Ambiente y Recursos Naturales,20-2008,217,29/11/2023,Decreto,False,0,0,0,0,0,0,,,,
8C1DA12EAB7A2D3F06258AC100558B83,http://legislacion.asamblea.nacional.gob.ni/Normaweb.nsf/xpNormaJuridica.xsp?documentId=8C1DA12EAB7A2D3F06258AC100558B83&action=openDocument,data\legislation\html\8C1DA12EAB7A2D3F06258AC100558B83.html,"Texto Consolidado, Decreto-Ley Nº. 1320, Creación de Reservas Naturales en el Pacifico de Nicaragua",Decretos - Ley,Medio Ambiente y Recursos Naturales,1320,217,29/11/2023,Decreto-Ley,False,0,0,0,0,0,0,,,,
2C926E1D130AF39E06258AC9004E7437,http://legislacion.asamblea.nacional.gob.ni/Normaweb.nsf/xpNormaJuridica.xsp?documentId=2C926E1D130AF39E06258AC9004E7437&action=openDocument,data\legislation\html\2C926E1D130AF39E06258AC9004E7437.html,"Texto Consolidado, Ley Nº. 585, Ley de Veda para el Corte, Aprovechamiento y Comercialización del Recurso Forestal",Leyes,Medio Ambiente y Recursos Naturales,585,217,29/11/2023,Ley,False,0,0,0,0,0,0,,,,
2AAB47141DF2B05706258AC5004CE23B,http://legislacion.asamblea.nacional.gob.ni/Normaweb.nsf/xpNormaJuridica.xsp?documentId=2AAB47141DF2B05706258AC5004CE23B&action=openDocument,data\legislation\html\2AAB47141DF2B05706258AC5004CE23B.html,"Texto Consolidado, Ley N°. 79, Ley Creadora del Parque Nacional Volcán Masaya",Leyes,Medio Ambiente y Recursos Naturales,79,217,29/11/2023,Ley,False,0,0,0,0,0,0,,,,
882944434932FD6C06258AC10056497C,http://legislacion.asamblea.nacional.gob.ni/Normaweb.nsf/xpNormaJuridica.xsp?documentId=882944434932FD6C06258AC10056497C&action=openDocument,data\legislation\html\882944434932FD6C06258AC10056497C.html,"Texto Consolidado, Ley N°. 738, Ley que Declara y Define El Sistema de los Cayos Perlas Como Refugio de Vida Silvestre",Leyes,Medio Ambiente y Recursos Naturales,738,217,29/11/2023,Ley,False,0,0,0,0,0,0,,,,
C06E7C271395CCF906258AC4004C6BCB,http://legislacion.asamblea.nacional.gob.ni/Normaweb.nsf/xpNormaJuridica.xsp?documentId=C06E7C271395CCF906258AC4004C6BCB&action=openDocument,data\legislation\html\C06E7C271395CCF906258AC4004C6BCB.html,"Texto Consolidado, Decreto Ejecutivo Nº. 9-96, Reglamento de la Ley General del Medio Ambiente y los Recursos Naturales",Decretos Ejecutivos,Medio Ambiente y Recursos Naturales,9-96,217,29/11/2023,Decreto,False,0,0,0,0,0,0,,,,
C0DA4C04ACDE461206258AC5004DFF6C,http://legislacion.asamblea.nacional.gob.ni/Normaweb.nsf/xpNormaJuridica.xsp?documentId=C0DA4C04ACDE461206258AC5004DFF6C&action=openDocument,data\legislation\html\C0DA4C04ACDE461206258AC5004DFF6C.html,"Texto Consolidado, Decreto-Ley N°. 1294, Creación de Refugio de Vida Silvestre Río Escalante – Chacocente",Decretos - Ley,Medio Ambiente y Recursos Naturales,1294,217,29/11/2023,Decreto-Ley,False,0,0,0,0,0,0,,,,
864AD46E8D20CFCF06258A78006871BE,http://legislacion.asamblea.nacional.gob.ni/Normaweb.nsf/xpNormaJuridica.xsp?documentId=864AD46E8D20CFCF06258A78006871BE&action=openDocument,data\legislation\html\864AD46E8D20CFCF06258A78006871BE.html,Ley del Digesto Jurídico Nicaragüense de la Materia de Medio Ambiente y Recursos Naturales,Leyes,Medio Ambiente y Recursos Naturales,1163,217,29/11/2023,Ley,True,50,6,39,11,39,11,bienes y servicios ambientales; funciones ecológicas; incentivos para la conservación; pago por servicios ambientales; pagos por servicios ambientales; servicios ambientales,direct_es; economic_instruments,ecosystem_functions; ecosystem_services; incentives; payments,1; 2
C1B3EC7B6480137206258AC1005D1AF3,http://legislacion.asamblea.nacional.gob.ni/Normaweb.nsf/xpNormaJuridica.xsp?documentId=C1B3EC7B6480137206258AC1005D1AF3&action=openDocument,data\legislation\html\C1B3EC7B6480137206258AC1005D1AF3.html,"Texto Consolidado, Decreto Ejecutivo N°. 03-2019, Decreto, Reglamentando el Procedimiento para la Aprobación e Implementación de los Incentivos Forestales",Decretos Ejecutivos,Medio Ambiente y Recursos Naturales,03-2019,217,29/11/2023,Decreto,False,0,0,0,0,0,0,,,,
C31F16E677EE854806258ACA0059A7BE,http://legislacion.asamblea.nacional.gob.ni/Normaweb.nsf/xpNormaJuridica.xsp?documentId=C31F16E677EE854806258ACA0059A7BE&action=openDocument,data\legislation\html\C31F16E677EE854806258ACA0059A7BE.html,"Texto Consolidado, Decreto Ejecutivo Nº. 50-2010, Reglamento de la Ley Especial de los Comités de Agua Potable y Saneamiento (CAPS)",Decretos Ejecutivos,Medio Ambiente y Recursos Naturales,50-2010,217,29/11/2023,Decreto,False,0,0,0,0,0,0,,,,
6CBE0EEEAFA1180906258AC400552A3C,http://legislacion.asamblea.nacional.gob.ni/Normaweb.nsf/xpNormaJuridica.xsp?documentId=6CBE0EEEAFA1180906258AC400552A3C&action=openDocument,data\legislation\html\6CBE0EEEAFA1180906258AC400552A3C.html,"Texto Consolidado, Decreto Ejecutivo N°. 21-2017, Reglamento en el que se Establecen las Disposiciones para el Vertido de Aguas Residuales",Decretos Ejecutivos,Medio Ambiente y Recursos Naturales,21-2017,217,29/11/2023,Decreto,True,1,1,1,0,1,0,funciones ecológicas,direct_es,ecosystem_functions,1
E7321B0FA4262C9406258AC1005CA2B9,http://legislacion.asamblea.nacional.gob.ni/Normaweb.nsf/xpNormaJuridica.xsp?documentId=E7321B0FA4262C9406258AC1005CA2B9&action=openDocument,data\legislation\html\E7321B0FA4262C9406258AC1005CA2B9.html,"Texto Consolidado, Decreto Ejecutivo Nº. 8-2005, De Creación del Comité Nacional del Hombre y la Biosfera",Decretos Ejecutivos,Medio Ambiente y Recursos Naturales,8-2005,217,29/11/2023,Decreto,True,2,2,2,0,2,0,bienes y servicios ambientales; servicios ambientales,direct_es,ecosystem_services,1
142C5FAA76136E2806258AC1005F4902,http://legislacion.asamblea.nacional.gob.ni/Normaweb.nsf/xpNormaJuridica.xsp?documentId=142C5FAA76136E2806258AC1005F4902&action=openDocument,data\legislation\html\142C5FAA76136E2806258AC1005F4902.html,"Texto Consolidado, Decreto Ejecutivo N°. 78-2003, De Establecimiento de la Política Nacional de Humedales",Decretos Ejecutivos,Medio Ambiente y Recursos Naturales,78-2003,217,29/11/2023,Decreto,True,5,4,4,1,4,1,bienes y servicios ambientales; funciones ecológicas; incentivos para la conservación; servicios ambientales,direct_es; economic_instruments,ecosystem_functions; ecosystem_services; incentives,1; 2
6CA2D92D6D03AB8B06258AC1005AE219,http://legislacion.asamblea.nacional.gob.ni/Normaweb.nsf/xpNormaJuridica.xsp?documentId=6CA2D92D6D03AB8B06258AC1005AE219&action=openDocument,data\legislation\html\6CA2D92D6D03AB8B06258AC1005AE219.html,"Texto Consolidado, Ley Nº. 833, Ley que Declara y Define los Límites de la Reserva de Biosfera de la Isla de Ometepe",Leyes,Medio Ambiente y Recursos Naturales,833,217,29/11/2023,Ley,True,1,1,1,0,1,0,servicios ambientales,direct_es,ecosystem_services,1
E1C33D6EE9DCDD6C06258ACA005A0FAA,http://legislacion.asamblea.nacional.gob.ni/Normaweb.nsf/xpNormaJuridica.xsp?documentId=E1C33D6EE9DCDD6C06258ACA005A0FAA&action=openDocument,data\legislation\html\E1C33D6EE9DCDD6C06258ACA005A0FAA.html,"Texto Consolidado, Decreto Ejecutivo Nº. 77-2003, De Establecimiento de las Disposiciones que Regulan las Descargas de Aguas Residuales Domésticas Provenientes de los Sistemas de Tratamiento en el Lago Xolotlán",Decretos Ejecutivos,Medio Ambiente y Recursos Naturales,77-2003,217,29/11/2023,Decreto,False,0,0,0,0,0,0,,,,
1918A318653F080806258AC1005C393B,http://legislacion.asamblea.nacional.gob.ni/Normaweb.nsf/xpNormaJuridica.xsp?documentId=1918A318653F080806258AC1005C393B&action=openDocument,data\legislation\html\1918A318653F080806258AC1005C393B.html,"Texto Consolidado, Decreto Ejecutivo N°. 66-99, Actualización y Precisión de Categorías y Límites de las Áreas Protegidas Ubicadas en el Territorio del Sureste de Nicaragua",Decretos Ejecutivos,Medio Ambiente y Recursos Naturales,66-99,217,29/11/2023,Decreto,False,0,0,0,0,0,0,,,,
10CF7B394A7719C006258AC10057DF30,http://legislacion.asamblea.nacional.gob.ni/Normaweb.nsf/xpNormaJuridica.xsp?documentId=10CF7B394A7719C006258AC10057DF30&action=openDocument,data\legislation\html\10CF7B394A7719C006258AC10057DF30.html,"Texto Consolidado, Ley N°. 217, Ley General del Medio Ambiente y los Recursos Naturales",Leyes,Medio Ambiente y Recursos Naturales,217,217,29/11/2023,Ley,True,18,3,10,8,10,8,pago por servicios ambientales; pagos por servicios ambientales; servicios ambientales,direct_es; economic_instruments,ecosystem_services; payments,1; 2
D8CDA26441D041BE06258AC1005765B8,http://legislacion.asamblea.nacional.gob.ni/Normaweb.nsf/xpNormaJuridica.xsp?documentId=D8CDA26441D041BE06258AC1005765B8&action=openDocument,data\legislation\html\D8CDA26441D041BE06258AC1005765B8.html,"Texto Consolidado, Ley N°. 941, Ley Creadora de la Comisión Nacional de Registro y Control de Sustancias Tóxicas (CNRCST)",Leyes,Medio Ambiente y Recursos Naturales,941,217,29/11/2023,Ley,False,0,0,0,0,0,0,,,,
D59232C9185C907006258AC9004F299E,http://legislacion.asamblea.nacional.gob.ni/Normaweb.nsf/xpNormaJuridica.xsp?documentId=D59232C9185C907006258AC9004F299E&action=openDocument,data\legislation\html\D59232C9185C907006258AC9004F299E.html,"Texto Consolidado, Decreto-Ley N°. 1194, Creación del Parque Nacional Archipiélago Zapatera",Decretos - Ley,Medio Ambiente y Recursos Naturales,1194,217,29/11/2023,Decreto-Ley,False,0,0,0,0,0,0,,,,
D4BA16553FBB0C3406258AC9006F9894,http://legislacion.asamblea.nacional.gob.ni/Normaweb.nsf/xpNormaJuridica.xsp?documentId=D4BA16553FBB0C3406258AC9006F9894&action=openDocument,data\legislation\html\D4BA16553FBB0C3406258AC9006F9894.html,"Texto Consolidado, Decreto Ejecutivo N°. 45-98, Disposiciones para la Fijación de las Tarifas en el Sector de Agua Potable y Alcantarillado Sanitario",Decretos Ejecutivos,Medio Ambiente y Recursos Naturales,45-98,217,29/11/2023,Decreto,False,0,0,0,0,0,0,,,,
D1724339F9186A6A06258AC4005014FD,http://legislacion.asamblea.nacional.gob.ni/Normaweb.nsf/xpNormaJuridica.xsp?documentId=D1724339F9186A6A06258AC4005014FD&action=openDocument,data\legislation\html\D1724339F9186A6A06258AC4005014FD.html,"Texto Consolidado, Decreto Ejecutivo Nº. 52-98, Reglamento de la Ley General de Servicios de Agua Potable y Alcantarillado Sanitario",Decretos Ejecutivos,Medio Ambiente y Recursos Naturales,52-98,217,29/11/2023,Decreto,False,0,0,0,0,0,0,,,,
CB917E2B71BB063C06258AC9004DCA2E,http://legislacion.asamblea.nacional.gob.ni/Normaweb.nsf/xpNormaJuridica.xsp?documentId=CB917E2B71BB063C06258AC9004DCA2E&action=openDocument,data\legislation\html\CB917E2B71BB063C06258AC9004DCA2E.html,"Texto Consolidado, Decreto Ejecutivo N°. 42-91, Declaración de Áreas Protegidas en Varios Cerros Macizos Montañosos, Volcanes y Lagunas del País",Decretos Ejecutivos,Medio Ambiente y Recursos Naturales,42-91,217,29/11/2023,Decreto,False,0,0,0,0,0,0,,,,
1FEF023D822F6F9E06258AC400511327,http://legislacion.asamblea.nacional.gob.ni/Normaweb.nsf/xpNormaJuridica.xsp?documentId=1FEF023D822F6F9E06258AC400511327&action=openDocument,data\legislation\html\1FEF023D822F6F9E06258AC400511327.html,"Texto Consolidado, Decreto Ejecutivo N°. 01-2007, Reglamento de Áreas Protegidas de Nicaragua",Decretos Ejecutivos,Medio Ambiente y Recursos Naturales,01-2007,217,29/11/2023,Decreto,True,4,2,4,0,4,0,bienes y servicios ambientales; servicios ambientales,direct_es,ecosystem_services,1
C5D3A7A9B4C225E106258AC1005B482C,http://legislacion.asamblea.nacional.gob.ni/Normaweb.nsf/xpNormaJuridica.xsp?documentId=C5D3A7A9B4C225E106258AC1005B482C&action=openDocument,data\legislation\html\C5D3A7A9B4C225E106258AC1005B482C.html,"Texto Consolidado, Decreto Ejecutivo N°. 32-97, Reglamento General para el Control de Emisiones de los Vehículos Automotores de Nicaragua",Decretos Ejecutivos,Medio Ambiente y Recursos Naturales,32-97,217,29/11/2023,Decreto,False,0,0,0,0,0,0,,,,
829137E86B0C09C006258AC5004D728F,http://legislacion.asamblea.nacional.gob.ni/Normaweb.nsf/xpNormaJuridica.xsp?documentId=829137E86B0C09C006258AC5004D728F&action=openDocument,data\legislation\html\829137E86B0C09C006258AC5004D728F.html,"Texto Consolidado, Ley N°. 168, Ley que Prohíbe el Tráfico de Desechos Peligrosos y Sustancias Tóxicas",Leyes,Medio Ambiente y Recursos Naturales,168,217,29/11/2023,Ley,False,0,0,0,0,0,0,,,,
848B777DAC7AE2FD06258AC9006E6890,http://legislacion.asamblea.nacional.gob.ni/Normaweb.nsf/xpNormaJuridica.xsp?documentId=848B777DAC7AE2FD06258AC9006E6890&action=openDocument,data\legislation\html\848B777DAC7AE2FD06258AC9006E6890.html,"Texto Consolidado, Decreto Ejecutivo N°. 35-93, Declaración de Área Natural Protegida El Chocoyero - El Brujo",Decretos Ejecutivos,Medio Ambiente y Recursos Naturales,35-93,217,29/11/2023,Decreto,False,0,0,0,0,0,0,,,,
