document_id,url,file,titulo,rango,materia,no_norma,no_gaceta,fecha_publicacion,tipo_norma,match_number,term,category,subcategory,tier,matched_text,context
2225795ADAD762DF06257217006632B7,http://legislacion.asamblea.nacional.gob.ni/Normaweb.nsf/xpNormaJuridica.xsp?documentId=2225795ADAD762DF06257217006632B7&action=openDocument,data\legislation\html\2225795ADAD762DF06257217006632B7.html,Reglamento de Áreas Protegidas de Nicaragua,Decretos Ejecutivos,Medio Ambiente y Recursos Naturales,14-99,42 y 43,03/03/1999,Decreto,1,servicios ambientales,direct_es,ecosystem_services,1,SERVICIOS AMBIENTALES,SERVICIOS AMBIENTALES: Elementos ambientales y sus Asociaciones que inciden directamente en la protección y el mejoramiento del medio ambiente y la calidad de vida.
2225795ADAD762DF06257217006632B7,http://legislacion.asamblea.nacional.gob.ni/Normaweb.nsf/xpNormaJuridica.xsp?documentId=2225795ADAD762DF06257217006632B7&action=openDocument,data\legislation\html\2225795ADAD762DF06257217006632B7.html,Reglamento de Áreas Protegidas de Nicaragua,Decretos Ejecutivos,Medio Ambiente y Recursos Naturales,14-99,42 y 43,03/03/1999,Decreto,2,servicios ambientales,direct_es,ecosystem_services,1,servicios ambientales,"- Promover el desarrollo regional basado en la producción y uso sostenible de los recursos naturales, diversificación y aplicación de tecnologías de bajo impacto ambiental manteniendo ambientes naturales con altos valores de servicios ambientales y procesos ecológicos esenciales para la sostenibilidad, respetando el manejo propio de cada categoría de AP que la íntegra."
2225795ADAD762DF06257217006632B7,http://legislacion.asamblea.nacional.gob.ni/Normaweb.nsf/xpNormaJuridica.xsp?documentId=2225795ADAD762DF06257217006632B7&action=openDocument,data\legislation\html\2225795ADAD762DF06257217006632B7.html,Reglamento de Áreas Protegidas de Nicaragua,Decretos Ejecutivos,Medio Ambiente y Recursos Naturales,14-99,42 y 43,03/03/1999,Decreto,3,servicios ambientales,direct_es,ecosystem_services,1,servicios ambientales,- Valoración preliminar de los servicios ambientales que provee.
2225795ADAD762DF06257217006632B7,http://legislacion.asamblea.nacional.gob.ni/Normaweb.nsf/xpNormaJuridica.xsp?documentId=2225795ADAD762DF06257217006632B7&action=openDocument,data\legislation\html\2225795ADAD762DF06257217006632B7.html,Reglamento de Áreas Protegidas de Nicaragua,Decretos Ejecutivos,Medio Ambiente y Recursos Naturales,14-99,42 y 43,03/03/1999,Decreto,4,servicios ambientales,direct_es,ecosystem_services,1,servicios ambientales,"1) Generalidades - Ubicación geográfica, extensión del área y base legal - Objetivos del área y del Plan - Directrices y políticas para el manejo del área 2) Diagnóstico Diagnóstico ambiental y socioeconómico de la situación actual del área protegida y de su zona de amortiguamiento, que contemple lo siguiente: 2.1 ) Valoración de la biodiversidad 2.2) Valoración hidrológica 2.3) Fragilidad de los recursos 2.4) Valoración de los servicios ambientales 2.5) Impactos ambientales de las actividades del área 2.ó) Análisis del uso histórico de la tierra 2.7) Valoración histórico cultural 2.8) Identificación de áreas críticas 2.9) Evaluación de la factibilidad de la Categoría del área 3) Zonificación - Zonificación de los diferentes usos del área y su zona de amortiguamiento."
89068579BAF511E5062570A600647E7F,http://legislacion.asamblea.nacional.gob.ni/Normaweb.nsf/xpNormaJuridica.xsp?documentId=89068579BAF511E5062570A600647E7F&action=openDocument,data\legislation\html\89068579BAF511E5062570A600647E7F.html,Establece la Política Ambiental y Aprueba el Plan Ambiental de Nicaragua 2001-2005,Decretos Ejecutivos,Medio Ambiente y Recursos Naturales,25-2001,44,02/03/2001,Decreto,1,servicios ambientales,direct_es,ecosystem_services,1,servicios ambientales,"El patrimonio natural de la nación tiene un valor que deberá incorporarse al Sistema de Cuentas Nacionales a través del Sistema de Cuentas Satélite de Medio Ambiente, promoviendo así la valoración de bienes y servicios ambientales y la priorización de las decisiones de inversión y uso de los mismos."
89068579BAF511E5062570A600647E7F,http://legislacion.asamblea.nacional.gob.ni/Normaweb.nsf/xpNormaJuridica.xsp?documentId=89068579BAF511E5062570A600647E7F&action=openDocument,data\legislation\html\89068579BAF511E5062570A600647E7F.html,Establece la Política Ambiental y Aprueba el Plan Ambiental de Nicaragua 2001-2005,Decretos Ejecutivos,Medio Ambiente y Recursos Naturales,25-2001,44,02/03/2001,Decreto,2,servicios ambientales,direct_es,ecosystem_services,1,servicios ambientales,"El Estado garantizará la incorporación de la variable ambiental en el análisis de costo-beneficio para la priorización de las inversiones públicas y promoverá la inversión privada en infraestructura ambiental, la creación de mercados de servicios ambientales y otros instrumentos para el financiamiento de desarrollo sostenible."
89068579BAF511E5062570A600647E7F,http://legislacion.asamblea.nacional.gob.ni/Normaweb.nsf/xpNormaJuridica.xsp?documentId=89068579BAF511E5062570A600647E7F&action=openDocument,data\legislation\html\89068579BAF511E5062570A600647E7F.html,Establece la Política Ambiental y Aprueba el Plan Ambiental de Nicaragua 2001-2005,Decretos Ejecutivos,Medio Ambiente y Recursos Naturales,25-2001,44,02/03/2001,Decreto,3,servicios ambientales,direct_es,ecosystem_services,1,servicios ambientales,"El Estado propiciará la participación activa del sector privado y la ciudadanía en la protección y funcionamiento del Sistema Nacional de Áreas Protegidas, a través de inversiones en infraestructura, administración de áreas y generación de servicios ambientales."
89068579BAF511E5062570A600647E7F,http://legislacion.asamblea.nacional.gob.ni/Normaweb.nsf/xpNormaJuridica.xsp?documentId=89068579BAF511E5062570A600647E7F&action=openDocument,data\legislation\html\89068579BAF511E5062570A600647E7F.html,Establece la Política Ambiental y Aprueba el Plan Ambiental de Nicaragua 2001-2005,Decretos Ejecutivos,Medio Ambiente y Recursos Naturales,25-2001,44,02/03/2001,Decreto,4,servicios ambientales,direct_es,ecosystem_services,1,servicios ambientales,"- Fomentar el manejo y la restauración de ecosistemas de alta vulnerabilidad dirigidas a la conservación suelo, agua, servicios ambientales, dendroenergía, industria."
89068579BAF511E5062570A600647E7F,http://legislacion.asamblea.nacional.gob.ni/Normaweb.nsf/xpNormaJuridica.xsp?documentId=89068579BAF511E5062570A600647E7F&action=openDocument,data\legislation\html\89068579BAF511E5062570A600647E7F.html,Establece la Política Ambiental y Aprueba el Plan Ambiental de Nicaragua 2001-2005,Decretos Ejecutivos,Medio Ambiente y Recursos Naturales,25-2001,44,02/03/2001,Decreto,5,servicios ambientales,direct_es,ecosystem_services,1,Servicios ambientales,Servicios ambientales de las Áreas Protegidas.
89068579BAF511E5062570A600647E7F,http://legislacion.asamblea.nacional.gob.ni/Normaweb.nsf/xpNormaJuridica.xsp?documentId=89068579BAF511E5062570A600647E7F&action=openDocument,data\legislation\html\89068579BAF511E5062570A600647E7F.html,Establece la Política Ambiental y Aprueba el Plan Ambiental de Nicaragua 2001-2005,Decretos Ejecutivos,Medio Ambiente y Recursos Naturales,25-2001,44,02/03/2001,Decreto,6,servicios ambientales,direct_es,ecosystem_services,1,servicios ambientales,"- Identificar, valorar y ofertar los servicios ambientales de las Áreas Protegidas."
89068579BAF511E5062570A600647E7F,http://legislacion.asamblea.nacional.gob.ni/Normaweb.nsf/xpNormaJuridica.xsp?documentId=89068579BAF511E5062570A600647E7F&action=openDocument,data\legislation\html\89068579BAF511E5062570A600647E7F.html,Establece la Política Ambiental y Aprueba el Plan Ambiental de Nicaragua 2001-2005,Decretos Ejecutivos,Medio Ambiente y Recursos Naturales,25-2001,44,02/03/2001,Decreto,7,servicios ambientales,direct_es,ecosystem_services,1,servicios ambientales,- Desarrollar instrumentos que propicien la incorporación de los servicios ambientales de las Áreas Protegidas a la dinámica económica de las diferentes regiones y a la autosostenibilidad del Sistema.
89068579BAF511E5062570A600647E7F,http://legislacion.asamblea.nacional.gob.ni/Normaweb.nsf/xpNormaJuridica.xsp?documentId=89068579BAF511E5062570A600647E7F&action=openDocument,data\legislation\html\89068579BAF511E5062570A600647E7F.html,Establece la Política Ambiental y Aprueba el Plan Ambiental de Nicaragua 2001-2005,Decretos Ejecutivos,Medio Ambiente y Recursos Naturales,25-2001,44,02/03/2001,Decreto,8,servicios ambientales,direct_es,ecosystem_services,1,Servicios Ambientales,"- Fortalecer la gestión del MARENA en el tema de los Servicios Ambientales, trasladando su campo de acción hacia las demás unidades, con miras a materializar el pago por servicios ambientales y por deterioro ambiental en las actividades sujetas a regulación."
89068579BAF511E5062570A600647E7F,http://legislacion.asamblea.nacional.gob.ni/Normaweb.nsf/xpNormaJuridica.xsp?documentId=89068579BAF511E5062570A600647E7F&action=openDocument,data\legislation\html\89068579BAF511E5062570A600647E7F.html,Establece la Política Ambiental y Aprueba el Plan Ambiental de Nicaragua 2001-2005,Decretos Ejecutivos,Medio Ambiente y Recursos Naturales,25-2001,44,02/03/2001,Decreto,9,servicios ambientales,direct_es,ecosystem_services,1,servicios ambientales,"- Fortalecer la gestión del MARENA en el tema de los Servicios Ambientales, trasladando su campo de acción hacia las demás unidades, con miras a materializar el pago por servicios ambientales y por deterioro ambiental en las actividades sujetas a regulación."
89068579BAF511E5062570A600647E7F,http://legislacion.asamblea.nacional.gob.ni/Normaweb.nsf/xpNormaJuridica.xsp?documentId=89068579BAF511E5062570A600647E7F&action=openDocument,data\legislation\html\89068579BAF511E5062570A600647E7F.html,Establece la Política Ambiental y Aprueba el Plan Ambiental de Nicaragua 2001-2005,Decretos Ejecutivos,Medio Ambiente y Recursos Naturales,25-2001,44,02/03/2001,Decreto,10,servicios ambientales,direct_es,ecosystem_services,1,Servicios Ambientales,"- Crear la Oficina Nacional de Servicios Ambientales, en la que se desarrolle un programa nacional de pago por estos servicios."
89068579BAF511E5062570A600647E7F,http://legislacion.asamblea.nacional.gob.ni/Normaweb.nsf/xpNormaJuridica.xsp?documentId=89068579BAF511E5062570A600647E7F&action=openDocument,data\legislation\html\89068579BAF511E5062570A600647E7F.html,Establece la Política Ambiental y Aprueba el Plan Ambiental de Nicaragua 2001-2005,Decretos Ejecutivos,Medio Ambiente y Recursos Naturales,25-2001,44,02/03/2001,Decreto,11,bienes y servicios ambientales,direct_es,ecosystem_services,1,bienes y servicios ambientales,"El patrimonio natural de la nación tiene un valor que deberá incorporarse al Sistema de Cuentas Nacionales a través del Sistema de Cuentas Satélite de Medio Ambiente, promoviendo así la valoración de bienes y servicios ambientales y la priorización de las decisiones de inversión y uso de los mismos."
89068579BAF511E5062570A600647E7F,http://legislacion.asamblea.nacional.gob.ni/Normaweb.nsf/xpNormaJuridica.xsp?documentId=89068579BAF511E5062570A600647E7F&action=openDocument,data\legislation\html\89068579BAF511E5062570A600647E7F.html,Establece la Política Ambiental y Aprueba el Plan Ambiental de Nicaragua 2001-2005,Decretos Ejecutivos,Medio Ambiente y Recursos Naturales,25-2001,44,02/03/2001,Decreto,12,funciones ambientales,direct_es,ecosystem_functions,1,funciones ambientales,"- La estrategia de implementación de las acciones territoriales se basa en el proceso de desconcentración y descentralización paulatina de importantes funciones ambientales, con un fortalecimiento consecuente de las delegaciones del gobierno y de los gobiernos locales."
89068579BAF511E5062570A600647E7F,http://legislacion.asamblea.nacional.gob.ni/Normaweb.nsf/xpNormaJuridica.xsp?documentId=89068579BAF511E5062570A600647E7F&action=openDocument,data\legislation\html\89068579BAF511E5062570A600647E7F.html,Establece la Política Ambiental y Aprueba el Plan Ambiental de Nicaragua 2001-2005,Decretos Ejecutivos,Medio Ambiente y Recursos Naturales,25-2001,44,02/03/2001,Decreto,13,pago por servicios ambientales,economic_instruments,payments,2,pago por servicios ambientales,"- Fortalecer la gestión del MARENA en el tema de los Servicios Ambientales, trasladando su campo de acción hacia las demás unidades, con miras a materializar el pago por servicios ambientales y por deterioro ambiental en las actividades sujetas a regulación."
84EE0CBE02D1B904062570A100580DCC,http://legislacion.asamblea.nacional.gob.ni/Normaweb.nsf/xpNormaJuridica.xsp?documentId=84EE0CBE02D1B904062570A100580DCC&action=openDocument,data\legislation\html\84EE0CBE02D1B904062570A100580DCC.html,Que Establece las Políticas de Desarrollo Forestal de Nicaragua,Decretos Ejecutivos,Medio Ambiente y Recursos Naturales,50-2001,88,11/05/2001,Decreto,1,servicios ambientales,direct_es,ecosystem_services,1,servicios ambientales,- Pago por servicios ambientales y modalidades afines.
84EE0CBE02D1B904062570A100580DCC,http://legislacion.asamblea.nacional.gob.ni/Normaweb.nsf/xpNormaJuridica.xsp?documentId=84EE0CBE02D1B904062570A100580DCC&action=openDocument,data\legislation\html\84EE0CBE02D1B904062570A100580DCC.html,Que Establece las Políticas de Desarrollo Forestal de Nicaragua,Decretos Ejecutivos,Medio Ambiente y Recursos Naturales,50-2001,88,11/05/2001,Decreto,2,pago por servicios ambientales,economic_instruments,payments,2,Pago por servicios ambientales,- Pago por servicios ambientales y modalidades afines.
376155B1768A24B70625723300578EDA,http://legislacion.asamblea.nacional.gob.ni/Normaweb.nsf/xpNormaJuridica.xsp?documentId=376155B1768A24B70625723300578EDA&action=openDocument,data\legislation\html\376155B1768A24B70625723300578EDA.html,"Ley de Conservación, Fomento y Desarrollo Sostenible del Sector Forestal",Leyes,Medio Ambiente y Recursos Naturales,462,168,04/09/2003,Ley,1,servicios ambientales,direct_es,ecosystem_services,1,servicios ambientales,"Líneas de crédito específicas, cobros por servicios ambientales, programas y proyectos."
BA58507A747A5A94062572370068596F,http://legislacion.asamblea.nacional.gob.ni/Normaweb.nsf/xpNormaJuridica.xsp?documentId=BA58507A747A5A94062572370068596F&action=openDocument,data\legislation\html\BA58507A747A5A94062572370068596F.html,"Reglamento de la Ley No. 462, Ley de Conservación, Fomento y Desarrollo Sostenible del Sector Forestal",Decretos Ejecutivos,Medio Ambiente y Recursos Naturales,73-2003,208,03/11/2003,Decreto,1,servicios ambientales,direct_es,ecosystem_services,1,Servicios Ambientales,"Servicios Ambientales del Bosque: Beneficios que brindan el bosque y las plantaciones forestales y que inciden directamente en la protección y el mejoramiento del medio ambiente, entre estos la mitigación de emisiones de gases de efecto invernadero, regulación y protección hidrológica, conservación de la biodiversidad, reducción de la vulnerabilidad ante desastres naturales."
BA58507A747A5A94062572370068596F,http://legislacion.asamblea.nacional.gob.ni/Normaweb.nsf/xpNormaJuridica.xsp?documentId=BA58507A747A5A94062572370068596F&action=openDocument,data\legislation\html\BA58507A747A5A94062572370068596F.html,"Reglamento de la Ley No. 462, Ley de Conservación, Fomento y Desarrollo Sostenible del Sector Forestal",Decretos Ejecutivos,Medio Ambiente y Recursos Naturales,73-2003,208,03/11/2003,Decreto,2,servicios ambientales,direct_es,ecosystem_services,1,servicios ambientales,"Artículo 106.- El MARENA en un plazo de 12 meses después de que entre en vigencia el presente Reglamento deberá elaborar una propuesta de Reglamento sobre los procedimientos, establecimientos y obtención del aval gubernamental para el desarrollo de un mecanismo de pago por servicios ambientales, para la conservación de bosques y fijación de carbono en Nicaragua."
BA58507A747A5A94062572370068596F,http://legislacion.asamblea.nacional.gob.ni/Normaweb.nsf/xpNormaJuridica.xsp?documentId=BA58507A747A5A94062572370068596F&action=openDocument,data\legislation\html\BA58507A747A5A94062572370068596F.html,"Reglamento de la Ley No. 462, Ley de Conservación, Fomento y Desarrollo Sostenible del Sector Forestal",Decretos Ejecutivos,Medio Ambiente y Recursos Naturales,73-2003,208,03/11/2003,Decreto,3,pago por servicios ambientales,economic_instruments,payments,2,pago por servicios ambientales,"Artículo 106.- El MARENA en un plazo de 12 meses después de que entre en vigencia el presente Reglamento deberá elaborar una propuesta de Reglamento sobre los procedimientos, establecimientos y obtención del aval gubernamental para el desarrollo de un mecanismo de pago por servicios ambientales, para la conservación de bosques y fijación de carbono en Nicaragua."
AF61E0059FF0F4910625724100585176,http://legislacion.asamblea.nacional.gob.ni/Normaweb.nsf/xpNormaJuridica.xsp?documentId=AF61E0059FF0F4910625724100585176&action=openDocument,data\legislation\html\AF61E0059FF0F4910625724100585176.html,De Establecimiento de la Política Nacional de Humedales,Decretos Ejecutivos,Medio Ambiente y Recursos Naturales,78-2003,220,19/11/2003,Decreto,1,servicios ambientales,direct_es,ecosystem_services,1,servicios ambientales,Impulsar la valoración económica de los bienes y servicios ambientales que prestan los ecosistemas de humedal.
AF61E0059FF0F4910625724100585176,http://legislacion.asamblea.nacional.gob.ni/Normaweb.nsf/xpNormaJuridica.xsp?documentId=AF61E0059FF0F4910625724100585176&action=openDocument,data\legislation\html\AF61E0059FF0F4910625724100585176.html,De Establecimiento de la Política Nacional de Humedales,Decretos Ejecutivos,Medio Ambiente y Recursos Naturales,78-2003,220,19/11/2003,Decreto,2,bienes y servicios ambientales,direct_es,ecosystem_services,1,bienes y servicios ambientales,Impulsar la valoración económica de los bienes y servicios ambientales que prestan los ecosistemas de humedal.
AF61E0059FF0F4910625724100585176,http://legislacion.asamblea.nacional.gob.ni/Normaweb.nsf/xpNormaJuridica.xsp?documentId=AF61E0059FF0F4910625724100585176&action=openDocument,data\legislation\html\AF61E0059FF0F4910625724100585176.html,De Establecimiento de la Política Nacional de Humedales,Decretos Ejecutivos,Medio Ambiente y Recursos Naturales,78-2003,220,19/11/2003,Decreto,3,funciones ecológicas,direct_es,ecosystem_functions,1,funciones ecológicas,"Las actividades que se realicen en los ecosistemas de humedales, deben mantener el equilibrio natural, las funciones ecológicas del ecosistema y armonizar los intereses de las comunidades con la conservación de esos recursos contribuyendo a la distribución equitativa de sus beneficios."
AF61E0059FF0F4910625724100585176,http://legislacion.asamblea.nacional.gob.ni/Normaweb.nsf/xpNormaJuridica.xsp?documentId=AF61E0059FF0F4910625724100585176&action=openDocument,data\legislation\html\AF61E0059FF0F4910625724100585176.html,De Establecimiento de la Política Nacional de Humedales,Decretos Ejecutivos,Medio Ambiente y Recursos Naturales,78-2003,220,19/11/2003,Decreto,4,funciones ecológicas,direct_es,ecosystem_functions,1,funciones ecológicas,"Promover la conservación y el uso sostenible de los humedales con enfoque por ecosistemas, considerando al humedal como ecosistema frágil, promoviendo la protección de sus funciones ecológicas, su diversidad genética y asegurando la no alteración o deterioro de su integridad."
AF61E0059FF0F4910625724100585176,http://legislacion.asamblea.nacional.gob.ni/Normaweb.nsf/xpNormaJuridica.xsp?documentId=AF61E0059FF0F4910625724100585176&action=openDocument,data\legislation\html\AF61E0059FF0F4910625724100585176.html,De Establecimiento de la Política Nacional de Humedales,Decretos Ejecutivos,Medio Ambiente y Recursos Naturales,78-2003,220,19/11/2003,Decreto,5,incentivos para la conservación,economic_instruments,incentives,2,incentivos para la conservación,"IV Que los artículos 8 inciso d) y 11 del Convenio de Diversidad Biológica estipula que, los Estados partes deben promover la protección de ecosistemas y hábitat naturales; así como, adoptar medidas económicas y socialmente idóneas que actúen como incentivos para la conservación y utilización sostenible."
352C574FA5E83D24062570A4005AE5A4,http://legislacion.asamblea.nacional.gob.ni/Normaweb.nsf/xpNormaJuridica.xsp?documentId=352C574FA5E83D24062570A4005AE5A4&action=openDocument,data\legislation\html\352C574FA5E83D24062570A4005AE5A4.html,De Creación del Comité Nacional del Hombre y la Biósfera,Decretos Ejecutivos,Medio Ambiente y Recursos Naturales,8-2005,37,22/02/2005,Decreto,1,servicios ambientales,direct_es,ecosystem_services,1,servicios ambientales,"lll Que por la importancia estratégica para el desarrollo del país de las Reservas de Biosfera Río San Juan y BOSAWAS, por los invaluables bienes y servicios ambientales que ofrecen para el mantenimiento del equilibrio natural, así como su potencial para el abastecimiento de agua y energía, la formación de patrones de clima que benefician la economía nacional, su rica biodiversidad aún desconocida, y su valor social por constituir espacios de vida de importantes etnias y pueblos indígenas."
352C574FA5E83D24062570A4005AE5A4,http://legislacion.asamblea.nacional.gob.ni/Normaweb.nsf/xpNormaJuridica.xsp?documentId=352C574FA5E83D24062570A4005AE5A4&action=openDocument,data\legislation\html\352C574FA5E83D24062570A4005AE5A4.html,De Creación del Comité Nacional del Hombre y la Biósfera,Decretos Ejecutivos,Medio Ambiente y Recursos Naturales,8-2005,37,22/02/2005,Decreto,2,bienes y servicios ambientales,direct_es,ecosystem_services,1,bienes y servicios ambientales,"lll Que por la importancia estratégica para el desarrollo del país de las Reservas de Biosfera Río San Juan y BOSAWAS, por los invaluables bienes y servicios ambientales que ofrecen para el mantenimiento del equilibrio natural, así como su potencial para el abastecimiento de agua y energía, la formación de patrones de clima que benefician la economía nacional, su rica biodiversidad aún desconocida, y su valor social por constituir espacios de vida de importantes etnias y pueblos indígenas."
33CA55EBEAEC13C6062572A0006C725A,http://legislacion.asamblea.nacional.gob.ni/Normaweb.nsf/xpNormaJuridica.xsp?documentId=33CA55EBEAEC13C6062572A0006C725A&action=openDocument,data\legislation\html\33CA55EBEAEC13C6062572A0006C725A.html,Reglamento de Áreas Protegidas de Nicaragua,Decretos Ejecutivos,Medio Ambiente y Recursos Naturales,01-2007,8,11/01/2007,Decreto,1,servicios ambientales,direct_es,ecosystem_services,1,SERVICIOS AMBIENTALES,SERVICIOS AMBIENTALES: Son beneficios que brindan los ecosistemas a la sociedad y que inciden directa o indirectamente en la protección y mejoramiento del ambiente y en la calidad de vida de las personas.
33CA55EBEAEC13C6062572A0006C725A,http://legislacion.asamblea.nacional.gob.ni/Normaweb.nsf/xpNormaJuridica.xsp?documentId=33CA55EBEAEC13C6062572A0006C725A&action=openDocument,data\legislation\html\33CA55EBEAEC13C6062572A0006C725A.html,Reglamento de Áreas Protegidas de Nicaragua,Decretos Ejecutivos,Medio Ambiente y Recursos Naturales,01-2007,8,11/01/2007,Decreto,2,servicios ambientales,direct_es,ecosystem_services,1,servicios ambientales,2.2 Identificación de los bienes y servicios ambientales.
33CA55EBEAEC13C6062572A0006C725A,http://legislacion.asamblea.nacional.gob.ni/Normaweb.nsf/xpNormaJuridica.xsp?documentId=33CA55EBEAEC13C6062572A0006C725A&action=openDocument,data\legislation\html\33CA55EBEAEC13C6062572A0006C725A.html,Reglamento de Áreas Protegidas de Nicaragua,Decretos Ejecutivos,Medio Ambiente y Recursos Naturales,01-2007,8,11/01/2007,Decreto,3,servicios ambientales,direct_es,ecosystem_services,1,servicios ambientales,"2) Promover el desarrollo regional basado en la producción y uso sostenible de los recursos naturales, diversificación y aplicación de tecnologías de bajo impacto ambiental, manteniendo ambientes naturales con altos valores de servicios ambientales y procesos ecológicos esenciales para la sostenibilidad, respetando el manejo de cada área protegida que la íntegra."
33CA55EBEAEC13C6062572A0006C725A,http://legislacion.asamblea.nacional.gob.ni/Normaweb.nsf/xpNormaJuridica.xsp?documentId=33CA55EBEAEC13C6062572A0006C725A&action=openDocument,data\legislation\html\33CA55EBEAEC13C6062572A0006C725A.html,Reglamento de Áreas Protegidas de Nicaragua,Decretos Ejecutivos,Medio Ambiente y Recursos Naturales,01-2007,8,11/01/2007,Decreto,4,bienes y servicios ambientales,direct_es,ecosystem_services,1,bienes y servicios ambientales,2.2 Identificación de los bienes y servicios ambientales.
C5DC821BBED99F30062573440066ED10,http://legislacion.asamblea.nacional.gob.ni/Normaweb.nsf/xpNormaJuridica.xsp?documentId=C5DC821BBED99F30062573440066ED10&action=openDocument,data\legislation\html\C5DC821BBED99F30062573440066ED10.html,Ley que Crea la Comisión de Desarrollo Sostenible de la Cuenca Hídrica del Lago Cocibolca y del Río San Juan,Leyes,Medio Ambiente y Recursos Naturales,626,159,21/08/2007,Ley,1,servicios ambientales,direct_es,ecosystem_services,1,servicios ambientales,"1 de la presente Ley, el que deberá incluir medidas económicas, sociales y ambientales necesarias para asegurar la existencia y permanencia de la misma; b) Contribuir a la articulación de esfuerzos institucionales, económicos y sociales para garantizar el máximo provecho de los recursos naturales servicios ambientales; c) Implementar y dar seguimiento al Plan de Acción; y d) Gestionar los recursos financieros para el fortalecimiento de las acciones globales y a nivel local, derivadas del Plan."
C0C1931F74480A55062573760075BD4B,http://legislacion.asamblea.nacional.gob.ni/Normaweb.nsf/xpNormaJuridica.xsp?documentId=C0C1931F74480A55062573760075BD4B&action=openDocument,data\legislation\html\C0C1931F74480A55062573760075BD4B.html,Ley General de Aguas Nacionales,Leyes,Medio Ambiente y Recursos Naturales,620,169,04/09/2007,Ley,1,servicios ambientales,direct_es,ecosystem_services,1,Servicios Ambientales,"Servicios Ambientales de Carácter Hídrico: Servicios y beneficios de interés social que se generan o se derivan de las cuencas hidrográficas y sus componentes, entre estos, la conservación de los ciclos hidrológicos y la provisión del agua en calidad y cantidad, la recarga de acuíferos; la purificación de cuerpos de agua; el amortiguamiento del impacto de los fenómenos naturales; la protección de la biodiversidad, de los ecosistemas y formas de vida; la protección y recuperación de suelos."
C0C1931F74480A55062573760075BD4B,http://legislacion.asamblea.nacional.gob.ni/Normaweb.nsf/xpNormaJuridica.xsp?documentId=C0C1931F74480A55062573760075BD4B&action=openDocument,data\legislation\html\C0C1931F74480A55062573760075BD4B.html,Ley General de Aguas Nacionales,Leyes,Medio Ambiente y Recursos Naturales,620,169,04/09/2007,Ley,2,servicios ambientales,direct_es,ecosystem_services,1,Servicios Ambientales,"Con el fin de dar al usuario y a la sociedad indicaciones claras sobre el valor real del agua y las formas que sus costos inciden en su precio, prestación de servicios de agua y su conservación, así como, incentivar bajo los procesos y mecanismos pertinentes la racionalización del uso y reuso del agua y obtener recursos económicos para el financiamiento de la planificación hídrica; e) El Pago por Servicios Ambientales del Recurso Hídrico."
C0C1931F74480A55062573760075BD4B,http://legislacion.asamblea.nacional.gob.ni/Normaweb.nsf/xpNormaJuridica.xsp?documentId=C0C1931F74480A55062573760075BD4B&action=openDocument,data\legislation\html\C0C1931F74480A55062573760075BD4B.html,Ley General de Aguas Nacionales,Leyes,Medio Ambiente y Recursos Naturales,620,169,04/09/2007,Ley,3,servicios ambientales,direct_es,ecosystem_services,1,servicios ambientales,"Tiene por objeto elaborar las bases económicas, técnicas, jurídicas y ambientales necesarias, para instrumentar un sistema de pago consistente y generalizado por estos servicios ambientales que se originan de las Cuencas Hidrográficas del país; f) Los Instrumentos Sociales."
C0C1931F74480A55062573760075BD4B,http://legislacion.asamblea.nacional.gob.ni/Normaweb.nsf/xpNormaJuridica.xsp?documentId=C0C1931F74480A55062573760075BD4B&action=openDocument,data\legislation\html\C0C1931F74480A55062573760075BD4B.html,Ley General de Aguas Nacionales,Leyes,Medio Ambiente y Recursos Naturales,620,169,04/09/2007,Ley,4,servicios ambientales,direct_es,ecosystem_services,1,servicios ambientales,"y el desarrollo tecnológico en materia de agua; i) Impulsar la formación y capacitación de los recursos humanos que se requieran; j) Otorgar, modificar, prorrogar, suspender o extinguir los títulos de concesión y licencia y para el uso o aprovechamiento del agua y de sus bienes, y los permisos para el vertido de las aguas residuales en cuerpos receptores de dominio público; k) Organizar el funcionamiento del Registro Público Nacional de Derechos de Agua; l) Proponer al Poder Ejecutivo para los trámites legislativos correspondientes, el establecimiento y las modificaciones de los cánones por el uso o aprovechamiento de recursos hídricos; m) Normar, regular y controlar sobre la construcción de todo tipo de obras de infraestructura hidráulica; n) Realizar periódicamente los estudios y análisis sobre la valoración económica y financiera del agua por fuente de suministro, localidad y tipo de uso, que soporten los criterios para el cobro de tarifas y cánones de agua, incluyendo el pago por servicios ambientales hidrológicos; y ñ) Proponer las declaratorias de clasificación de zonas de alto riesgo por inundación."
C0C1931F74480A55062573760075BD4B,http://legislacion.asamblea.nacional.gob.ni/Normaweb.nsf/xpNormaJuridica.xsp?documentId=C0C1931F74480A55062573760075BD4B&action=openDocument,data\legislation\html\C0C1931F74480A55062573760075BD4B.html,Ley General de Aguas Nacionales,Leyes,Medio Ambiente y Recursos Naturales,620,169,04/09/2007,Ley,5,servicios ambientales,direct_es,ecosystem_services,1,Servicios Ambientales,"Capítulo III De los Servicios Ambientales Hidrológicos Artículo 93.- En la identificación de los servicios ambientales de carácter hídrico deberá ser objeto de especial atención las regiones, cuencas, subcuencas y acuíferos que observen un mayor deterioro ambiental o bien exista un mayor riesgo de agotamiento y que pueda o esté ocasionando cambios de la cubierta vegetal, daños a la fauna y riesgos a la población por cambio climático de los microsistemas y otras calamidades."
C0C1931F74480A55062573760075BD4B,http://legislacion.asamblea.nacional.gob.ni/Normaweb.nsf/xpNormaJuridica.xsp?documentId=C0C1931F74480A55062573760075BD4B&action=openDocument,data\legislation\html\C0C1931F74480A55062573760075BD4B.html,Ley General de Aguas Nacionales,Leyes,Medio Ambiente y Recursos Naturales,620,169,04/09/2007,Ley,6,servicios ambientales,direct_es,ecosystem_services,1,servicios ambientales,"Capítulo III De los Servicios Ambientales Hidrológicos Artículo 93.- En la identificación de los servicios ambientales de carácter hídrico deberá ser objeto de especial atención las regiones, cuencas, subcuencas y acuíferos que observen un mayor deterioro ambiental o bien exista un mayor riesgo de agotamiento y que pueda o esté ocasionando cambios de la cubierta vegetal, daños a la fauna y riesgos a la población por cambio climático de los microsistemas y otras calamidades."
C0C1931F74480A55062573760075BD4B,http://legislacion.asamblea.nacional.gob.ni/Normaweb.nsf/xpNormaJuridica.xsp?documentId=C0C1931F74480A55062573760075BD4B&action=openDocument,data\legislation\html\C0C1931F74480A55062573760075BD4B.html,Ley General de Aguas Nacionales,Leyes,Medio Ambiente y Recursos Naturales,620,169,04/09/2007,Ley,7,servicios ambientales,direct_es,ecosystem_services,1,servicios ambientales,"Artículo 94.- Los servicios ambientales de carácter hídrico deberán estar dirigidos a garantizar el buen desempeño de las cuencas y acuíferos, para lo cual se podrán establecer pagos por estos servicios en: a) Zonas de recarga, incluyendo bosques y selvas; b) Nacimientos de manantiales; c) Cuerpos receptores contaminados; d) Acuíferos sobreexplotados; e) Humedales; f) Embalses naturales, artificiales y estuarios; g) Algunos lagos, lagunas, esteros, ríos de uso turístico, recreativo y productivo, con problemas de cantidad y calidad."
C0C1931F74480A55062573760075BD4B,http://legislacion.asamblea.nacional.gob.ni/Normaweb.nsf/xpNormaJuridica.xsp?documentId=C0C1931F74480A55062573760075BD4B&action=openDocument,data\legislation\html\C0C1931F74480A55062573760075BD4B.html,Ley General de Aguas Nacionales,Leyes,Medio Ambiente y Recursos Naturales,620,169,04/09/2007,Ley,8,servicios ambientales,direct_es,ecosystem_services,1,servicios ambientales,"El pago por servicios ambientales de carácter hídrico es un incentivo a la conservación, protección, uso racional del agua y demás recursos naturales existentes, en determinadas cuencas hidrográficas, el cual será regulado por una Ley Especial."
C0C1931F74480A55062573760075BD4B,http://legislacion.asamblea.nacional.gob.ni/Normaweb.nsf/xpNormaJuridica.xsp?documentId=C0C1931F74480A55062573760075BD4B&action=openDocument,data\legislation\html\C0C1931F74480A55062573760075BD4B.html,Ley General de Aguas Nacionales,Leyes,Medio Ambiente y Recursos Naturales,620,169,04/09/2007,Ley,9,servicios ambientales,direct_es,ecosystem_services,1,servicios ambientales,"La ANA vigilará que los proveedores de los servicios ambientales de carácter hídrico, reciban la justa retribución y pago por los servicios que proporcionan."
C0C1931F74480A55062573760075BD4B,http://legislacion.asamblea.nacional.gob.ni/Normaweb.nsf/xpNormaJuridica.xsp?documentId=C0C1931F74480A55062573760075BD4B&action=openDocument,data\legislation\html\C0C1931F74480A55062573760075BD4B.html,Ley General de Aguas Nacionales,Leyes,Medio Ambiente y Recursos Naturales,620,169,04/09/2007,Ley,10,pago por servicios ambientales,economic_instruments,payments,2,Pago por Servicios Ambientales,"Con el fin de dar al usuario y a la sociedad indicaciones claras sobre el valor real del agua y las formas que sus costos inciden en su precio, prestación de servicios de agua y su conservación, así como, incentivar bajo los procesos y mecanismos pertinentes la racionalización del uso y reuso del agua y obtener recursos económicos para el financiamiento de la planificación hídrica; e) El Pago por Servicios Ambientales del Recurso Hídrico."
C0C1931F74480A55062573760075BD4B,http://legislacion.asamblea.nacional.gob.ni/Normaweb.nsf/xpNormaJuridica.xsp?documentId=C0C1931F74480A55062573760075BD4B&action=openDocument,data\legislation\html\C0C1931F74480A55062573760075BD4B.html,Ley General de Aguas Nacionales,Leyes,Medio Ambiente y Recursos Naturales,620,169,04/09/2007,Ley,11,pago por servicios ambientales,economic_instruments,payments,2,pago por servicios ambientales,"ientífica y el desarrollo tecnológico en materia de agua; i) Impulsar la formación y capacitación de los recursos humanos que se requieran; j) Otorgar, modificar, prorrogar, suspender o extinguir los títulos de concesión y licencia y para el uso o aprovechamiento del agua y de sus bienes, y los permisos para el vertido de las aguas residuales en cuerpos receptores de dominio público; k) Organizar el funcionamiento del Registro Público Nacional de Derechos de Agua; l) Proponer al Poder Ejecutivo para los trámites legislativos correspondientes, el establecimiento y las modificaciones de los cánones por el uso o aprovechamiento de recursos hídricos; m) Normar, regular y controlar sobre la construcción de todo tipo de obras de infraestructura hidráulica; n) Realizar periódicamente los estudios y análisis sobre la valoración económica y financiera del agua por fuente de suministro, localidad y tipo de uso, que soporten los criterios para el cobro de tarifas y cánones de agua, incluyendo el pago por servicios ambientales hidrológicos; y ñ) Proponer las declaratorias de clasificación de zonas de alto riesgo por inundación."
C0C1931F74480A55062573760075BD4B,http://legislacion.asamblea.nacional.gob.ni/Normaweb.nsf/xpNormaJuridica.xsp?documentId=C0C1931F74480A55062573760075BD4B&action=openDocument,data\legislation\html\C0C1931F74480A55062573760075BD4B.html,Ley General de Aguas Nacionales,Leyes,Medio Ambiente y Recursos Naturales,620,169,04/09/2007,Ley,12,pago por servicios ambientales,economic_instruments,payments,2,pago por servicios ambientales,"El pago por servicios ambientales de carácter hídrico es un incentivo a la conservación, protección, uso racional del agua y demás recursos naturales existentes, en determinadas cuencas hidrográficas, el cual será regulado por una Ley Especial."
B9A6C2C74199EE6C062573DE005FCA78,http://legislacion.asamblea.nacional.gob.ni/Normaweb.nsf/xpNormaJuridica.xsp?documentId=B9A6C2C74199EE6C062573DE005FCA78&action=openDocument,data\legislation\html\B9A6C2C74199EE6C062573DE005FCA78.html,"Reglamento de la Ley N°. 620, Ley General de Aguas Nacionales",Decretos Ejecutivos,Medio Ambiente y Recursos Naturales,106-2007,214,07/11/2007,Decreto,1,servicios ambientales,direct_es,ecosystem_services,1,servicios ambientales,"Igualmente, pero de forma quinquenal, se establecerán los criterios para el pago de los servicios ambientales hidrológicos."
3931522956B885A30625744E00548B32,http://legislacion.asamblea.nacional.gob.ni/Normaweb.nsf/xpNormaJuridica.xsp?documentId=3931522956B885A30625744E00548B32&action=openDocument,data\legislation\html\3931522956B885A30625744E00548B32.html,"Ley de Reformas y Adiciones a la Ley N°. 217, Ley General del Medio Ambiente y los Recursos Naturales.",Leyes,Medio Ambiente y Recursos Naturales,647,62,03/04/2008,Ley,1,servicios ambientales,direct_es,ecosystem_services,1,Servicios Ambientales,"Pago por Servicios Ambientales: Instrumento de gestión ambiental, de naturaleza económica que permite valorar y establecer un pago por los servicios que brindan los ecosistemas, logrando con ello introducir los costos ambientales en los flujos de caja de las actividades productivas de diferentes niveles, en los ámbitos público y privado."
3931522956B885A30625744E00548B32,http://legislacion.asamblea.nacional.gob.ni/Normaweb.nsf/xpNormaJuridica.xsp?documentId=3931522956B885A30625744E00548B32&action=openDocument,data\legislation\html\3931522956B885A30625744E00548B32.html,"Ley de Reformas y Adiciones a la Ley N°. 217, Ley General del Medio Ambiente y los Recursos Naturales.",Leyes,Medio Ambiente y Recursos Naturales,647,62,03/04/2008,Ley,2,servicios ambientales,direct_es,ecosystem_services,1,Servicios Ambientales,Servicios Ambientales: Aquellas funciones de los ecosistemas que generan beneficios económicos y ambientales para la sociedad y los ecosistemas.
3931522956B885A30625744E00548B32,http://legislacion.asamblea.nacional.gob.ni/Normaweb.nsf/xpNormaJuridica.xsp?documentId=3931522956B885A30625744E00548B32&action=openDocument,data\legislation\html\3931522956B885A30625744E00548B32.html,"Ley de Reformas y Adiciones a la Ley N°. 217, Ley General del Medio Ambiente y los Recursos Naturales.",Leyes,Medio Ambiente y Recursos Naturales,647,62,03/04/2008,Ley,3,servicios ambientales,direct_es,ecosystem_services,1,Servicios Ambientales,"217, cuatro numerales, que se leerán así: ""11) Del Sistema de Pago por Servicios Ambientales; 12) De la Auditoría Ambiental; 13) Del Cambio Climático y su Gestión; y 14) De la Seguridad por efectos de sustancias químicas, tóxicas y contaminantes."" Artículo 7 Se reforma el Art."
3931522956B885A30625744E00548B32,http://legislacion.asamblea.nacional.gob.ni/Normaweb.nsf/xpNormaJuridica.xsp?documentId=3931522956B885A30625744E00548B32&action=openDocument,data\legislation\html\3931522956B885A30625744E00548B32.html,"Ley de Reformas y Adiciones a la Ley N°. 217, Ley General del Medio Ambiente y los Recursos Naturales.",Leyes,Medio Ambiente y Recursos Naturales,647,62,03/04/2008,Ley,4,servicios ambientales,direct_es,ecosystem_services,1,servicios ambientales,"8) Potenciar de forma sistémica los servicios ambientales que proveen las áreas protegidas para el beneficio de los habitantes de la zona, la economía nacional y el desarrollo sostenible."" Artículo 9 Se reforma el Art."
3931522956B885A30625744E00548B32,http://legislacion.asamblea.nacional.gob.ni/Normaweb.nsf/xpNormaJuridica.xsp?documentId=3931522956B885A30625744E00548B32&action=openDocument,data\legislation\html\3931522956B885A30625744E00548B32.html,"Ley de Reformas y Adiciones a la Ley N°. 217, Ley General del Medio Ambiente y los Recursos Naturales.",Leyes,Medio Ambiente y Recursos Naturales,647,62,03/04/2008,Ley,5,servicios ambientales,direct_es,ecosystem_services,1,SERVICIOS AMBIENTALES,"48 Se exonerará de impuestos de importación a los equipos y maquinarias conceptualizados como tecnología limpia en su uso, previa certificación del Ministerio del Ambiente y Recursos Naturales."" Artículo 15 Se adicionan al TÍTULO II DE LA GESTIÓN DEL AMBIENTE, CAPÍTULO II, DE LOS INSTRUMENTOS PARA LA GESTIÓN AMBIENTAL, Cuatro Secciones que se leerán así: "" SECCIÓN XI DEL PAGO POR SERVICIOS AMBIENTALES Art."
3931522956B885A30625744E00548B32,http://legislacion.asamblea.nacional.gob.ni/Normaweb.nsf/xpNormaJuridica.xsp?documentId=3931522956B885A30625744E00548B32&action=openDocument,data\legislation\html\3931522956B885A30625744E00548B32.html,"Ley de Reformas y Adiciones a la Ley N°. 217, Ley General del Medio Ambiente y los Recursos Naturales.",Leyes,Medio Ambiente y Recursos Naturales,647,62,03/04/2008,Ley,6,servicios ambientales,direct_es,ecosystem_services,1,Servicios Ambientales,"57 Crease el Sistema de Valoración y Pagos por Servicios Ambientales, como instrumento de gestión ambiental, con el fin de valorar y establecer un pago por los servicios, así como, generar financiamiento e incentivos para la promoción de la conservación, preservación y uso sostenible del ambiente y los recursos naturales."
3931522956B885A30625744E00548B32,http://legislacion.asamblea.nacional.gob.ni/Normaweb.nsf/xpNormaJuridica.xsp?documentId=3931522956B885A30625744E00548B32&action=openDocument,data\legislation\html\3931522956B885A30625744E00548B32.html,"Ley de Reformas y Adiciones a la Ley N°. 217, Ley General del Medio Ambiente y los Recursos Naturales.",Leyes,Medio Ambiente y Recursos Naturales,647,62,03/04/2008,Ley,7,servicios ambientales,direct_es,ecosystem_services,1,Servicios Ambientales,"El Poder Ejecutivo reglamentará las disposiciones relativas al Sistema de Valoración y Pago por Servicios Ambientales creado en la presente Ley, el que debe contener al menos lo siguiente: 1) Marco institucional ejecutivo y participativo del Sistema de Valoración y Pago por Servicios Ambientales, creando su respectiva estructura y organización administrativa."
3931522956B885A30625744E00548B32,http://legislacion.asamblea.nacional.gob.ni/Normaweb.nsf/xpNormaJuridica.xsp?documentId=3931522956B885A30625744E00548B32&action=openDocument,data\legislation\html\3931522956B885A30625744E00548B32.html,"Ley de Reformas y Adiciones a la Ley N°. 217, Ley General del Medio Ambiente y los Recursos Naturales.",Leyes,Medio Ambiente y Recursos Naturales,647,62,03/04/2008,Ley,8,servicios ambientales,direct_es,ecosystem_services,1,Servicios Ambientales,"El Poder Ejecutivo reglamentará las disposiciones relativas al Sistema de Valoración y Pago por Servicios Ambientales creado en la presente Ley, el que debe contener al menos lo siguiente: 1) Marco institucional ejecutivo y participativo del Sistema de Valoración y Pago por Servicios Ambientales, creando su respectiva estructura y organización administrativa."
3931522956B885A30625744E00548B32,http://legislacion.asamblea.nacional.gob.ni/Normaweb.nsf/xpNormaJuridica.xsp?documentId=3931522956B885A30625744E00548B32&action=openDocument,data\legislation\html\3931522956B885A30625744E00548B32.html,"Ley de Reformas y Adiciones a la Ley N°. 217, Ley General del Medio Ambiente y los Recursos Naturales.",Leyes,Medio Ambiente y Recursos Naturales,647,62,03/04/2008,Ley,9,servicios ambientales,direct_es,ecosystem_services,1,servicios ambientales,2) Objetivos del Sistema dirigidos a facilitar el proceso de pago por servicios ambientales.
3931522956B885A30625744E00548B32,http://legislacion.asamblea.nacional.gob.ni/Normaweb.nsf/xpNormaJuridica.xsp?documentId=3931522956B885A30625744E00548B32&action=openDocument,data\legislation\html\3931522956B885A30625744E00548B32.html,"Ley de Reformas y Adiciones a la Ley N°. 217, Ley General del Medio Ambiente y los Recursos Naturales.",Leyes,Medio Ambiente y Recursos Naturales,647,62,03/04/2008,Ley,10,servicios ambientales,direct_es,ecosystem_services,1,servicios ambientales,4) Esferas de acción institucional para promover el pago por servicios ambientales en el país.
3931522956B885A30625744E00548B32,http://legislacion.asamblea.nacional.gob.ni/Normaweb.nsf/xpNormaJuridica.xsp?documentId=3931522956B885A30625744E00548B32&action=openDocument,data\legislation\html\3931522956B885A30625744E00548B32.html,"Ley de Reformas y Adiciones a la Ley N°. 217, Ley General del Medio Ambiente y los Recursos Naturales.",Leyes,Medio Ambiente y Recursos Naturales,647,62,03/04/2008,Ley,11,pago por servicios ambientales,economic_instruments,payments,2,Pago por Servicios Ambientales,"Pago por Servicios Ambientales: Instrumento de gestión ambiental, de naturaleza económica que permite valorar y establecer un pago por los servicios que brindan los ecosistemas, logrando con ello introducir los costos ambientales en los flujos de caja de las actividades productivas de diferentes niveles, en los ámbitos público y privado."
3931522956B885A30625744E00548B32,http://legislacion.asamblea.nacional.gob.ni/Normaweb.nsf/xpNormaJuridica.xsp?documentId=3931522956B885A30625744E00548B32&action=openDocument,data\legislation\html\3931522956B885A30625744E00548B32.html,"Ley de Reformas y Adiciones a la Ley N°. 217, Ley General del Medio Ambiente y los Recursos Naturales.",Leyes,Medio Ambiente y Recursos Naturales,647,62,03/04/2008,Ley,12,pago por servicios ambientales,economic_instruments,payments,2,Pago por Servicios Ambientales,"217, cuatro numerales, que se leerán así: ""11) Del Sistema de Pago por Servicios Ambientales; 12) De la Auditoría Ambiental; 13) Del Cambio Climático y su Gestión; y 14) De la Seguridad por efectos de sustancias químicas, tóxicas y contaminantes."" Artículo 7 Se reforma el Art."
3931522956B885A30625744E00548B32,http://legislacion.asamblea.nacional.gob.ni/Normaweb.nsf/xpNormaJuridica.xsp?documentId=3931522956B885A30625744E00548B32&action=openDocument,data\legislation\html\3931522956B885A30625744E00548B32.html,"Ley de Reformas y Adiciones a la Ley N°. 217, Ley General del Medio Ambiente y los Recursos Naturales.",Leyes,Medio Ambiente y Recursos Naturales,647,62,03/04/2008,Ley,13,pago por servicios ambientales,economic_instruments,payments,2,PAGO POR SERVICIOS AMBIENTALES,"48 Se exonerará de impuestos de importación a los equipos y maquinarias conceptualizados como tecnología limpia en su uso, previa certificación del Ministerio del Ambiente y Recursos Naturales."" Artículo 15 Se adicionan al TÍTULO II DE LA GESTIÓN DEL AMBIENTE, CAPÍTULO II, DE LOS INSTRUMENTOS PARA LA GESTIÓN AMBIENTAL, Cuatro Secciones que se leerán así: "" SECCIÓN XI DEL PAGO POR SERVICIOS AMBIENTALES Art."
3931522956B885A30625744E00548B32,http://legislacion.asamblea.nacional.gob.ni/Normaweb.nsf/xpNormaJuridica.xsp?documentId=3931522956B885A30625744E00548B32&action=openDocument,data\legislation\html\3931522956B885A30625744E00548B32.html,"Ley de Reformas y Adiciones a la Ley N°. 217, Ley General del Medio Ambiente y los Recursos Naturales.",Leyes,Medio Ambiente y Recursos Naturales,647,62,03/04/2008,Ley,14,pago por servicios ambientales,economic_instruments,payments,2,Pago por Servicios Ambientales,"El Poder Ejecutivo reglamentará las disposiciones relativas al Sistema de Valoración y Pago por Servicios Ambientales creado en la presente Ley, el que debe contener al menos lo siguiente: 1) Marco institucional ejecutivo y participativo del Sistema de Valoración y Pago por Servicios Ambientales, creando su respectiva estructura y organización administrativa."
3931522956B885A30625744E00548B32,http://legislacion.asamblea.nacional.gob.ni/Normaweb.nsf/xpNormaJuridica.xsp?documentId=3931522956B885A30625744E00548B32&action=openDocument,data\legislation\html\3931522956B885A30625744E00548B32.html,"Ley de Reformas y Adiciones a la Ley N°. 217, Ley General del Medio Ambiente y los Recursos Naturales.",Leyes,Medio Ambiente y Recursos Naturales,647,62,03/04/2008,Ley,15,pago por servicios ambientales,economic_instruments,payments,2,Pago por Servicios Ambientales,"El Poder Ejecutivo reglamentará las disposiciones relativas al Sistema de Valoración y Pago por Servicios Ambientales creado en la presente Ley, el que debe contener al menos lo siguiente: 1) Marco institucional ejecutivo y participativo del Sistema de Valoración y Pago por Servicios Ambientales, creando su respectiva estructura y organización administrativa."
3931522956B885A30625744E00548B32,http://legislacion.asamblea.nacional.gob.ni/Normaweb.nsf/xpNormaJuridica.xsp?documentId=3931522956B885A30625744E00548B32&action=openDocument,data\legislation\html\3931522956B885A30625744E00548B32.html,"Ley de Reformas y Adiciones a la Ley N°. 217, Ley General del Medio Ambiente y los Recursos Naturales.",Leyes,Medio Ambiente y Recursos Naturales,647,62,03/04/2008,Ley,16,pago por servicios ambientales,economic_instruments,payments,2,pago por servicios ambientales,2) Objetivos del Sistema dirigidos a facilitar el proceso de pago por servicios ambientales.
3931522956B885A30625744E00548B32,http://legislacion.asamblea.nacional.gob.ni/Normaweb.nsf/xpNormaJuridica.xsp?documentId=3931522956B885A30625744E00548B32&action=openDocument,data\legislation\html\3931522956B885A30625744E00548B32.html,"Ley de Reformas y Adiciones a la Ley N°. 217, Ley General del Medio Ambiente y los Recursos Naturales.",Leyes,Medio Ambiente y Recursos Naturales,647,62,03/04/2008,Ley,17,pago por servicios ambientales,economic_instruments,payments,2,pago por servicios ambientales,4) Esferas de acción institucional para promover el pago por servicios ambientales en el país.
3931522956B885A30625744E00548B32,http://legislacion.asamblea.nacional.gob.ni/Normaweb.nsf/xpNormaJuridica.xsp?documentId=3931522956B885A30625744E00548B32&action=openDocument,data\legislation\html\3931522956B885A30625744E00548B32.html,"Ley de Reformas y Adiciones a la Ley N°. 217, Ley General del Medio Ambiente y los Recursos Naturales.",Leyes,Medio Ambiente y Recursos Naturales,647,62,03/04/2008,Ley,18,pagos por servicios ambientales,economic_instruments,payments,2,Pagos por Servicios Ambientales,"57 Crease el Sistema de Valoración y Pagos por Servicios Ambientales, como instrumento de gestión ambiental, con el fin de valorar y establecer un pago por los servicios, así como, generar financiamiento e incentivos para la promoción de la conservación, preservación y uso sostenible del ambiente y los recursos naturales."
0B71C13802F745FC0625757C0073E5EB,http://legislacion.asamblea.nacional.gob.ni/Normaweb.nsf/xpNormaJuridica.xsp?documentId=0B71C13802F745FC0625757C0073E5EB&action=openDocument,data\legislation\html\0B71C13802F745FC0625757C0073E5EB.html,Política Nacional de Desarrollo Sostenible del Sector Forestal de Nicaragua,Decretos Ejecutivos,Medio Ambiente y Recursos Naturales,69-2008,3,07/01/2009,Decreto,1,servicios ambientales,direct_es,ecosystem_services,1,servicios ambientales,"Las instituciones gubernamentales respectivas en coordinación con la sociedad civil, fortalecerán los mecanismos de vigilancia y control para garantizar la protección física de los bienes maderables, no maderables y servicios ambientales generados por el Patrimonio Forestal."
0B71C13802F745FC0625757C0073E5EB,http://legislacion.asamblea.nacional.gob.ni/Normaweb.nsf/xpNormaJuridica.xsp?documentId=0B71C13802F745FC0625757C0073E5EB&action=openDocument,data\legislation\html\0B71C13802F745FC0625757C0073E5EB.html,Política Nacional de Desarrollo Sostenible del Sector Forestal de Nicaragua,Decretos Ejecutivos,Medio Ambiente y Recursos Naturales,69-2008,3,07/01/2009,Decreto,2,servicios ambientales,direct_es,ecosystem_services,1,Servicios Ambientales,"Se promoverá a través de la forestería comunitaria, la incorporación del valor integral del bosque, promoviendo los beneficios económicos, sociales y ambientales percibidos directamente por los pueblos indígenas y comunidades étnicas, mediante los usos como el ecoturismo, los Pagos por Servicios Ambientales (PSA), el aprovechamiento de los productos forestales no maderables, y los sistemas agroforestales, silvopastoriles, y de plantaciones."
0B71C13802F745FC0625757C0073E5EB,http://legislacion.asamblea.nacional.gob.ni/Normaweb.nsf/xpNormaJuridica.xsp?documentId=0B71C13802F745FC0625757C0073E5EB&action=openDocument,data\legislation\html\0B71C13802F745FC0625757C0073E5EB.html,Política Nacional de Desarrollo Sostenible del Sector Forestal de Nicaragua,Decretos Ejecutivos,Medio Ambiente y Recursos Naturales,69-2008,3,07/01/2009,Decreto,3,servicios ambientales,direct_es,ecosystem_services,1,servicios ambientales,"Se fomentará la investigación para el desarrollo, validación y extensión de técnicas y tecnologías que potencien los beneficios de los bienes y servicios ambientales generados por el árbol, bosque y ecosistemas forestales."
0B71C13802F745FC0625757C0073E5EB,http://legislacion.asamblea.nacional.gob.ni/Normaweb.nsf/xpNormaJuridica.xsp?documentId=0B71C13802F745FC0625757C0073E5EB&action=openDocument,data\legislation\html\0B71C13802F745FC0625757C0073E5EB.html,Política Nacional de Desarrollo Sostenible del Sector Forestal de Nicaragua,Decretos Ejecutivos,Medio Ambiente y Recursos Naturales,69-2008,3,07/01/2009,Decreto,4,servicios ambientales,direct_es,ecosystem_services,1,servicios ambientales,"Fomento del mercadeo y comercialización equitativa y justa de los bienes y servicios ambientales generados del aprovechamiento sostenible de árboles, bosque y ecosistemas forestales."
0B71C13802F745FC0625757C0073E5EB,http://legislacion.asamblea.nacional.gob.ni/Normaweb.nsf/xpNormaJuridica.xsp?documentId=0B71C13802F745FC0625757C0073E5EB&action=openDocument,data\legislation\html\0B71C13802F745FC0625757C0073E5EB.html,Política Nacional de Desarrollo Sostenible del Sector Forestal de Nicaragua,Decretos Ejecutivos,Medio Ambiente y Recursos Naturales,69-2008,3,07/01/2009,Decreto,5,servicios ambientales,direct_es,ecosystem_services,1,servicios ambientales,"Se promoverá la diversificación de mercados y productos, incluyendo mercados a futuro, para mayor número de bienes y servicios ambientales provenientes del bosque y el apoyo en la inserción en los mercados internacionales."
0B71C13802F745FC0625757C0073E5EB,http://legislacion.asamblea.nacional.gob.ni/Normaweb.nsf/xpNormaJuridica.xsp?documentId=0B71C13802F745FC0625757C0073E5EB&action=openDocument,data\legislation\html\0B71C13802F745FC0625757C0073E5EB.html,Política Nacional de Desarrollo Sostenible del Sector Forestal de Nicaragua,Decretos Ejecutivos,Medio Ambiente y Recursos Naturales,69-2008,3,07/01/2009,Decreto,6,servicios ambientales,direct_es,ecosystem_services,1,servicios ambientales,"El Ministerio Agropecuario y Forestal y el Instituto Nacional Forestal promoverán el establecimiento de la Bolsa Forestal de Nicaragua (BOLFOR), para la comercialización de productos maderable, no maderables y servicios ambientales provenientes de los bosques artificiales o naturales de Nicaragua."
0B71C13802F745FC0625757C0073E5EB,http://legislacion.asamblea.nacional.gob.ni/Normaweb.nsf/xpNormaJuridica.xsp?documentId=0B71C13802F745FC0625757C0073E5EB&action=openDocument,data\legislation\html\0B71C13802F745FC0625757C0073E5EB.html,Política Nacional de Desarrollo Sostenible del Sector Forestal de Nicaragua,Decretos Ejecutivos,Medio Ambiente y Recursos Naturales,69-2008,3,07/01/2009,Decreto,7,servicios ambientales,direct_es,ecosystem_services,1,servicios ambientales,"Se fomentará el pago de servicios ambientales y modalidades afines, como mecanismos para incentivar los mercados de secuestro y almacenamiento de dióxido de carbono, belleza escénica, conocimientos etno botánicos, producción con mejoramiento y calidad del agua, biodiversidad, entre otros beneficios ambientales maderables y no maderables producidos por el bosque."
0B71C13802F745FC0625757C0073E5EB,http://legislacion.asamblea.nacional.gob.ni/Normaweb.nsf/xpNormaJuridica.xsp?documentId=0B71C13802F745FC0625757C0073E5EB&action=openDocument,data\legislation\html\0B71C13802F745FC0625757C0073E5EB.html,Política Nacional de Desarrollo Sostenible del Sector Forestal de Nicaragua,Decretos Ejecutivos,Medio Ambiente y Recursos Naturales,69-2008,3,07/01/2009,Decreto,8,servicios ambientales,direct_es,ecosystem_services,1,servicios ambientales,"Se promoverán mecanismos para la reactivación y capitalización del Fondo Nacional del Ambiente (FNA), administrado por el Ministerio del Ambiente y de los Recursos Naturales (MARENA) para la gestión de los servicios ambientales y capitalización del Fondo Nacional de Desarrollo Forestal (FONADEFO), administrado por el Instituto Nacional Forestal (INAFOR), para la reposición y manejo forestal sostenible en las cuencas hidrográficas nicaragüenses."
0B71C13802F745FC0625757C0073E5EB,http://legislacion.asamblea.nacional.gob.ni/Normaweb.nsf/xpNormaJuridica.xsp?documentId=0B71C13802F745FC0625757C0073E5EB&action=openDocument,data\legislation\html\0B71C13802F745FC0625757C0073E5EB.html,Política Nacional de Desarrollo Sostenible del Sector Forestal de Nicaragua,Decretos Ejecutivos,Medio Ambiente y Recursos Naturales,69-2008,3,07/01/2009,Decreto,9,servicios ambientales,direct_es,ecosystem_services,1,Servicios Ambientales,"Se fomentará el mercado de Pagos por Servicios Ambientales (PSA), para las diferentes modalidades de reposición forestal sustentadas en el manejo de los ecosistemas forestales, establecimiento de plantaciones forestales puras o mixtas, manejo de regeneración natural y los sistemas agroforestales."
0B71C13802F745FC0625757C0073E5EB,http://legislacion.asamblea.nacional.gob.ni/Normaweb.nsf/xpNormaJuridica.xsp?documentId=0B71C13802F745FC0625757C0073E5EB&action=openDocument,data\legislation\html\0B71C13802F745FC0625757C0073E5EB.html,Política Nacional de Desarrollo Sostenible del Sector Forestal de Nicaragua,Decretos Ejecutivos,Medio Ambiente y Recursos Naturales,69-2008,3,07/01/2009,Decreto,10,servicios ambientales,direct_es,ecosystem_services,1,servicios ambientales,"Se promoverá la ampliación del marco de incentivos forestales para el beneficio equitativo hacia los diferentes actores y eslabones de las cadenas de valor de productos maderables, no maderables y servicios ambientales derivados del árbol, bosque o ecosistemas forestales."
0B71C13802F745FC0625757C0073E5EB,http://legislacion.asamblea.nacional.gob.ni/Normaweb.nsf/xpNormaJuridica.xsp?documentId=0B71C13802F745FC0625757C0073E5EB&action=openDocument,data\legislation\html\0B71C13802F745FC0625757C0073E5EB.html,Política Nacional de Desarrollo Sostenible del Sector Forestal de Nicaragua,Decretos Ejecutivos,Medio Ambiente y Recursos Naturales,69-2008,3,07/01/2009,Decreto,11,bienes y servicios ambientales,direct_es,ecosystem_services,1,bienes y servicios ambientales,"Se fomentará la investigación para el desarrollo, validación y extensión de técnicas y tecnologías que potencien los beneficios de los bienes y servicios ambientales generados por el árbol, bosque y ecosistemas forestales."
0B71C13802F745FC0625757C0073E5EB,http://legislacion.asamblea.nacional.gob.ni/Normaweb.nsf/xpNormaJuridica.xsp?documentId=0B71C13802F745FC0625757C0073E5EB&action=openDocument,data\legislation\html\0B71C13802F745FC0625757C0073E5EB.html,Política Nacional de Desarrollo Sostenible del Sector Forestal de Nicaragua,Decretos Ejecutivos,Medio Ambiente y Recursos Naturales,69-2008,3,07/01/2009,Decreto,12,bienes y servicios ambientales,direct_es,ecosystem_services,1,bienes y servicios ambientales,"Fomento del mercadeo y comercialización equitativa y justa de los bienes y servicios ambientales generados del aprovechamiento sostenible de árboles, bosque y ecosistemas forestales."
0B71C13802F745FC0625757C0073E5EB,http://legislacion.asamblea.nacional.gob.ni/Normaweb.nsf/xpNormaJuridica.xsp?documentId=0B71C13802F745FC0625757C0073E5EB&action=openDocument,data\legislation\html\0B71C13802F745FC0625757C0073E5EB.html,Política Nacional de Desarrollo Sostenible del Sector Forestal de Nicaragua,Decretos Ejecutivos,Medio Ambiente y Recursos Naturales,69-2008,3,07/01/2009,Decreto,13,bienes y servicios ambientales,direct_es,ecosystem_services,1,bienes y servicios ambientales,"Se promoverá la diversificación de mercados y productos, incluyendo mercados a futuro, para mayor número de bienes y servicios ambientales provenientes del bosque y el apoyo en la inserción en los mercados internacionales."
0B71C13802F745FC0625757C0073E5EB,http://legislacion.asamblea.nacional.gob.ni/Normaweb.nsf/xpNormaJuridica.xsp?documentId=0B71C13802F745FC0625757C0073E5EB&action=openDocument,data\legislation\html\0B71C13802F745FC0625757C0073E5EB.html,Política Nacional de Desarrollo Sostenible del Sector Forestal de Nicaragua,Decretos Ejecutivos,Medio Ambiente y Recursos Naturales,69-2008,3,07/01/2009,Decreto,14,pagos por servicios ambientales,economic_instruments,payments,2,Pagos por Servicios Ambientales,"Se promoverá a través de la forestería comunitaria, la incorporación del valor integral del bosque, promoviendo los beneficios económicos, sociales y ambientales percibidos directamente por los pueblos indígenas y comunidades étnicas, mediante los usos como el ecoturismo, los Pagos por Servicios Ambientales (PSA), el aprovechamiento de los productos forestales no maderables, y los sistemas agroforestales, silvopastoriles, y de plantaciones."
0B71C13802F745FC0625757C0073E5EB,http://legislacion.asamblea.nacional.gob.ni/Normaweb.nsf/xpNormaJuridica.xsp?documentId=0B71C13802F745FC0625757C0073E5EB&action=openDocument,data\legislation\html\0B71C13802F745FC0625757C0073E5EB.html,Política Nacional de Desarrollo Sostenible del Sector Forestal de Nicaragua,Decretos Ejecutivos,Medio Ambiente y Recursos Naturales,69-2008,3,07/01/2009,Decreto,15,pagos por servicios ambientales,economic_instruments,payments,2,Pagos por Servicios Ambientales,"Se fomentará el mercado de Pagos por Servicios Ambientales (PSA), para las diferentes modalidades de reposición forestal sustentadas en el manejo de los ecosistemas forestales, establecimiento de plantaciones forestales puras o mixtas, manejo de regeneración natural y los sistemas agroforestales."
17E7C795A5FF11A2062576810077278E,http://legislacion.asamblea.nacional.gob.ni/Normaweb.nsf/xpNormaJuridica.xsp?documentId=17E7C795A5FF11A2062576810077278E&action=openDocument,data\legislation\html\17E7C795A5FF11A2062576810077278E.html,"Ley de Reformas y Adición a la Ley N°. 626, Ley que Crea la Comisión de Desarrollo Sostenible de la Cuenca Hídrica del Lago Cocibolca y del Río San Juan",Leyes,Medio Ambiente y Recursos Naturales,699,185,01/10/2009,Ley,1,servicios ambientales,direct_es,ecosystem_services,1,servicios ambientales,"4 La Comisión tendrá entre sus funciones: a) Elaborar y aprobar el Plan de Gestión Integral de recursos hídricos, suelos, bosques y de ordenamiento territorial, económico y ecológico para la gestión de la cuenca hídrica señalada en el artículo 1 de esta Ley, el que deberá incluir medidas económicas, sociales y ambientales necesarias para asegurar con el aprovechamiento racional y su protección, el buen funcionamiento ecológico y económico de la misma; b) Contribuir a la articulación de esfuerzos institucionales, económicos y sociales para garantizar el máximo provecho de los recursos naturales y servicios ambientales; c) Implementar y dar seguimiento al Plan de Acción; y d) Gestionar los recursos financieros para el fortalecimiento de las acciones globales y a nivel local, derivadas del Plan."
9F2F848B62C936D1062577B2005F30A9,http://legislacion.asamblea.nacional.gob.ni/Normaweb.nsf/xpNormaJuridica.xsp?documentId=9F2F848B62C936D1062577B2005F30A9&action=openDocument,data\legislation\html\9F2F848B62C936D1062577B2005F30A9.html,"Reglamento a la Ley N°. 620, Ley General de Aguas Nacionales",Decretos Ejecutivos,Medio Ambiente y Recursos Naturales,44-2010,150,09/08/2010,Decreto,1,servicios ambientales,direct_es,ecosystem_services,1,servicios ambientales,"Igualmente, pero de forma quinquenal, se establecerán los criterios para el pago de los servicios ambientales hidrológicos."
6B731BE4E96F5E9406257AB4007383C6,http://legislacion.asamblea.nacional.gob.ni/Normaweb.nsf/xpNormaJuridica.xsp?documentId=6B731BE4E96F5E9406257AB4007383C6&action=openDocument,data\legislation\html\6B731BE4E96F5E9406257AB4007383C6.html,Ley de Conservación y Utilización Sostenible de la Diversidad Biológica,Leyes,Medio Ambiente y Recursos Naturales,807,200,19/10/2012,Ley,1,servicios ambientales,direct_es,ecosystem_services,1,servicios ambientales,"27 La conservación de la diversidad biológica en sus condiciones naturales y los servicios ambientales que de ellos se derivan, causarán derechos compensatorios a las personas naturales o jurídicas, públicas y privadas."
6B731BE4E96F5E9406257AB4007383C6,http://legislacion.asamblea.nacional.gob.ni/Normaweb.nsf/xpNormaJuridica.xsp?documentId=6B731BE4E96F5E9406257AB4007383C6&action=openDocument,data\legislation\html\6B731BE4E96F5E9406257AB4007383C6.html,Ley de Conservación y Utilización Sostenible de la Diversidad Biológica,Leyes,Medio Ambiente y Recursos Naturales,807,200,19/10/2012,Ley,2,servicios ambientales,direct_es,ecosystem_services,1,servicios ambientales,"Los ecosistemas frágiles, los de alta diversidad genética y ecológica que constituyen centros de endemismos y que contienen paisajes naturales de singular belleza, y aquéllos que presten servicios ambientales esenciales susceptibles de ser degradados o destruidos por la intervención humana y que sean considerados indispensables para las especies migratorias; y 5."
C664DB645D24453F06257B4300563D48,http://legislacion.asamblea.nacional.gob.ni/Normaweb.nsf/xpNormaJuridica.xsp?documentId=C664DB645D24453F06257B4300563D48&action=openDocument,data\legislation\html\C664DB645D24453F06257B4300563D48.html,Ley que Declara y Define los Límites de la Reserva de Biósfera de la Isla de Ometepe,Leyes,Medio Ambiente y Recursos Naturales,833,45,08/03/2013,Ley,1,servicios ambientales,direct_es,ecosystem_services,1,servicios ambientales,"20 En la Reserva de Biósfera la autoridad de aplicación, deberá garantizar que se realicen los procesos de valoración de los servicios ambientales generados en la misma, que sean susceptibles de generar ingresos, con el objetivo de que estos se conviertan en una retribución sostenible, en beneficio de la Reserva de Biósfera Isla de Ometepe."
F9264C09BD98D79706257C7D005668FD,http://legislacion.asamblea.nacional.gob.ni/Normaweb.nsf/xpNormaJuridica.xsp?documentId=F9264C09BD98D79706257C7D005668FD&action=openDocument,data\legislation\html\F9264C09BD98D79706257C7D005668FD.html,"Texto de Ley N°. 217, “Ley General del Medio Ambiente y los Recursos Naturales” Con sus Reformas Incorporadas",Leyes,Medio Ambiente y Recursos Naturales,S/N,20,31/01/2014,Ley,1,servicios ambientales,direct_es,ecosystem_services,1,Servicios Ambientales,"Pago por Servicios Ambientales : Instrumento de gestión ambiental, de naturaleza económica que permite valorar y establecer un pago por los servicios que brindan los ecosistemas, logrando con ello introducir los costos ambientales en los flujos de caja de las actividades productivas de diferentes niveles, en los ámbitos público y privado."
F9264C09BD98D79706257C7D005668FD,http://legislacion.asamblea.nacional.gob.ni/Normaweb.nsf/xpNormaJuridica.xsp?documentId=F9264C09BD98D79706257C7D005668FD&action=openDocument,data\legislation\html\F9264C09BD98D79706257C7D005668FD.html,"Texto de Ley N°. 217, “Ley General del Medio Ambiente y los Recursos Naturales” Con sus Reformas Incorporadas",Leyes,Medio Ambiente y Recursos Naturales,S/N,20,31/01/2014,Ley,2,servicios ambientales,direct_es,ecosystem_services,1,Servicios Ambientales,Servicios Ambientales : Aquellas funciones de los ecosistemas que generan beneficios económicos y ambientales para la sociedad y los ecosistemas.
F9264C09BD98D79706257C7D005668FD,http://legislacion.asamblea.nacional.gob.ni/Normaweb.nsf/xpNormaJuridica.xsp?documentId=F9264C09BD98D79706257C7D005668FD&action=openDocument,data\legislation\html\F9264C09BD98D79706257C7D005668FD.html,"Texto de Ley N°. 217, “Ley General del Medio Ambiente y los Recursos Naturales” Con sus Reformas Incorporadas",Leyes,Medio Ambiente y Recursos Naturales,S/N,20,31/01/2014,Ley,3,servicios ambientales,direct_es,ecosystem_services,1,Servicios Ambientales,11) Del Sistema de Pago por Servicios Ambientales.
F9264C09BD98D79706257C7D005668FD,http://legislacion.asamblea.nacional.gob.ni/Normaweb.nsf/xpNormaJuridica.xsp?documentId=F9264C09BD98D79706257C7D005668FD&action=openDocument,data\legislation\html\F9264C09BD98D79706257C7D005668FD.html,"Texto de Ley N°. 217, “Ley General del Medio Ambiente y los Recursos Naturales” Con sus Reformas Incorporadas",Leyes,Medio Ambiente y Recursos Naturales,S/N,20,31/01/2014,Ley,4,servicios ambientales,direct_es,ecosystem_services,1,servicios ambientales,"8) Potenciar de forma sistémica los servicios ambientales que proveen las áreas protegidas para el beneficio de los habitantes de la zona, la economía nacional y el desarrollo sostenible."
F9264C09BD98D79706257C7D005668FD,http://legislacion.asamblea.nacional.gob.ni/Normaweb.nsf/xpNormaJuridica.xsp?documentId=F9264C09BD98D79706257C7D005668FD&action=openDocument,data\legislation\html\F9264C09BD98D79706257C7D005668FD.html,"Texto de Ley N°. 217, “Ley General del Medio Ambiente y los Recursos Naturales” Con sus Reformas Incorporadas",Leyes,Medio Ambiente y Recursos Naturales,S/N,20,31/01/2014,Ley,5,servicios ambientales,direct_es,ecosystem_services,1,Servicios Ambientales,Sección XI Del Pago por Servicios Ambientales Art.
F9264C09BD98D79706257C7D005668FD,http://legislacion.asamblea.nacional.gob.ni/Normaweb.nsf/xpNormaJuridica.xsp?documentId=F9264C09BD98D79706257C7D005668FD&action=openDocument,data\legislation\html\F9264C09BD98D79706257C7D005668FD.html,"Texto de Ley N°. 217, “Ley General del Medio Ambiente y los Recursos Naturales” Con sus Reformas Incorporadas",Leyes,Medio Ambiente y Recursos Naturales,S/N,20,31/01/2014,Ley,6,servicios ambientales,direct_es,ecosystem_services,1,Servicios Ambientales,"57 Crease el Sistema de Valoración y Pagos por Servicios Ambientales, como instrumento de gestión ambiental, con el fin de valorar y establecer un pago por los servicios, así como, generar financiamiento e incentivos para la promoción de la conservación, preservación y uso sostenible del ambiente y los recursos naturales."
F9264C09BD98D79706257C7D005668FD,http://legislacion.asamblea.nacional.gob.ni/Normaweb.nsf/xpNormaJuridica.xsp?documentId=F9264C09BD98D79706257C7D005668FD&action=openDocument,data\legislation\html\F9264C09BD98D79706257C7D005668FD.html,"Texto de Ley N°. 217, “Ley General del Medio Ambiente y los Recursos Naturales” Con sus Reformas Incorporadas",Leyes,Medio Ambiente y Recursos Naturales,S/N,20,31/01/2014,Ley,7,servicios ambientales,direct_es,ecosystem_services,1,Servicios Ambientales,"El Poder Ejecutivo reglamentará las disposiciones relativas al Sistema de Valoración y Pago por Servicios Ambientales creado en la presente Ley, el que debe contener al menos lo siguiente: 1) Marco institucional ejecutivo y participativo del Sistema de Valoración y Pago por Servicios Ambientales, creando su respectiva estructura y organización administrativa."
F9264C09BD98D79706257C7D005668FD,http://legislacion.asamblea.nacional.gob.ni/Normaweb.nsf/xpNormaJuridica.xsp?documentId=F9264C09BD98D79706257C7D005668FD&action=openDocument,data\legislation\html\F9264C09BD98D79706257C7D005668FD.html,"Texto de Ley N°. 217, “Ley General del Medio Ambiente y los Recursos Naturales” Con sus Reformas Incorporadas",Leyes,Medio Ambiente y Recursos Naturales,S/N,20,31/01/2014,Ley,8,servicios ambientales,direct_es,ecosystem_services,1,Servicios Ambientales,"El Poder Ejecutivo reglamentará las disposiciones relativas al Sistema de Valoración y Pago por Servicios Ambientales creado en la presente Ley, el que debe contener al menos lo siguiente: 1) Marco institucional ejecutivo y participativo del Sistema de Valoración y Pago por Servicios Ambientales, creando su respectiva estructura y organización administrativa."
F9264C09BD98D79706257C7D005668FD,http://legislacion.asamblea.nacional.gob.ni/Normaweb.nsf/xpNormaJuridica.xsp?documentId=F9264C09BD98D79706257C7D005668FD&action=openDocument,data\legislation\html\F9264C09BD98D79706257C7D005668FD.html,"Texto de Ley N°. 217, “Ley General del Medio Ambiente y los Recursos Naturales” Con sus Reformas Incorporadas",Leyes,Medio Ambiente y Recursos Naturales,S/N,20,31/01/2014,Ley,9,servicios ambientales,direct_es,ecosystem_services,1,servicios ambientales,2) Objetivos del Sistema dirigidos a facilitar el proceso de pago por servicios ambientales.
F9264C09BD98D79706257C7D005668FD,http://legislacion.asamblea.nacional.gob.ni/Normaweb.nsf/xpNormaJuridica.xsp?documentId=F9264C09BD98D79706257C7D005668FD&action=openDocument,data\legislation\html\F9264C09BD98D79706257C7D005668FD.html,"Texto de Ley N°. 217, “Ley General del Medio Ambiente y los Recursos Naturales” Con sus Reformas Incorporadas",Leyes,Medio Ambiente y Recursos Naturales,S/N,20,31/01/2014,Ley,10,servicios ambientales,direct_es,ecosystem_services,1,servicios ambientales,4) Esferas de acción institucional para promover el pago por servicios ambientales en el país.
F9264C09BD98D79706257C7D005668FD,http://legislacion.asamblea.nacional.gob.ni/Normaweb.nsf/xpNormaJuridica.xsp?documentId=F9264C09BD98D79706257C7D005668FD&action=openDocument,data\legislation\html\F9264C09BD98D79706257C7D005668FD.html,"Texto de Ley N°. 217, “Ley General del Medio Ambiente y los Recursos Naturales” Con sus Reformas Incorporadas",Leyes,Medio Ambiente y Recursos Naturales,S/N,20,31/01/2014,Ley,11,pago por servicios ambientales,economic_instruments,payments,2,Pago por Servicios Ambientales,"Pago por Servicios Ambientales : Instrumento de gestión ambiental, de naturaleza económica que permite valorar y establecer un pago por los servicios que brindan los ecosistemas, logrando con ello introducir los costos ambientales en los flujos de caja de las actividades productivas de diferentes niveles, en los ámbitos público y privado."
F9264C09BD98D79706257C7D005668FD,http://legislacion.asamblea.nacional.gob.ni/Normaweb.nsf/xpNormaJuridica.xsp?documentId=F9264C09BD98D79706257C7D005668FD&action=openDocument,data\legislation\html\F9264C09BD98D79706257C7D005668FD.html,"Texto de Ley N°. 217, “Ley General del Medio Ambiente y los Recursos Naturales” Con sus Reformas Incorporadas",Leyes,Medio Ambiente y Recursos Naturales,S/N,20,31/01/2014,Ley,12,pago por servicios ambientales,economic_instruments,payments,2,Pago por Servicios Ambientales,11) Del Sistema de Pago por Servicios Ambientales.
F9264C09BD98D79706257C7D005668FD,http://legislacion.asamblea.nacional.gob.ni/Normaweb.nsf/xpNormaJuridica.xsp?documentId=F9264C09BD98D79706257C7D005668FD&action=openDocument,data\legislation\html\F9264C09BD98D79706257C7D005668FD.html,"Texto de Ley N°. 217, “Ley General del Medio Ambiente y los Recursos Naturales” Con sus Reformas Incorporadas",Leyes,Medio Ambiente y Recursos Naturales,S/N,20,31/01/2014,Ley,13,pago por servicios ambientales,economic_instruments,payments,2,Pago por Servicios Ambientales,Sección XI Del Pago por Servicios Ambientales Art.
F9264C09BD98D79706257C7D005668FD,http://legislacion.asamblea.nacional.gob.ni/Normaweb.nsf/xpNormaJuridica.xsp?documentId=F9264C09BD98D79706257C7D005668FD&action=openDocument,data\legislation\html\F9264C09BD98D79706257C7D005668FD.html,"Texto de Ley N°. 217, “Ley General del Medio Ambiente y los Recursos Naturales” Con sus Reformas Incorporadas",Leyes,Medio Ambiente y Recursos Naturales,S/N,20,31/01/2014,Ley,14,pago por servicios ambientales,economic_instruments,payments,2,Pago por Servicios Ambientales,"El Poder Ejecutivo reglamentará las disposiciones relativas al Sistema de Valoración y Pago por Servicios Ambientales creado en la presente Ley, el que debe contener al menos lo siguiente: 1) Marco institucional ejecutivo y participativo del Sistema de Valoración y Pago por Servicios Ambientales, creando su respectiva estructura y organización administrativa."
F9264C09BD98D79706257C7D005668FD,http://legislacion.asamblea.nacional.gob.ni/Normaweb.nsf/xpNormaJuridica.xsp?documentId=F9264C09BD98D79706257C7D005668FD&action=openDocument,data\legislation\html\F9264C09BD98D79706257C7D005668FD.html,"Texto de Ley N°. 217, “Ley General del Medio Ambiente y los Recursos Naturales” Con sus Reformas Incorporadas",Leyes,Medio Ambiente y Recursos Naturales,S/N,20,31/01/2014,Ley,15,pago por servicios ambientales,economic_instruments,payments,2,Pago por Servicios Ambientales,"El Poder Ejecutivo reglamentará las disposiciones relativas al Sistema de Valoración y Pago por Servicios Ambientales creado en la presente Ley, el que debe contener al menos lo siguiente: 1) Marco institucional ejecutivo y participativo del Sistema de Valoración y Pago por Servicios Ambientales, creando su respectiva estructura y organización administrativa."
F9264C09BD98D79706257C7D005668FD,http://legislacion.asamblea.nacional.gob.ni/Normaweb.nsf/xpNormaJuridica.xsp?documentId=F9264C09BD98D79706257C7D005668FD&action=openDocument,data\legislation\html\F9264C09BD98D79706257C7D005668FD.html,"Texto de Ley N°. 217, “Ley General del Medio Ambiente y los Recursos Naturales” Con sus Reformas Incorporadas",Leyes,Medio Ambiente y Recursos Naturales,S/N,20,31/01/2014,Ley,16,pago por servicios ambientales,economic_instruments,payments,2,pago por servicios ambientales,2) Objetivos del Sistema dirigidos a facilitar el proceso de pago por servicios ambientales.
F9264C09BD98D79706257C7D005668FD,http://legislacion.asamblea.nacional.gob.ni/Normaweb.nsf/xpNormaJuridica.xsp?documentId=F9264C09BD98D79706257C7D005668FD&action=openDocument,data\legislation\html\F9264C09BD98D79706257C7D005668FD.html,"Texto de Ley N°. 217, “Ley General del Medio Ambiente y los Recursos Naturales” Con sus Reformas Incorporadas",Leyes,Medio Ambiente y Recursos Naturales,S/N,20,31/01/2014,Ley,17,pago por servicios ambientales,economic_instruments,payments,2,pago por servicios ambientales,4) Esferas de acción institucional para promover el pago por servicios ambientales en el país.
F9264C09BD98D79706257C7D005668FD,http://legislacion.asamblea.nacional.gob.ni/Normaweb.nsf/xpNormaJuridica.xsp?documentId=F9264C09BD98D79706257C7D005668FD&action=openDocument,data\legislation\html\F9264C09BD98D79706257C7D005668FD.html,"Texto de Ley N°. 217, “Ley General del Medio Ambiente y los Recursos Naturales” Con sus Reformas Incorporadas",Leyes,Medio Ambiente y Recursos Naturales,S/N,20,31/01/2014,Ley,18,pagos por servicios ambientales,economic_instruments,payments,2,Pagos por Servicios Ambientales,"57 Crease el Sistema de Valoración y Pagos por Servicios Ambientales, como instrumento de gestión ambiental, con el fin de valorar y establecer un pago por los servicios, así como, generar financiamiento e incentivos para la promoción de la conservación, preservación y uso sostenible del ambiente y los recursos naturales."
A35CF61591AD2D57062581F30056F9EC,http://legislacion.asamblea.nacional.gob.ni/Normaweb.nsf/xpNormaJuridica.xsp?documentId=A35CF61591AD2D57062581F30056F9EC&action=openDocument,data\legislation\html\A35CF61591AD2D57062581F30056F9EC.html,Reglamento en el que se Establecen las Disposiciones para el Vertido de Aguas Residuales,Decretos Ejecutivos,Medio Ambiente y Recursos Naturales,21-2017,229,30/11/2017,Decreto,1,funciones ecológicas,direct_es,ecosystem_functions,1,funciones ecológicas,"Capacidad de Asimilación del Agua: Propiedad del cuerpo de agua receptor, para absorber o soportar agentes externos, sin sufrir deterioro tal que afecte su propia regeneración, o impida su renovación natural en plazos y condiciones normales, o reduzca significativamente sus funciones ecológicas."
2AA845F404D355C6062583A0005A2819,http://legislacion.asamblea.nacional.gob.ni/Normaweb.nsf/xpNormaJuridica.xsp?documentId=2AA845F404D355C6062583A0005A2819&action=openDocument,data\legislation\html\2AA845F404D355C6062583A0005A2819.html,Decreto para Establecer la Política Nacional de Mitigación y Adaptación al Cambio Climático y de Creación del Sistema Nacional de Respuesta al Cambio Climático,Decretos Ejecutivos,Medio Ambiente y Recursos Naturales,07-2019,27,11/02/2019,Decreto,1,servicios ambientales,direct_es,ecosystem_services,1,servicios ambientales,La degradación y fragmentación de los ecosistemas reduce la capacidad para proveer servicios ambientales de calidad.
2AA845F404D355C6062583A0005A2819,http://legislacion.asamblea.nacional.gob.ni/Normaweb.nsf/xpNormaJuridica.xsp?documentId=2AA845F404D355C6062583A0005A2819&action=openDocument,data\legislation\html\2AA845F404D355C6062583A0005A2819.html,Decreto para Establecer la Política Nacional de Mitigación y Adaptación al Cambio Climático y de Creación del Sistema Nacional de Respuesta al Cambio Climático,Decretos Ejecutivos,Medio Ambiente y Recursos Naturales,07-2019,27,11/02/2019,Decreto,2,funciones ecológicas,direct_es,ecosystem_functions,1,funciones ecológicas,"e) Promover la restauración, conservación y uso racional de los humedales y manglares del Pacífico y Caribe de Nicaragua, que son ecosistemas ricos en biodiversidad, recursos naturales y diversidad genética, con funciones ecológicas importantes para la adaptación y mitigación del cambio climático."
A1E62D13D0D27ED2062584A1006FE5C0,http://legislacion.asamblea.nacional.gob.ni/Normaweb.nsf/xpNormaJuridica.xsp?documentId=A1E62D13D0D27ED2062584A1006FE5C0&action=openDocument,data\legislation\html\A1E62D13D0D27ED2062584A1006FE5C0.html,"Reglamento a la Ley N°. 807, Ley de Conservación y Utilización Sostenible de la Diversidad Biológica",Decretos Ejecutivos,Medio Ambiente y Recursos Naturales,24-2019,203,24/10/2019,Decreto,1,incentivos para la conservación,economic_instruments,incentives,2,Incentivos para la conservación,"• Incentivos para la conservación, restauración, recuperación y rehabilitación de la biodiversidad: Herramientas, instrumentos y medidas socialmente idóneas, de carácter no monetario, destinadas a lograr que los individuos y la colectividad cambien su comportamiento, para conservar y utilizar sosteniblemente los componentes de la biodiversidad."
62310B74AC7E885A062584F2007D3D66,http://legislacion.asamblea.nacional.gob.ni/Normaweb.nsf/xpNormaJuridica.xsp?documentId=62310B74AC7E885A062584F2007D3D66&action=openDocument,data\legislation\html\62310B74AC7E885A062584F2007D3D66.html,"Decreto de Aprobación del ""Acuerdo Regional sobre el Acceso a la Información, la Participación Pública y el Acceso a la Justicia en Asuntos Ambientales en América Latina y el Caribe""",Decretos Legislativos,Medio Ambiente y Recursos Naturales,A.N. Nº. 8629,243,19/12/2019,Decreto,1,servicios ecosistémicos,direct_es,ecosystem_services,1,servicios ecosistémicos,"Cada Parte contará con uno o más sistemas de información ambiental actualizados, que podrán incluir, entre otros: a) los textos de tratados y acuerdos internacionales, así como las leyes, reglamentos y actos administrativos sobre el medio ambiente; b) los informes sobre el estado del medio ambiente; c) el listado de las entidades públicas con competencia en materia ambiental y, cuando fuera posible, sus respectivas áreas de actuación; d) el listado de zonas contaminadas, por tipo de contaminante y localización; e) información sobre el uso y la conservación de los recursos naturales y servicios ecosistémicos; f) informes, estudios e información científicos, técnicos o tecnológicos en asuntos ambientales elaborados por instituciones académicas y de investigación, públicas o privadas, nacionales o extranjeras; g) fuentes relativas a cambio climático que contribuyan a fortalecer las capacidades nacionales en esta materia; h) información de los procesos de evaluación de impacto ambiental y de otros instrumentos de gestión ambiental, cuando corresponda, y las licencias o permisos ambientales otorgados por las autoridades públicas; i) un listado estimado de residuos por tipo y, cuando sea posible, desagregado por volumen, localización y año; e j) información respecto de la imposición de sanciones administrativas en asuntos ambientales."
73EAE9949DFC12C1062585280061416D,http://legislacion.asamblea.nacional.gob.ni/Normaweb.nsf/xpNormaJuridica.xsp?documentId=73EAE9949DFC12C1062585280061416D&action=openDocument,data\legislation\html\73EAE9949DFC12C1062585280061416D.html,DECRETO DE APROBACIÓN DEL PROTOCOLO NAGOYA SOBRE ACCESO A LOS RECURSOS GENÉTICO Y PARTICIPACIÓN JUSTA Y EQUITATIVA EN LOS BENEFICIOS QUE SE DERIVEN DE SU UTILIZACIÓN AL CONVENIO SOBRE DIVERSIDAD BIOLÓGICA,Decretos Legislativos,Medio Ambiente y Recursos Naturales,A.N. N°. 8654,45,06/03/2020,Decreto,1,incentivos para la conservación,economic_instruments,incentives,2,incentivos para la conservación,"o ""el Convenio"", Recordando que la participación justa y equitativa en los beneficios que se deriven de la utilización de los recursos genéticos es uno de los tres objetivos fundamentales del Convenio, y reconociendo que este Protocolo persigue la aplicación de este objetivo dentro del Convenio, Reafirmando los derechos soberanos de los Estados sobre sus recursos naturales y de conformidad con las disposiciones del Convenio, Recordando además el artículo 15 del Convenio, Reconociendo la importante contribución de la transferencia de tecnología y la cooperación al desarrollo sostenible, para crear capacidad de investigación e innovación que añada valor a los recursos genéticos en los países en desarrollo, conforme a los artículos 16 y 19 del Convenio, Reconociendo que la conciencia pública acerca del valor económico de los ecosistemas y la diversidad biológica y que la distribución justa y equitativa de su valor económico con los custodios de la diversidad biológica son los principales incentivos para la conservación de la diversidad biológica y la utilización sostenible de sus componentes, Conscientes de la potencial contribución del acceso y la participación en los beneficios a la conservación y utilización sostenible de la diversidad biológica, la reducción de la pobreza y la sostenibilidad ambiental, contribuyendo por ende a alcanzar los Objetivos de Desarrollo del Milenio, Conscientes de los vínculos entre el acceso a los recursos genéticos y la participación justa y equitativa en los beneficios que se deriven de la utilización de dichos recursos, Reconociendo la importancia de proporcionar seguridad jurídica respecto al acceso a los recursos genéticos y la participación justa y equitativa en los beneficios que se deriven de su utilización, Reconociendo además la importancia de fomentar la equidad y justicia en las negociaciones de las condiciones mutuamente acordadas entre los proveedores y los usuarios de recursos genéticos, Reconociendo asimismo la función decisiva que desempeña la mujer e"
D730A9E0DA470B6A0625862B0058F7A9,http://legislacion.asamblea.nacional.gob.ni/Normaweb.nsf/xpNormaJuridica.xsp?documentId=D730A9E0DA470B6A0625862B0058F7A9&action=openDocument,data\legislation\html\D730A9E0DA470B6A0625862B0058F7A9.html,"Ley de Reforma a la Ley N°. 620, Ley General de Aguas Nacionales",Leyes,Medio Ambiente y Recursos Naturales,1046,217,23/11/2020,Ley,1,servicios ambientales,direct_es,ecosystem_services,1,Servicios Ambientales,"Servicios Ambientales de carácter hídrico: Servicios y beneficios de interés social que se generan o se derivan de las cuencas hidrográficas y sus componentes, entre estos, la conservación de los ciclos hidrológicos y la provisión del agua en calidad y cantidad, la recarga de acuíferos; la purificación de cuerpos de agua; el amortiguamiento del impacto de los fenómenos naturales; la protección de la biodiversidad, de los ecosistemas y formas de vida; la protección y recuperación de suelos."
D730A9E0DA470B6A0625862B0058F7A9,http://legislacion.asamblea.nacional.gob.ni/Normaweb.nsf/xpNormaJuridica.xsp?documentId=D730A9E0DA470B6A0625862B0058F7A9&action=openDocument,data\legislation\html\D730A9E0DA470B6A0625862B0058F7A9.html,"Ley de Reforma a la Ley N°. 620, Ley General de Aguas Nacionales",Leyes,Medio Ambiente y Recursos Naturales,1046,217,23/11/2020,Ley,2,servicios ambientales,direct_es,ecosystem_services,1,servicios ambientales,"Con el fin de dar al usuario y a la sociedad indicaciones claras sobre el valor real del agua y las formas que sus costos inciden en su precio, prestación de servicios de agua y su conservación, así como, incentivar bajo los procesos y mecanismos pertinentes la racionalización del uso y reuso del agua y obtener recursos económicos para el financiamiento de la planificación hídrica; e) El pago por servicios ambientales del recurso hídrico."
D730A9E0DA470B6A0625862B0058F7A9,http://legislacion.asamblea.nacional.gob.ni/Normaweb.nsf/xpNormaJuridica.xsp?documentId=D730A9E0DA470B6A0625862B0058F7A9&action=openDocument,data\legislation\html\D730A9E0DA470B6A0625862B0058F7A9.html,"Ley de Reforma a la Ley N°. 620, Ley General de Aguas Nacionales",Leyes,Medio Ambiente y Recursos Naturales,1046,217,23/11/2020,Ley,3,servicios ambientales,direct_es,ecosystem_services,1,servicios ambientales,"Tiene por objeto elaborar las bases económicas, técnicas, jurídicas y ambientales necesarias, para instrumentar un sistema de pago consistente y generalizado por estos servicios ambientales que se originan de las Cuencas Hidrográficas del país; f) Los instrumentos sociales."
D730A9E0DA470B6A0625862B0058F7A9,http://legislacion.asamblea.nacional.gob.ni/Normaweb.nsf/xpNormaJuridica.xsp?documentId=D730A9E0DA470B6A0625862B0058F7A9&action=openDocument,data\legislation\html\D730A9E0DA470B6A0625862B0058F7A9.html,"Ley de Reforma a la Ley N°. 620, Ley General de Aguas Nacionales",Leyes,Medio Ambiente y Recursos Naturales,1046,217,23/11/2020,Ley,4,servicios ambientales,direct_es,ecosystem_services,1,servicios ambientales,"amiento, en su caso; j) Adoptar las medidas necesarias para prevenir prácticas restrictivas de competencia en la prestación de los servicios de agua potable y saneamiento; k) Suscribir convenios, programas y/o contratos de cooperación que sean necesarios para el desarrollo de sus funciones; l) Realizar la caracterización de los cuerpos de aguas para usos potenciales, en coordinación con las Instituciones competentes; m) Promover la investigación científica y el desarrollo tecnológico en materia de agua, en coordinación con las Instituciones competentes; n) Impulsar la formación y capacitación de los recursos humanos que se requieran; o) Establecer, organizar y administrar el Registro Público Nacional de Derechos de Agua y de Prestadores de Servicios (RPNDAPS); p) Realizar estudios y análisis sobre la valoración económica y financiera del agua por fuente de suministro, localidad y tipo de uso, que soporten los criterios para el cobro de tarifas y cánones de agua, incluyendo el pago por servicios ambientales hidrológicos; q) Desarrollar e implementar, con la Comisión para la Administración Sustentable de los Recursos Hídricos, el Sistema de Información de los Recursos Hídricos que hagan posible determinar la disponibilidad de las aguas nacionales en cantidad y calidad, así como el inventario de los usos y usuarios del recurso; r) Actuar como instancias de revisión y apelación de las decisiones que emitan las distintas dependencias de ANA y los Organismos de Cuenca, cuando estén constituidos y de los prestadores de servicios de agua potable y saneamiento; s) Conciliar y, en su caso, servir a petición de los usuarios, como árbitro en la solución de los conflictos relacionados con la gestión y/o aprovechamiento del agua; t) Formular y aplicar programas que tengan por objetivo el que todos los usuarios cuenten con medidores, dispositivos o métodos indirectos de medición volumétrica; u) Definir los requisitos y lineamientos para el establecimiento de Distritos y Unidades de Riego y de Drenaje,"
D730A9E0DA470B6A0625862B0058F7A9,http://legislacion.asamblea.nacional.gob.ni/Normaweb.nsf/xpNormaJuridica.xsp?documentId=D730A9E0DA470B6A0625862B0058F7A9&action=openDocument,data\legislation\html\D730A9E0DA470B6A0625862B0058F7A9.html,"Ley de Reforma a la Ley N°. 620, Ley General de Aguas Nacionales",Leyes,Medio Ambiente y Recursos Naturales,1046,217,23/11/2020,Ley,5,servicios ambientales,direct_es,ecosystem_services,1,servicios ambientales,"Artículo 95 Con el objeto de financiar los pagos por servicios ambientales de carácter hídrico de una manera sostenible, la Comisión para la Administración Sustentable de los Recursos Hídricos implementará los mecanismos correspondientes de cobro y pago por estos servicios, para lo cual solicitará la participación y apoyo de instituciones u organizaciones."
D730A9E0DA470B6A0625862B0058F7A9,http://legislacion.asamblea.nacional.gob.ni/Normaweb.nsf/xpNormaJuridica.xsp?documentId=D730A9E0DA470B6A0625862B0058F7A9&action=openDocument,data\legislation\html\D730A9E0DA470B6A0625862B0058F7A9.html,"Ley de Reforma a la Ley N°. 620, Ley General de Aguas Nacionales",Leyes,Medio Ambiente y Recursos Naturales,1046,217,23/11/2020,Ley,6,servicios ambientales,direct_es,ecosystem_services,1,servicios ambientales,"El pago por servicios ambientales de carácter hídrico es un incentivo a la conservación, protección, uso racional del agua y demás recursos naturales existentes, en determinadas cuencas hidrográficas, el cual será regulado por una Ley Especial de Pagos por Servicios Ambientales de Carácter Hídricos."
D730A9E0DA470B6A0625862B0058F7A9,http://legislacion.asamblea.nacional.gob.ni/Normaweb.nsf/xpNormaJuridica.xsp?documentId=D730A9E0DA470B6A0625862B0058F7A9&action=openDocument,data\legislation\html\D730A9E0DA470B6A0625862B0058F7A9.html,"Ley de Reforma a la Ley N°. 620, Ley General de Aguas Nacionales",Leyes,Medio Ambiente y Recursos Naturales,1046,217,23/11/2020,Ley,7,servicios ambientales,direct_es,ecosystem_services,1,Servicios Ambientales,"El pago por servicios ambientales de carácter hídrico es un incentivo a la conservación, protección, uso racional del agua y demás recursos naturales existentes, en determinadas cuencas hidrográficas, el cual será regulado por una Ley Especial de Pagos por Servicios Ambientales de Carácter Hídricos."
D730A9E0DA470B6A0625862B0058F7A9,http://legislacion.asamblea.nacional.gob.ni/Normaweb.nsf/xpNormaJuridica.xsp?documentId=D730A9E0DA470B6A0625862B0058F7A9&action=openDocument,data\legislation\html\D730A9E0DA470B6A0625862B0058F7A9.html,"Ley de Reforma a la Ley N°. 620, Ley General de Aguas Nacionales",Leyes,Medio Ambiente y Recursos Naturales,1046,217,23/11/2020,Ley,8,servicios ambientales,direct_es,ecosystem_services,1,servicios ambientales,"La Comisión para la Administración Sustentable de los Recursos Hídricos vigilará que los proveedores de los servicios ambientales de carácter hídrico, reciban la justa retribución y pago por los servicios que proporcionan."
D730A9E0DA470B6A0625862B0058F7A9,http://legislacion.asamblea.nacional.gob.ni/Normaweb.nsf/xpNormaJuridica.xsp?documentId=D730A9E0DA470B6A0625862B0058F7A9&action=openDocument,data\legislation\html\D730A9E0DA470B6A0625862B0058F7A9.html,"Ley de Reforma a la Ley N°. 620, Ley General de Aguas Nacionales",Leyes,Medio Ambiente y Recursos Naturales,1046,217,23/11/2020,Ley,9,pago por servicios ambientales,economic_instruments,payments,2,pago por servicios ambientales,"Con el fin de dar al usuario y a la sociedad indicaciones claras sobre el valor real del agua y las formas que sus costos inciden en su precio, prestación de servicios de agua y su conservación, así como, incentivar bajo los procesos y mecanismos pertinentes la racionalización del uso y reuso del agua y obtener recursos económicos para el financiamiento de la planificación hídrica; e) El pago por servicios ambientales del recurso hídrico."
D730A9E0DA470B6A0625862B0058F7A9,http://legislacion.asamblea.nacional.gob.ni/Normaweb.nsf/xpNormaJuridica.xsp?documentId=D730A9E0DA470B6A0625862B0058F7A9&action=openDocument,data\legislation\html\D730A9E0DA470B6A0625862B0058F7A9.html,"Ley de Reforma a la Ley N°. 620, Ley General de Aguas Nacionales",Leyes,Medio Ambiente y Recursos Naturales,1046,217,23/11/2020,Ley,10,pago por servicios ambientales,economic_instruments,payments,2,pago por servicios ambientales,"le y saneamiento, en su caso; j) Adoptar las medidas necesarias para prevenir prácticas restrictivas de competencia en la prestación de los servicios de agua potable y saneamiento; k) Suscribir convenios, programas y/o contratos de cooperación que sean necesarios para el desarrollo de sus funciones; l) Realizar la caracterización de los cuerpos de aguas para usos potenciales, en coordinación con las Instituciones competentes; m) Promover la investigación científica y el desarrollo tecnológico en materia de agua, en coordinación con las Instituciones competentes; n) Impulsar la formación y capacitación de los recursos humanos que se requieran; o) Establecer, organizar y administrar el Registro Público Nacional de Derechos de Agua y de Prestadores de Servicios (RPNDAPS); p) Realizar estudios y análisis sobre la valoración económica y financiera del agua por fuente de suministro, localidad y tipo de uso, que soporten los criterios para el cobro de tarifas y cánones de agua, incluyendo el pago por servicios ambientales hidrológicos; q) Desarrollar e implementar, con la Comisión para la Administración Sustentable de los Recursos Hídricos, el Sistema de Información de los Recursos Hídricos que hagan posible determinar la disponibilidad de las aguas nacionales en cantidad y calidad, así como el inventario de los usos y usuarios del recurso; r) Actuar como instancias de revisión y apelación de las decisiones que emitan las distintas dependencias de ANA y los Organismos de Cuenca, cuando estén constituidos y de los prestadores de servicios de agua potable y saneamiento; s) Conciliar y, en su caso, servir a petición de los usuarios, como árbitro en la solución de los conflictos relacionados con la gestión y/o aprovechamiento del agua; t) Formular y aplicar programas que tengan por objetivo el que todos los usuarios cuenten con medidores, dispositivos o métodos indirectos de medición volumétrica; u) Definir los requisitos y lineamientos para el establecimiento de Distritos y Unidades de Riego y de Drenaje,"
D730A9E0DA470B6A0625862B0058F7A9,http://legislacion.asamblea.nacional.gob.ni/Normaweb.nsf/xpNormaJuridica.xsp?documentId=D730A9E0DA470B6A0625862B0058F7A9&action=openDocument,data\legislation\html\D730A9E0DA470B6A0625862B0058F7A9.html,"Ley de Reforma a la Ley N°. 620, Ley General de Aguas Nacionales",Leyes,Medio Ambiente y Recursos Naturales,1046,217,23/11/2020,Ley,11,pago por servicios ambientales,economic_instruments,payments,2,pago por servicios ambientales,"El pago por servicios ambientales de carácter hídrico es un incentivo a la conservación, protección, uso racional del agua y demás recursos naturales existentes, en determinadas cuencas hidrográficas, el cual será regulado por una Ley Especial de Pagos por Servicios Ambientales de Carácter Hídricos."
D730A9E0DA470B6A0625862B0058F7A9,http://legislacion.asamblea.nacional.gob.ni/Normaweb.nsf/xpNormaJuridica.xsp?documentId=D730A9E0DA470B6A0625862B0058F7A9&action=openDocument,data\legislation\html\D730A9E0DA470B6A0625862B0058F7A9.html,"Ley de Reforma a la Ley N°. 620, Ley General de Aguas Nacionales",Leyes,Medio Ambiente y Recursos Naturales,1046,217,23/11/2020,Ley,12,pagos por servicios ambientales,economic_instruments,payments,2,pagos por servicios ambientales,"Artículo 95 Con el objeto de financiar los pagos por servicios ambientales de carácter hídrico de una manera sostenible, la Comisión para la Administración Sustentable de los Recursos Hídricos implementará los mecanismos correspondientes de cobro y pago por estos servicios, para lo cual solicitará la participación y apoyo de instituciones u organizaciones."
D730A9E0DA470B6A0625862B0058F7A9,http://legislacion.asamblea.nacional.gob.ni/Normaweb.nsf/xpNormaJuridica.xsp?documentId=D730A9E0DA470B6A0625862B0058F7A9&action=openDocument,data\legislation\html\D730A9E0DA470B6A0625862B0058F7A9.html,"Ley de Reforma a la Ley N°. 620, Ley General de Aguas Nacionales",Leyes,Medio Ambiente y Recursos Naturales,1046,217,23/11/2020,Ley,13,pagos por servicios ambientales,economic_instruments,payments,2,Pagos por Servicios Ambientales,"El pago por servicios ambientales de carácter hídrico es un incentivo a la conservación, protección, uso racional del agua y demás recursos naturales existentes, en determinadas cuencas hidrográficas, el cual será regulado por una Ley Especial de Pagos por Servicios Ambientales de Carácter Hídricos."
EF9CD93FAA0CD51C0625867000755C05,http://legislacion.asamblea.nacional.gob.ni/Normaweb.nsf/xpNormaJuridica.xsp?documentId=EF9CD93FAA0CD51C0625867000755C05&action=openDocument,data\legislation\html\EF9CD93FAA0CD51C0625867000755C05.html,Ley que Declara y Define Reserva de Biosfera del Caribe Nicaragüense,Leyes,Medio Ambiente y Recursos Naturales,1059,22,02/02/2021,Ley,1,servicios ambientales,direct_es,ecosystem_services,1,servicios ambientales,"IV Que es responsabilidad del Gobierno Central, Gobiernos Regionales, Municipales y Gobiernos Territoriales Indígenas, promover programas y proyectos que contribuyan al proceso de desarrollo del país y que mejoren la calidad de vida de los habitantes de las comunidades, garantizando el manejo y uso sostenible de los recursos naturales en especial de los sistemas marinos costeros de importancia para el anidamiento, reproducción de las especies que en ellos habitan, procurando mantener los bienes y servicios ambientales."
EF9CD93FAA0CD51C0625867000755C05,http://legislacion.asamblea.nacional.gob.ni/Normaweb.nsf/xpNormaJuridica.xsp?documentId=EF9CD93FAA0CD51C0625867000755C05&action=openDocument,data\legislation\html\EF9CD93FAA0CD51C0625867000755C05.html,Ley que Declara y Define Reserva de Biosfera del Caribe Nicaragüense,Leyes,Medio Ambiente y Recursos Naturales,1059,22,02/02/2021,Ley,2,bienes y servicios ambientales,direct_es,ecosystem_services,1,bienes y servicios ambientales,"IV Que es responsabilidad del Gobierno Central, Gobiernos Regionales, Municipales y Gobiernos Territoriales Indígenas, promover programas y proyectos que contribuyan al proceso de desarrollo del país y que mejoren la calidad de vida de los habitantes de las comunidades, garantizando el manejo y uso sostenible de los recursos naturales en especial de los sistemas marinos costeros de importancia para el anidamiento, reproducción de las especies que en ellos habitan, procurando mantener los bienes y servicios ambientales."
DD76413A976692DC062587F3005BD150,http://legislacion.asamblea.nacional.gob.ni/Normaweb.nsf/xpNormaJuridica.xsp?documentId=DD76413A976692DC062587F3005BD150&action=openDocument,data\legislation\html\DD76413A976692DC062587F3005BD150.html,Decreto de Aprobación de la Política Nacional de Cambio Climático,Decreto Presidencial,Medio Ambiente y Recursos Naturales,04-2022,35,22/02/2022,Decreto,1,servicios ecosistémicos,direct_es,ecosystem_services,1,servicios ecosistémicos,"Promover la conservación, recuperación y restauración de los ecosistemas naturales, la gestión de paisajes resilientes, y la provisión de bienes y servicios ecosistémicos, basados en el manejo adaptativo, a través de prácticas sostenibles de producción y consumo."
DD76413A976692DC062587F3005BD150,http://legislacion.asamblea.nacional.gob.ni/Normaweb.nsf/xpNormaJuridica.xsp?documentId=DD76413A976692DC062587F3005BD150&action=openDocument,data\legislation\html\DD76413A976692DC062587F3005BD150.html,Decreto de Aprobación de la Política Nacional de Cambio Climático,Decreto Presidencial,Medio Ambiente y Recursos Naturales,04-2022,35,22/02/2022,Decreto,2,servicios ecosistémicos,direct_es,ecosystem_services,1,servicios ecosistémicos,"_______________________________________________ Líneas de Acción: a) Promover la generación de acciones e instrumentos que favorezcan la conservación, recuperación y restauración de los ecosistemas naturales, entre ellos la recuperación del bosque nativo y humedales, para favorecer la provisión de bienes y servicios ecosistémicos."
DD76413A976692DC062587F3005BD150,http://legislacion.asamblea.nacional.gob.ni/Normaweb.nsf/xpNormaJuridica.xsp?documentId=DD76413A976692DC062587F3005BD150&action=openDocument,data\legislation\html\DD76413A976692DC062587F3005BD150.html,Decreto de Aprobación de la Política Nacional de Cambio Climático,Decreto Presidencial,Medio Ambiente y Recursos Naturales,04-2022,35,22/02/2022,Decreto,3,servicios ecosistémicos,direct_es,ecosystem_services,1,servicios ecosistémicos,"Promover sistemas de producción agropecuaria y pesquera de mayor capacidad de adaptación y resiliencia climáticas, a efectos de mejorar la productividad y la competitividad de las cadenas de valor, contemplando los servicios ecosistémicos, la lucha contra la pobreza, la soberanía y seguridad alimentaria."
DD76413A976692DC062587F3005BD150,http://legislacion.asamblea.nacional.gob.ni/Normaweb.nsf/xpNormaJuridica.xsp?documentId=DD76413A976692DC062587F3005BD150&action=openDocument,data\legislation\html\DD76413A976692DC062587F3005BD150.html,Decreto de Aprobación de la Política Nacional de Cambio Climático,Decreto Presidencial,Medio Ambiente y Recursos Naturales,04-2022,35,22/02/2022,Decreto,4,servicios de los ecosistemas,direct_es,ecosystem_services,1,servicios de los ecosistemas,"Degradación del hábitat y contaminación (por ejemplo, la lixiviación del nitrógeno), amenazando la calidad del agua, con impactos negativos para los servicios de los ecosistemas."
DD76413A976692DC062587F3005BD150,http://legislacion.asamblea.nacional.gob.ni/Normaweb.nsf/xpNormaJuridica.xsp?documentId=DD76413A976692DC062587F3005BD150&action=openDocument,data\legislation\html\DD76413A976692DC062587F3005BD150.html,Decreto de Aprobación de la Política Nacional de Cambio Climático,Decreto Presidencial,Medio Ambiente y Recursos Naturales,04-2022,35,22/02/2022,Decreto,5,bienes y servicios ecosistémicos,direct_es,ecosystem_services,1,bienes y servicios ecosistémicos,"Promover la conservación, recuperación y restauración de los ecosistemas naturales, la gestión de paisajes resilientes, y la provisión de bienes y servicios ecosistémicos, basados en el manejo adaptativo, a través de prácticas sostenibles de producción y consumo."
DD76413A976692DC062587F3005BD150,http://legislacion.asamblea.nacional.gob.ni/Normaweb.nsf/xpNormaJuridica.xsp?documentId=DD76413A976692DC062587F3005BD150&action=openDocument,data\legislation\html\DD76413A976692DC062587F3005BD150.html,Decreto de Aprobación de la Política Nacional de Cambio Climático,Decreto Presidencial,Medio Ambiente y Recursos Naturales,04-2022,35,22/02/2022,Decreto,6,bienes y servicios ecosistémicos,direct_es,ecosystem_services,1,bienes y servicios ecosistémicos,"_______________________________________________ Líneas de Acción: a) Promover la generación de acciones e instrumentos que favorezcan la conservación, recuperación y restauración de los ecosistemas naturales, entre ellos la recuperación del bosque nativo y humedales, para favorecer la provisión de bienes y servicios ecosistémicos."
DD76413A976692DC062587F3005BD150,http://legislacion.asamblea.nacional.gob.ni/Normaweb.nsf/xpNormaJuridica.xsp?documentId=DD76413A976692DC062587F3005BD150&action=openDocument,data\legislation\html\DD76413A976692DC062587F3005BD150.html,Decreto de Aprobación de la Política Nacional de Cambio Climático,Decreto Presidencial,Medio Ambiente y Recursos Naturales,04-2022,35,22/02/2022,Decreto,7,funciones ecológicas,direct_es,ecosystem_functions,1,funciones ecológicas,"c) Promover la restauración, conservación y uso productivo responsable de los humedales y manglares del Pacífico y El Caribe de Nicaragua, con funciones ecológicas importantes para la adaptación climática."
DD76413A976692DC062587F3005BD150,http://legislacion.asamblea.nacional.gob.ni/Normaweb.nsf/xpNormaJuridica.xsp?documentId=DD76413A976692DC062587F3005BD150&action=openDocument,data\legislation\html\DD76413A976692DC062587F3005BD150.html,Decreto de Aprobación de la Política Nacional de Cambio Climático,Decreto Presidencial,Medio Ambiente y Recursos Naturales,04-2022,35,22/02/2022,Decreto,8,incentivos para la conservación,economic_instruments,incentives,2,incentivos para la conservación,"g) Implementar mecanismos de incentivos para la conservación dirigidos al sector privado, comunidades y territorios, procurando su inversión en buenas prácticas de adaptación climática."
0404E60D225D0ACF062588E2006EE9F8,http://legislacion.asamblea.nacional.gob.ni/Normaweb.nsf/xpNormaJuridica.xsp?documentId=0404E60D225D0ACF062588E2006EE9F8&action=openDocument,data\legislation\html\0404E60D225D0ACF062588E2006EE9F8.html,Ley del Digesto Jurídico Nicaragüense de la Materia de Medio Ambiente y Recursos Naturales,Leyes,Medio Ambiente y Recursos Naturales,1051,197,20/10/2022,Ley,1,servicios ambientales,direct_es,ecosystem_services,1,Servicios Ambientales,"Pago por Servicios Ambientales: Instrumento de gestión ambiental, de naturaleza económica que permite valorar y establecer un pago por los servicios que brindan los ecosistemas, logrando con ello introducir los costos ambientales en los flujos de caja de las actividades productivas de diferentes niveles, en los ámbitos público y privado."
0404E60D225D0ACF062588E2006EE9F8,http://legislacion.asamblea.nacional.gob.ni/Normaweb.nsf/xpNormaJuridica.xsp?documentId=0404E60D225D0ACF062588E2006EE9F8&action=openDocument,data\legislation\html\0404E60D225D0ACF062588E2006EE9F8.html,Ley del Digesto Jurídico Nicaragüense de la Materia de Medio Ambiente y Recursos Naturales,Leyes,Medio Ambiente y Recursos Naturales,1051,197,20/10/2022,Ley,2,servicios ambientales,direct_es,ecosystem_services,1,Servicios Ambientales,Servicios Ambientales: Aquellas funciones de los ecosistemas que generan beneficios económicos y ambientales para la sociedad y los ecosistemas.
0404E60D225D0ACF062588E2006EE9F8,http://legislacion.asamblea.nacional.gob.ni/Normaweb.nsf/xpNormaJuridica.xsp?documentId=0404E60D225D0ACF062588E2006EE9F8&action=openDocument,data\legislation\html\0404E60D225D0ACF062588E2006EE9F8.html,Ley del Digesto Jurídico Nicaragüense de la Materia de Medio Ambiente y Recursos Naturales,Leyes,Medio Ambiente y Recursos Naturales,1051,197,20/10/2022,Ley,3,servicios ambientales,direct_es,ecosystem_services,1,Servicios Ambientales,"Capítulo II De los Instrumentos para la Gestión Ambiental Artículo 11 Son instrumentos para la gestión ambiental el conjunto de políticas, directrices, normas técnicas y legales, actividades, programas, proyectos e instituciones que permiten la aplicación de los Principios Generales Ambientales y la consecución de los objetivos ambientales del país, entre estos, los siguientes: 1) De la Planificación y Legislación; 2) Del Ordenamiento Ambiental del Territorio; 3) De las Áreas Protegidas; 4) De Permisos y Evaluaciones del Impacto Ambiental, 5) Del Sistema Nacional de Información Ambiental; 6) De la Educación, Divulgación y Desarrollo Científico y Tecnológico; 7) De los Incentivos; 8) De las Inversiones Públicas; 9) Del Fondo Nacional del Ambiente; 10) De la Declaración de Áreas contaminadas y de las Emergencias Ambientales; 11) Del Sistema de Pago por Servicios Ambientales; 12) De la Auditoría Ambiental; 13) Del Cambio Climático y su Gestión; y 14) De la Seguridad por efectos de sustancias químicas, tóxicas y contaminantes."
0404E60D225D0ACF062588E2006EE9F8,http://legislacion.asamblea.nacional.gob.ni/Normaweb.nsf/xpNormaJuridica.xsp?documentId=0404E60D225D0ACF062588E2006EE9F8&action=openDocument,data\legislation\html\0404E60D225D0ACF062588E2006EE9F8.html,Ley del Digesto Jurídico Nicaragüense de la Materia de Medio Ambiente y Recursos Naturales,Leyes,Medio Ambiente y Recursos Naturales,1051,197,20/10/2022,Ley,4,servicios ambientales,direct_es,ecosystem_services,1,servicios ambientales,"8) Potenciar de forma sistémica los servicios ambientales que proveen las áreas protegidas para el beneficio de los habitantes de la zona, la economía nacional y el desarrollo sostenible."
0404E60D225D0ACF062588E2006EE9F8,http://legislacion.asamblea.nacional.gob.ni/Normaweb.nsf/xpNormaJuridica.xsp?documentId=0404E60D225D0ACF062588E2006EE9F8&action=openDocument,data\legislation\html\0404E60D225D0ACF062588E2006EE9F8.html,Ley del Digesto Jurídico Nicaragüense de la Materia de Medio Ambiente y Recursos Naturales,Leyes,Medio Ambiente y Recursos Naturales,1051,197,20/10/2022,Ley,5,servicios ambientales,direct_es,ecosystem_services,1,Servicios Ambientales,"Sección XI Del Pago por Servicios Ambientales Artículo 57 Crease el Sistema de Valoración y Pagos por Servicios Ambientales, como instrumento de gestión ambiental, con el fin de valorar y establecer un pago por los servicios, así como, generar financiamiento e incentivos para la promoción de la conservación, preservación y uso sostenible del ambiente y los recursos naturales."
0404E60D225D0ACF062588E2006EE9F8,http://legislacion.asamblea.nacional.gob.ni/Normaweb.nsf/xpNormaJuridica.xsp?documentId=0404E60D225D0ACF062588E2006EE9F8&action=openDocument,data\legislation\html\0404E60D225D0ACF062588E2006EE9F8.html,Ley del Digesto Jurídico Nicaragüense de la Materia de Medio Ambiente y Recursos Naturales,Leyes,Medio Ambiente y Recursos Naturales,1051,197,20/10/2022,Ley,6,servicios ambientales,direct_es,ecosystem_services,1,Servicios Ambientales,"Sección XI Del Pago por Servicios Ambientales Artículo 57 Crease el Sistema de Valoración y Pagos por Servicios Ambientales, como instrumento de gestión ambiental, con el fin de valorar y establecer un pago por los servicios, así como, generar financiamiento e incentivos para la promoción de la conservación, preservación y uso sostenible del ambiente y los recursos naturales."
0404E60D225D0ACF062588E2006EE9F8,http://legislacion.asamblea.nacional.gob.ni/Normaweb.nsf/xpNormaJuridica.xsp?documentId=0404E60D225D0ACF062588E2006EE9F8&action=openDocument,data\legislation\html\0404E60D225D0ACF062588E2006EE9F8.html,Ley del Digesto Jurídico Nicaragüense de la Materia de Medio Ambiente y Recursos Naturales,Leyes,Medio Ambiente y Recursos Naturales,1051,197,20/10/2022,Ley,7,servicios ambientales,direct_es,ecosystem_services,1,Servicios Ambientales,"El Poder Ejecutivo reglamentará las disposiciones relativas al Sistema de Valoración y Pago por Servicios Ambientales creado en la presente Ley, el que debe contener al menos lo siguiente: 1) Marco institucional ejecutivo y participativo del Sistema de Valoración y Pago por Servicios Ambientales, creando su respectiva estructura y organización administrativa."
0404E60D225D0ACF062588E2006EE9F8,http://legislacion.asamblea.nacional.gob.ni/Normaweb.nsf/xpNormaJuridica.xsp?documentId=0404E60D225D0ACF062588E2006EE9F8&action=openDocument,data\legislation\html\0404E60D225D0ACF062588E2006EE9F8.html,Ley del Digesto Jurídico Nicaragüense de la Materia de Medio Ambiente y Recursos Naturales,Leyes,Medio Ambiente y Recursos Naturales,1051,197,20/10/2022,Ley,8,servicios ambientales,direct_es,ecosystem_services,1,Servicios Ambientales,"El Poder Ejecutivo reglamentará las disposiciones relativas al Sistema de Valoración y Pago por Servicios Ambientales creado en la presente Ley, el que debe contener al menos lo siguiente: 1) Marco institucional ejecutivo y participativo del Sistema de Valoración y Pago por Servicios Ambientales, creando su respectiva estructura y organización administrativa."
0404E60D225D0ACF062588E2006EE9F8,http://legislacion.asamblea.nacional.gob.ni/Normaweb.nsf/xpNormaJuridica.xsp?documentId=0404E60D225D0ACF062588E2006EE9F8&action=openDocument,data\legislation\html\0404E60D225D0ACF062588E2006EE9F8.html,Ley del Digesto Jurídico Nicaragüense de la Materia de Medio Ambiente y Recursos Naturales,Leyes,Medio Ambiente y Recursos Naturales,1051,197,20/10/2022,Ley,9,servicios ambientales,direct_es,ecosystem_services,1,servicios ambientales,2) Objetivos del Sistema dirigidos a facilitar el proceso de pago por servicios ambientales.
0404E60D225D0ACF062588E2006EE9F8,http://legislacion.asamblea.nacional.gob.ni/Normaweb.nsf/xpNormaJuridica.xsp?documentId=0404E60D225D0ACF062588E2006EE9F8&action=openDocument,data\legislation\html\0404E60D225D0ACF062588E2006EE9F8.html,Ley del Digesto Jurídico Nicaragüense de la Materia de Medio Ambiente y Recursos Naturales,Leyes,Medio Ambiente y Recursos Naturales,1051,197,20/10/2022,Ley,10,servicios ambientales,direct_es,ecosystem_services,1,servicios ambientales,4) Esferas de acción institucional para promover el pago por servicios ambientales en el país.
0404E60D225D0ACF062588E2006EE9F8,http://legislacion.asamblea.nacional.gob.ni/Normaweb.nsf/xpNormaJuridica.xsp?documentId=0404E60D225D0ACF062588E2006EE9F8&action=openDocument,data\legislation\html\0404E60D225D0ACF062588E2006EE9F8.html,Ley del Digesto Jurídico Nicaragüense de la Materia de Medio Ambiente y Recursos Naturales,Leyes,Medio Ambiente y Recursos Naturales,1051,197,20/10/2022,Ley,11,servicios ambientales,direct_es,ecosystem_services,1,servicios ambientales,"d) Recursos provenientes de cobros por servicios ambientales que, por su gestión, realicen organizaciones privadas o públicas nacionales."
0404E60D225D0ACF062588E2006EE9F8,http://legislacion.asamblea.nacional.gob.ni/Normaweb.nsf/xpNormaJuridica.xsp?documentId=0404E60D225D0ACF062588E2006EE9F8&action=openDocument,data\legislation\html\0404E60D225D0ACF062588E2006EE9F8.html,Ley del Digesto Jurídico Nicaragüense de la Materia de Medio Ambiente y Recursos Naturales,Leyes,Medio Ambiente y Recursos Naturales,1051,197,20/10/2022,Ley,12,servicios ambientales,direct_es,ecosystem_services,1,servicios ambientales,"Sección IV De la promoción de incentivos Artículo 27 La conservación de la diversidad biológica en sus condiciones naturales y los servicios ambientales que de ellos se derivan, causarán derechos compensatorios a las personas naturales o jurídicas, públicas y privadas."
0404E60D225D0ACF062588E2006EE9F8,http://legislacion.asamblea.nacional.gob.ni/Normaweb.nsf/xpNormaJuridica.xsp?documentId=0404E60D225D0ACF062588E2006EE9F8&action=openDocument,data\legislation\html\0404E60D225D0ACF062588E2006EE9F8.html,Ley del Digesto Jurídico Nicaragüense de la Materia de Medio Ambiente y Recursos Naturales,Leyes,Medio Ambiente y Recursos Naturales,1051,197,20/10/2022,Ley,13,servicios ambientales,direct_es,ecosystem_services,1,servicios ambientales,"Los ecosistemas frágiles, los de alta diversidad genética y ecológica que constituyen centros de endemismos y que contienen paisajes naturales de singular belleza, y aquellos que presten servicios ambientales esenciales susceptibles de ser degradados o destruidos por la intervención humana y que sean considerados indispensables para las especies migratorias; y 5."
0404E60D225D0ACF062588E2006EE9F8,http://legislacion.asamblea.nacional.gob.ni/Normaweb.nsf/xpNormaJuridica.xsp?documentId=0404E60D225D0ACF062588E2006EE9F8&action=openDocument,data\legislation\html\0404E60D225D0ACF062588E2006EE9F8.html,Ley del Digesto Jurídico Nicaragüense de la Materia de Medio Ambiente y Recursos Naturales,Leyes,Medio Ambiente y Recursos Naturales,1051,197,20/10/2022,Ley,14,servicios ambientales,direct_es,ecosystem_services,1,servicios ambientales,"Artículo 20 En la Reserva de Biosfera la autoridad de aplicación, deberá garantizar que se realicen los procesos de valoración de los servicios ambientales generados en la misma, que sean susceptibles de generar ingresos, con el objetivo de que estos se conviertan en una retribución sostenible, en beneficio de la Reserva de Biosfera Isla de Ometepe."
0404E60D225D0ACF062588E2006EE9F8,http://legislacion.asamblea.nacional.gob.ni/Normaweb.nsf/xpNormaJuridica.xsp?documentId=0404E60D225D0ACF062588E2006EE9F8&action=openDocument,data\legislation\html\0404E60D225D0ACF062588E2006EE9F8.html,Ley del Digesto Jurídico Nicaragüense de la Materia de Medio Ambiente y Recursos Naturales,Leyes,Medio Ambiente y Recursos Naturales,1051,197,20/10/2022,Ley,15,servicios ambientales,direct_es,ecosystem_services,1,servicios ambientales,"III Que por la importancia estratégica para el desarrollo del país de las Reservas de Biosfera Río San Juan y BOSAWAS, por los invaluables bienes y servicios ambientales que ofrecen para el mantenimiento del equilibrio natural, así como su potencial para el abastecimiento de agua y energía, la formación de patrones de clima que benefician la economía nacional, su rica biodiversidad aún desconocida, y su valor social por constituir espacios de vida de importantes etnias y pueblos indígenas."
0404E60D225D0ACF062588E2006EE9F8,http://legislacion.asamblea.nacional.gob.ni/Normaweb.nsf/xpNormaJuridica.xsp?documentId=0404E60D225D0ACF062588E2006EE9F8&action=openDocument,data\legislation\html\0404E60D225D0ACF062588E2006EE9F8.html,Ley del Digesto Jurídico Nicaragüense de la Materia de Medio Ambiente y Recursos Naturales,Leyes,Medio Ambiente y Recursos Naturales,1051,197,20/10/2022,Ley,16,servicios ambientales,direct_es,ecosystem_services,1,servicios ambientales,"Las instituciones gubernamentales respectivas en coordinación con la sociedad civil, fortalecerán los mecanismos de vigilancia y control para garantizar la protección física de los bienes maderables, no maderables y servicios ambientales generados por el Patrimonio Forestal."
0404E60D225D0ACF062588E2006EE9F8,http://legislacion.asamblea.nacional.gob.ni/Normaweb.nsf/xpNormaJuridica.xsp?documentId=0404E60D225D0ACF062588E2006EE9F8&action=openDocument,data\legislation\html\0404E60D225D0ACF062588E2006EE9F8.html,Ley del Digesto Jurídico Nicaragüense de la Materia de Medio Ambiente y Recursos Naturales,Leyes,Medio Ambiente y Recursos Naturales,1051,197,20/10/2022,Ley,17,servicios ambientales,direct_es,ecosystem_services,1,Servicios Ambientales,"Se promoverá a través de la forestería comunitaria, la incorporación del valor integral del bosque, promoviendo los beneficios económicos, sociales y ambientales percibidos directamente por los pueblos indígenas y comunidades étnicas, mediante los usos como el ecoturismo, los Pagos por Servicios Ambientales (PSA), el aprovechamiento de los productos forestales no maderables, y los sistemas agroforestales, silvopastoriles, y de plantaciones."
0404E60D225D0ACF062588E2006EE9F8,http://legislacion.asamblea.nacional.gob.ni/Normaweb.nsf/xpNormaJuridica.xsp?documentId=0404E60D225D0ACF062588E2006EE9F8&action=openDocument,data\legislation\html\0404E60D225D0ACF062588E2006EE9F8.html,Ley del Digesto Jurídico Nicaragüense de la Materia de Medio Ambiente y Recursos Naturales,Leyes,Medio Ambiente y Recursos Naturales,1051,197,20/10/2022,Ley,18,servicios ambientales,direct_es,ecosystem_services,1,servicios ambientales,"Se fomentará la investigación para el desarrollo, validación y extensión de técnicas y tecnologías que potencien los beneficios de los bienes y servicios ambientales generados por el árbol, bosque y ecosistemas forestales."
0404E60D225D0ACF062588E2006EE9F8,http://legislacion.asamblea.nacional.gob.ni/Normaweb.nsf/xpNormaJuridica.xsp?documentId=0404E60D225D0ACF062588E2006EE9F8&action=openDocument,data\legislation\html\0404E60D225D0ACF062588E2006EE9F8.html,Ley del Digesto Jurídico Nicaragüense de la Materia de Medio Ambiente y Recursos Naturales,Leyes,Medio Ambiente y Recursos Naturales,1051,197,20/10/2022,Ley,19,servicios ambientales,direct_es,ecosystem_services,1,servicios ambientales,"Artículo 21 Fomento del mercadeo y comercialización equitativa y justa de los bienes y servicios ambientales generados del aprovechamiento sostenible de árboles, bosque y ecosistemas forestales En este caso se impulsarán las siguientes directrices: 1."
0404E60D225D0ACF062588E2006EE9F8,http://legislacion.asamblea.nacional.gob.ni/Normaweb.nsf/xpNormaJuridica.xsp?documentId=0404E60D225D0ACF062588E2006EE9F8&action=openDocument,data\legislation\html\0404E60D225D0ACF062588E2006EE9F8.html,Ley del Digesto Jurídico Nicaragüense de la Materia de Medio Ambiente y Recursos Naturales,Leyes,Medio Ambiente y Recursos Naturales,1051,197,20/10/2022,Ley,20,servicios ambientales,direct_es,ecosystem_services,1,servicios ambientales,"Se promoverá la diversificación de mercados y productos, incluyendo mercados a futuro, para mayor número de bienes y servicios ambientales provenientes del bosque y el apoyo en la inserción en los mercados internacionales."
0404E60D225D0ACF062588E2006EE9F8,http://legislacion.asamblea.nacional.gob.ni/Normaweb.nsf/xpNormaJuridica.xsp?documentId=0404E60D225D0ACF062588E2006EE9F8&action=openDocument,data\legislation\html\0404E60D225D0ACF062588E2006EE9F8.html,Ley del Digesto Jurídico Nicaragüense de la Materia de Medio Ambiente y Recursos Naturales,Leyes,Medio Ambiente y Recursos Naturales,1051,197,20/10/2022,Ley,21,servicios ambientales,direct_es,ecosystem_services,1,servicios ambientales,"El Instituto Nacional Forestal promoverán el establecimiento de la Bolsa Forestal de Nicaragua (BOLFOR), para la comercialización de productos maderable, no maderables y servicios ambientales provenientes de los bosques artificiales o naturales de Nicaragua."
0404E60D225D0ACF062588E2006EE9F8,http://legislacion.asamblea.nacional.gob.ni/Normaweb.nsf/xpNormaJuridica.xsp?documentId=0404E60D225D0ACF062588E2006EE9F8&action=openDocument,data\legislation\html\0404E60D225D0ACF062588E2006EE9F8.html,Ley del Digesto Jurídico Nicaragüense de la Materia de Medio Ambiente y Recursos Naturales,Leyes,Medio Ambiente y Recursos Naturales,1051,197,20/10/2022,Ley,22,servicios ambientales,direct_es,ecosystem_services,1,servicios ambientales,"Se fomentará el pago de servicios ambientales y modalidades afines, como mecanismos para incentivar los mercados de secuestro y almacenamiento de dióxido de carbono, belleza escénica, conocimientos etno botánicos, producción con mejoramiento y calidad del agua, biodiversidad, entre otros beneficios ambientales maderables y no maderables producidos por el bosque."
0404E60D225D0ACF062588E2006EE9F8,http://legislacion.asamblea.nacional.gob.ni/Normaweb.nsf/xpNormaJuridica.xsp?documentId=0404E60D225D0ACF062588E2006EE9F8&action=openDocument,data\legislation\html\0404E60D225D0ACF062588E2006EE9F8.html,Ley del Digesto Jurídico Nicaragüense de la Materia de Medio Ambiente y Recursos Naturales,Leyes,Medio Ambiente y Recursos Naturales,1051,197,20/10/2022,Ley,23,servicios ambientales,direct_es,ecosystem_services,1,servicios ambientales,"Se promoverán mecanismos para la reactivación y capitalización del Fondo Nacional del Ambiente (FNA), administrado por el Ministerio del Ambiente y de los Recursos Naturales (MARENA) para la gestión de los servicios ambientales y capitalización del Fondo Nacional de Desarrollo Forestal (FONADEFO), administrado por el Instituto Nacional Forestal (INAFOR), para la reposición y manejo forestal sostenible en las cuencas hidrográficas nicaragüenses."
0404E60D225D0ACF062588E2006EE9F8,http://legislacion.asamblea.nacional.gob.ni/Normaweb.nsf/xpNormaJuridica.xsp?documentId=0404E60D225D0ACF062588E2006EE9F8&action=openDocument,data\legislation\html\0404E60D225D0ACF062588E2006EE9F8.html,Ley del Digesto Jurídico Nicaragüense de la Materia de Medio Ambiente y Recursos Naturales,Leyes,Medio Ambiente y Recursos Naturales,1051,197,20/10/2022,Ley,24,servicios ambientales,direct_es,ecosystem_services,1,Servicios Ambientales,"Se fomentará el mercado de Pagos por Servicios Ambientales (PSA), para las diferentes modalidades de reposición forestal sustentadas en el manejo de los ecosistemas forestales, establecimiento de plantaciones forestales puras o mixtas, manejo de regeneración natural y los sistemas agroforestales."
0404E60D225D0ACF062588E2006EE9F8,http://legislacion.asamblea.nacional.gob.ni/Normaweb.nsf/xpNormaJuridica.xsp?documentId=0404E60D225D0ACF062588E2006EE9F8&action=openDocument,data\legislation\html\0404E60D225D0ACF062588E2006EE9F8.html,Ley del Digesto Jurídico Nicaragüense de la Materia de Medio Ambiente y Recursos Naturales,Leyes,Medio Ambiente y Recursos Naturales,1051,197,20/10/2022,Ley,25,servicios ambientales,direct_es,ecosystem_services,1,servicios ambientales,"Se promoverá la ampliación del marco de incentivos forestales para el beneficio equitativo hacia los diferentes actores y eslabones de las cadenas de valor de productos maderables, no maderables y servicios ambientales derivados del árbol, bosque o ecosistemas forestales."
0404E60D225D0ACF062588E2006EE9F8,http://legislacion.asamblea.nacional.gob.ni/Normaweb.nsf/xpNormaJuridica.xsp?documentId=0404E60D225D0ACF062588E2006EE9F8&action=openDocument,data\legislation\html\0404E60D225D0ACF062588E2006EE9F8.html,Ley del Digesto Jurídico Nicaragüense de la Materia de Medio Ambiente y Recursos Naturales,Leyes,Medio Ambiente y Recursos Naturales,1051,197,20/10/2022,Ley,26,servicios ambientales,direct_es,ecosystem_services,1,Servicios Ambientales,"Servicios Ambientales del Bosque: Beneficios que brindan el bosque y las plantaciones forestales y que inciden directamente en la protección y el mejoramiento del medio ambiente, entre estos la mitigación de emisiones de gases de efecto invernadero, regulación y protección hidrológica, conservación de la biodiversidad, reducción de la vulnerabilidad ante desastres naturales."
0404E60D225D0ACF062588E2006EE9F8,http://legislacion.asamblea.nacional.gob.ni/Normaweb.nsf/xpNormaJuridica.xsp?documentId=0404E60D225D0ACF062588E2006EE9F8&action=openDocument,data\legislation\html\0404E60D225D0ACF062588E2006EE9F8.html,Ley del Digesto Jurídico Nicaragüense de la Materia de Medio Ambiente y Recursos Naturales,Leyes,Medio Ambiente y Recursos Naturales,1051,197,20/10/2022,Ley,27,servicios ambientales,direct_es,ecosystem_services,1,SERVICIOS AMBIENTALES,SERVICIOS AMBIENTALES: Son beneficios que brindan los ecosistemas a la sociedad y que inciden directa o indirectamente en la protección y mejoramiento del ambiente y en la calidad de vida de las personas.
0404E60D225D0ACF062588E2006EE9F8,http://legislacion.asamblea.nacional.gob.ni/Normaweb.nsf/xpNormaJuridica.xsp?documentId=0404E60D225D0ACF062588E2006EE9F8&action=openDocument,data\legislation\html\0404E60D225D0ACF062588E2006EE9F8.html,Ley del Digesto Jurídico Nicaragüense de la Materia de Medio Ambiente y Recursos Naturales,Leyes,Medio Ambiente y Recursos Naturales,1051,197,20/10/2022,Ley,28,servicios ambientales,direct_es,ecosystem_services,1,servicios ambientales,2.2 Identificación de los bienes y servicios ambientales.
0404E60D225D0ACF062588E2006EE9F8,http://legislacion.asamblea.nacional.gob.ni/Normaweb.nsf/xpNormaJuridica.xsp?documentId=0404E60D225D0ACF062588E2006EE9F8&action=openDocument,data\legislation\html\0404E60D225D0ACF062588E2006EE9F8.html,Ley del Digesto Jurídico Nicaragüense de la Materia de Medio Ambiente y Recursos Naturales,Leyes,Medio Ambiente y Recursos Naturales,1051,197,20/10/2022,Ley,29,servicios ambientales,direct_es,ecosystem_services,1,servicios ambientales,"Promover el desarrollo regional basado en la producción y uso sostenible de los recursos naturales, diversificación y aplicación de tecnologías de bajo impacto ambiental, manteniendo ambientes naturales con altos valores de servicios ambientales y procesos ecológicos esenciales para la sostenibilidad, respetando el manejo de cada área protegida que la íntegra."
0404E60D225D0ACF062588E2006EE9F8,http://legislacion.asamblea.nacional.gob.ni/Normaweb.nsf/xpNormaJuridica.xsp?documentId=0404E60D225D0ACF062588E2006EE9F8&action=openDocument,data\legislation\html\0404E60D225D0ACF062588E2006EE9F8.html,Ley del Digesto Jurídico Nicaragüense de la Materia de Medio Ambiente y Recursos Naturales,Leyes,Medio Ambiente y Recursos Naturales,1051,197,20/10/2022,Ley,30,bienes y servicios ambientales,direct_es,ecosystem_services,1,bienes y servicios ambientales,"III Que por la importancia estratégica para el desarrollo del país de las Reservas de Biosfera Río San Juan y BOSAWAS, por los invaluables bienes y servicios ambientales que ofrecen para el mantenimiento del equilibrio natural, así como su potencial para el abastecimiento de agua y energía, la formación de patrones de clima que benefician la economía nacional, su rica biodiversidad aún desconocida, y su valor social por constituir espacios de vida de importantes etnias y pueblos indígenas."
0404E60D225D0ACF062588E2006EE9F8,http://legislacion.asamblea.nacional.gob.ni/Normaweb.nsf/xpNormaJuridica.xsp?documentId=0404E60D225D0ACF062588E2006EE9F8&action=openDocument,data\legislation\html\0404E60D225D0ACF062588E2006EE9F8.html,Ley del Digesto Jurídico Nicaragüense de la Materia de Medio Ambiente y Recursos Naturales,Leyes,Medio Ambiente y Recursos Naturales,1051,197,20/10/2022,Ley,31,bienes y servicios ambientales,direct_es,ecosystem_services,1,bienes y servicios ambientales,"Se fomentará la investigación para el desarrollo, validación y extensión de técnicas y tecnologías que potencien los beneficios de los bienes y servicios ambientales generados por el árbol, bosque y ecosistemas forestales."
0404E60D225D0ACF062588E2006EE9F8,http://legislacion.asamblea.nacional.gob.ni/Normaweb.nsf/xpNormaJuridica.xsp?documentId=0404E60D225D0ACF062588E2006EE9F8&action=openDocument,data\legislation\html\0404E60D225D0ACF062588E2006EE9F8.html,Ley del Digesto Jurídico Nicaragüense de la Materia de Medio Ambiente y Recursos Naturales,Leyes,Medio Ambiente y Recursos Naturales,1051,197,20/10/2022,Ley,32,bienes y servicios ambientales,direct_es,ecosystem_services,1,bienes y servicios ambientales,"Artículo 21 Fomento del mercadeo y comercialización equitativa y justa de los bienes y servicios ambientales generados del aprovechamiento sostenible de árboles, bosque y ecosistemas forestales En este caso se impulsarán las siguientes directrices: 1."
0404E60D225D0ACF062588E2006EE9F8,http://legislacion.asamblea.nacional.gob.ni/Normaweb.nsf/xpNormaJuridica.xsp?documentId=0404E60D225D0ACF062588E2006EE9F8&action=openDocument,data\legislation\html\0404E60D225D0ACF062588E2006EE9F8.html,Ley del Digesto Jurídico Nicaragüense de la Materia de Medio Ambiente y Recursos Naturales,Leyes,Medio Ambiente y Recursos Naturales,1051,197,20/10/2022,Ley,33,bienes y servicios ambientales,direct_es,ecosystem_services,1,bienes y servicios ambientales,"Se promoverá la diversificación de mercados y productos, incluyendo mercados a futuro, para mayor número de bienes y servicios ambientales provenientes del bosque y el apoyo en la inserción en los mercados internacionales."
0404E60D225D0ACF062588E2006EE9F8,http://legislacion.asamblea.nacional.gob.ni/Normaweb.nsf/xpNormaJuridica.xsp?documentId=0404E60D225D0ACF062588E2006EE9F8&action=openDocument,data\legislation\html\0404E60D225D0ACF062588E2006EE9F8.html,Ley del Digesto Jurídico Nicaragüense de la Materia de Medio Ambiente y Recursos Naturales,Leyes,Medio Ambiente y Recursos Naturales,1051,197,20/10/2022,Ley,34,bienes y servicios ambientales,direct_es,ecosystem_services,1,bienes y servicios ambientales,2.2 Identificación de los bienes y servicios ambientales.
0404E60D225D0ACF062588E2006EE9F8,http://legislacion.asamblea.nacional.gob.ni/Normaweb.nsf/xpNormaJuridica.xsp?documentId=0404E60D225D0ACF062588E2006EE9F8&action=openDocument,data\legislation\html\0404E60D225D0ACF062588E2006EE9F8.html,Ley del Digesto Jurídico Nicaragüense de la Materia de Medio Ambiente y Recursos Naturales,Leyes,Medio Ambiente y Recursos Naturales,1051,197,20/10/2022,Ley,35,pago por servicios ambientales,economic_instruments,payments,2,Pago por Servicios Ambientales,"Pago por Servicios Ambientales: Instrumento de gestión ambiental, de naturaleza económica que permite valorar y establecer un pago por los servicios que brindan los ecosistemas, logrando con ello introducir los costos ambientales en los flujos de caja de las actividades productivas de diferentes niveles, en los ámbitos público y privado."
0404E60D225D0ACF062588E2006EE9F8,http://legislacion.asamblea.nacional.gob.ni/Normaweb.nsf/xpNormaJuridica.xsp?documentId=0404E60D225D0ACF062588E2006EE9F8&action=openDocument,data\legislation\html\0404E60D225D0ACF062588E2006EE9F8.html,Ley del Digesto Jurídico Nicaragüense de la Materia de Medio Ambiente y Recursos Naturales,Leyes,Medio Ambiente y Recursos Naturales,1051,197,20/10/2022,Ley,36,pago por servicios ambientales,economic_instruments,payments,2,Pago por Servicios Ambientales,"Capítulo II De los Instrumentos para la Gestión Ambiental Artículo 11 Son instrumentos para la gestión ambiental el conjunto de políticas, directrices, normas técnicas y legales, actividades, programas, proyectos e instituciones que permiten la aplicación de los Principios Generales Ambientales y la consecución de los objetivos ambientales del país, entre estos, los siguientes: 1) De la Planificación y Legislación; 2) Del Ordenamiento Ambiental del Territorio; 3) De las Áreas Protegidas; 4) De Permisos y Evaluaciones del Impacto Ambiental, 5) Del Sistema Nacional de Información Ambiental; 6) De la Educación, Divulgación y Desarrollo Científico y Tecnológico; 7) De los Incentivos; 8) De las Inversiones Públicas; 9) Del Fondo Nacional del Ambiente; 10) De la Declaración de Áreas contaminadas y de las Emergencias Ambientales; 11) Del Sistema de Pago por Servicios Ambientales; 12) De la Auditoría Ambiental; 13) Del Cambio Climático y su Gestión; y 14) De la Seguridad por efectos de sustancias químicas, tóxicas y contaminantes."
0404E60D225D0ACF062588E2006EE9F8,http://legislacion.asamblea.nacional.gob.ni/Normaweb.nsf/xpNormaJuridica.xsp?documentId=0404E60D225D0ACF062588E2006EE9F8&action=openDocument,data\legislation\html\0404E60D225D0ACF062588E2006EE9F8.html,Ley del Digesto Jurídico Nicaragüense de la Materia de Medio Ambiente y Recursos Naturales,Leyes,Medio Ambiente y Recursos Naturales,1051,197,20/10/2022,Ley,37,pago por servicios ambientales,economic_instruments,payments,2,Pago por Servicios Ambientales,"Sección XI Del Pago por Servicios Ambientales Artículo 57 Crease el Sistema de Valoración y Pagos por Servicios Ambientales, como instrumento de gestión ambiental, con el fin de valorar y establecer un pago por los servicios, así como, generar financiamiento e incentivos para la promoción de la conservación, preservación y uso sostenible del ambiente y los recursos naturales."
0404E60D225D0ACF062588E2006EE9F8,http://legislacion.asamblea.nacional.gob.ni/Normaweb.nsf/xpNormaJuridica.xsp?documentId=0404E60D225D0ACF062588E2006EE9F8&action=openDocument,data\legislation\html\0404E60D225D0ACF062588E2006EE9F8.html,Ley del Digesto Jurídico Nicaragüense de la Materia de Medio Ambiente y Recursos Naturales,Leyes,Medio Ambiente y Recursos Naturales,1051,197,20/10/2022,Ley,38,pago por servicios ambientales,economic_instruments,payments,2,Pago por Servicios Ambientales,"El Poder Ejecutivo reglamentará las disposiciones relativas al Sistema de Valoración y Pago por Servicios Ambientales creado en la presente Ley, el que debe contener al menos lo siguiente: 1) Marco institucional ejecutivo y participativo del Sistema de Valoración y Pago por Servicios Ambientales, creando su respectiva estructura y organización administrativa."
0404E60D225D0ACF062588E2006EE9F8,http://legislacion.asamblea.nacional.gob.ni/Normaweb.nsf/xpNormaJuridica.xsp?documentId=0404E60D225D0ACF062588E2006EE9F8&action=openDocument,data\legislation\html\0404E60D225D0ACF062588E2006EE9F8.html,Ley del Digesto Jurídico Nicaragüense de la Materia de Medio Ambiente y Recursos Naturales,Leyes,Medio Ambiente y Recursos Naturales,1051,197,20/10/2022,Ley,39,pago por servicios ambientales,economic_instruments,payments,2,Pago por Servicios Ambientales,"El Poder Ejecutivo reglamentará las disposiciones relativas al Sistema de Valoración y Pago por Servicios Ambientales creado en la presente Ley, el que debe contener al menos lo siguiente: 1) Marco institucional ejecutivo y participativo del Sistema de Valoración y Pago por Servicios Ambientales, creando su respectiva estructura y organización administrativa."
0404E60D225D0ACF062588E2006EE9F8,http://legislacion.asamblea.nacional.gob.ni/Normaweb.nsf/xpNormaJuridica.xsp?documentId=0404E60D225D0ACF062588E2006EE9F8&action=openDocument,data\legislation\html\0404E60D225D0ACF062588E2006EE9F8.html,Ley del Digesto Jurídico Nicaragüense de la Materia de Medio Ambiente y Recursos Naturales,Leyes,Medio Ambiente y Recursos Naturales,1051,197,20/10/2022,Ley,40,pago por servicios ambientales,economic_instruments,payments,2,pago por servicios ambientales,2) Objetivos del Sistema dirigidos a facilitar el proceso de pago por servicios ambientales.
0404E60D225D0ACF062588E2006EE9F8,http://legislacion.asamblea.nacional.gob.ni/Normaweb.nsf/xpNormaJuridica.xsp?documentId=0404E60D225D0ACF062588E2006EE9F8&action=openDocument,data\legislation\html\0404E60D225D0ACF062588E2006EE9F8.html,Ley del Digesto Jurídico Nicaragüense de la Materia de Medio Ambiente y Recursos Naturales,Leyes,Medio Ambiente y Recursos Naturales,1051,197,20/10/2022,Ley,41,pago por servicios ambientales,economic_instruments,payments,2,pago por servicios ambientales,4) Esferas de acción institucional para promover el pago por servicios ambientales en el país.
0404E60D225D0ACF062588E2006EE9F8,http://legislacion.asamblea.nacional.gob.ni/Normaweb.nsf/xpNormaJuridica.xsp?documentId=0404E60D225D0ACF062588E2006EE9F8&action=openDocument,data\legislation\html\0404E60D225D0ACF062588E2006EE9F8.html,Ley del Digesto Jurídico Nicaragüense de la Materia de Medio Ambiente y Recursos Naturales,Leyes,Medio Ambiente y Recursos Naturales,1051,197,20/10/2022,Ley,42,pagos por servicios ambientales,economic_instruments,payments,2,Pagos por Servicios Ambientales,"Sección XI Del Pago por Servicios Ambientales Artículo 57 Crease el Sistema de Valoración y Pagos por Servicios Ambientales, como instrumento de gestión ambiental, con el fin de valorar y establecer un pago por los servicios, así como, generar financiamiento e incentivos para la promoción de la conservación, preservación y uso sostenible del ambiente y los recursos naturales."
0404E60D225D0ACF062588E2006EE9F8,http://legislacion.asamblea.nacional.gob.ni/Normaweb.nsf/xpNormaJuridica.xsp?documentId=0404E60D225D0ACF062588E2006EE9F8&action=openDocument,data\legislation\html\0404E60D225D0ACF062588E2006EE9F8.html,Ley del Digesto Jurídico Nicaragüense de la Materia de Medio Ambiente y Recursos Naturales,Leyes,Medio Ambiente y Recursos Naturales,1051,197,20/10/2022,Ley,43,pagos por servicios ambientales,economic_instruments,payments,2,Pagos por Servicios Ambientales,"Se promoverá a través de la forestería comunitaria, la incorporación del valor integral del bosque, promoviendo los beneficios económicos, sociales y ambientales percibidos directamente por los pueblos indígenas y comunidades étnicas, mediante los usos como el ecoturismo, los Pagos por Servicios Ambientales (PSA), el aprovechamiento de los productos forestales no maderables, y los sistemas agroforestales, silvopastoriles, y de plantaciones."
0404E60D225D0ACF062588E2006EE9F8,http://legislacion.asamblea.nacional.gob.ni/Normaweb.nsf/xpNormaJuridica.xsp?documentId=0404E60D225D0ACF062588E2006EE9F8&action=openDocument,data\legislation\html\0404E60D225D0ACF062588E2006EE9F8.html,Ley del Digesto Jurídico Nicaragüense de la Materia de Medio Ambiente y Recursos Naturales,Leyes,Medio Ambiente y Recursos Naturales,1051,197,20/10/2022,Ley,44,pagos por servicios ambientales,economic_instruments,payments,2,Pagos por Servicios Ambientales,"Se fomentará el mercado de Pagos por Servicios Ambientales (PSA), para las diferentes modalidades de reposición forestal sustentadas en el manejo de los ecosistemas forestales, establecimiento de plantaciones forestales puras o mixtas, manejo de regeneración natural y los sistemas agroforestales."
0DEFF1D487DFBA9A062589500072CFA8,http://legislacion.asamblea.nacional.gob.ni/Normaweb.nsf/xpNormaJuridica.xsp?documentId=0DEFF1D487DFBA9A062589500072CFA8&action=openDocument,data\legislation\html\0DEFF1D487DFBA9A062589500072CFA8.html,"Texto Consolidado, Decreto Ejecutivo Nº. 69-2008, Política Nacional de Desarrollo Sostenible del Sector Forestal de Nicaragua",Decretos Ejecutivos,Medio Ambiente y Recursos Naturales,69-2008,197,20/10/2022,Decreto,1,servicios ambientales,direct_es,ecosystem_services,1,servicios ambientales,"Las instituciones gubernamentales respectivas en coordinación con la sociedad civil, fortalecerán los mecanismos de vigilancia y control para garantizar la protección física de los bienes maderables, no maderables y servicios ambientales generados por el Patrimonio Forestal."
0DEFF1D487DFBA9A062589500072CFA8,http://legislacion.asamblea.nacional.gob.ni/Normaweb.nsf/xpNormaJuridica.xsp?documentId=0DEFF1D487DFBA9A062589500072CFA8&action=openDocument,data\legislation\html\0DEFF1D487DFBA9A062589500072CFA8.html,"Texto Consolidado, Decreto Ejecutivo Nº. 69-2008, Política Nacional de Desarrollo Sostenible del Sector Forestal de Nicaragua",Decretos Ejecutivos,Medio Ambiente y Recursos Naturales,69-2008,197,20/10/2022,Decreto,2,servicios ambientales,direct_es,ecosystem_services,1,Servicios Ambientales,"Se promoverá a través de la forestería comunitaria, la incorporación del valor integral del bosque, promoviendo los beneficios económicos, sociales y ambientales percibidos directamente por los pueblos indígenas y comunidades étnicas, mediante los usos como el ecoturismo, los Pagos por Servicios Ambientales (PSA), el aprovechamiento de los productos forestales no maderables, y los sistemas agroforestales, silvopastoriles, y de plantaciones."
0DEFF1D487DFBA9A062589500072CFA8,http://legislacion.asamblea.nacional.gob.ni/Normaweb.nsf/xpNormaJuridica.xsp?documentId=0DEFF1D487DFBA9A062589500072CFA8&action=openDocument,data\legislation\html\0DEFF1D487DFBA9A062589500072CFA8.html,"Texto Consolidado, Decreto Ejecutivo Nº. 69-2008, Política Nacional de Desarrollo Sostenible del Sector Forestal de Nicaragua",Decretos Ejecutivos,Medio Ambiente y Recursos Naturales,69-2008,197,20/10/2022,Decreto,3,servicios ambientales,direct_es,ecosystem_services,1,servicios ambientales,"Se fomentará la investigación para el desarrollo, validación y extensión de técnicas y tecnologías que potencien los beneficios de los bienes y servicios ambientales generados por el árbol, bosque y ecosistemas forestales."
0DEFF1D487DFBA9A062589500072CFA8,http://legislacion.asamblea.nacional.gob.ni/Normaweb.nsf/xpNormaJuridica.xsp?documentId=0DEFF1D487DFBA9A062589500072CFA8&action=openDocument,data\legislation\html\0DEFF1D487DFBA9A062589500072CFA8.html,"Texto Consolidado, Decreto Ejecutivo Nº. 69-2008, Política Nacional de Desarrollo Sostenible del Sector Forestal de Nicaragua",Decretos Ejecutivos,Medio Ambiente y Recursos Naturales,69-2008,197,20/10/2022,Decreto,4,servicios ambientales,direct_es,ecosystem_services,1,servicios ambientales,"Artículo 21 Fomento del mercadeo y comercialización equitativa y justa de los bienes y servicios ambientales generados del aprovechamiento sostenible de árboles, bosque y ecosistemas forestales En este caso se impulsarán las siguientes directrices: 1."
0DEFF1D487DFBA9A062589500072CFA8,http://legislacion.asamblea.nacional.gob.ni/Normaweb.nsf/xpNormaJuridica.xsp?documentId=0DEFF1D487DFBA9A062589500072CFA8&action=openDocument,data\legislation\html\0DEFF1D487DFBA9A062589500072CFA8.html,"Texto Consolidado, Decreto Ejecutivo Nº. 69-2008, Política Nacional de Desarrollo Sostenible del Sector Forestal de Nicaragua",Decretos Ejecutivos,Medio Ambiente y Recursos Naturales,69-2008,197,20/10/2022,Decreto,5,servicios ambientales,direct_es,ecosystem_services,1,servicios ambientales,"Se promoverá la diversificación de mercados y productos, incluyendo mercados a futuro, para mayor número de bienes y servicios ambientales provenientes del bosque y el apoyo en la inserción en los mercados internacionales."
0DEFF1D487DFBA9A062589500072CFA8,http://legislacion.asamblea.nacional.gob.ni/Normaweb.nsf/xpNormaJuridica.xsp?documentId=0DEFF1D487DFBA9A062589500072CFA8&action=openDocument,data\legislation\html\0DEFF1D487DFBA9A062589500072CFA8.html,"Texto Consolidado, Decreto Ejecutivo Nº. 69-2008, Política Nacional de Desarrollo Sostenible del Sector Forestal de Nicaragua",Decretos Ejecutivos,Medio Ambiente y Recursos Naturales,69-2008,197,20/10/2022,Decreto,6,servicios ambientales,direct_es,ecosystem_services,1,servicios ambientales,"El Instituto Nacional Forestal promoverán el establecimiento de la Bolsa Forestal de Nicaragua (BOLFOR), para la comercialización de productos maderable, no maderables y servicios ambientales provenientes de los bosques artificiales o naturales de Nicaragua."
0DEFF1D487DFBA9A062589500072CFA8,http://legislacion.asamblea.nacional.gob.ni/Normaweb.nsf/xpNormaJuridica.xsp?documentId=0DEFF1D487DFBA9A062589500072CFA8&action=openDocument,data\legislation\html\0DEFF1D487DFBA9A062589500072CFA8.html,"Texto Consolidado, Decreto Ejecutivo Nº. 69-2008, Política Nacional de Desarrollo Sostenible del Sector Forestal de Nicaragua",Decretos Ejecutivos,Medio Ambiente y Recursos Naturales,69-2008,197,20/10/2022,Decreto,7,servicios ambientales,direct_es,ecosystem_services,1,servicios ambientales,"Se fomentará el pago de servicios ambientales y modalidades afines, como mecanismos para incentivar los mercados de secuestro y almacenamiento de dióxido de carbono, belleza escénica, conocimientos etno botánicos, producción con mejoramiento y calidad del agua, biodiversidad, entre otros beneficios ambientales maderables y no maderables producidos por el bosque."
0DEFF1D487DFBA9A062589500072CFA8,http://legislacion.asamblea.nacional.gob.ni/Normaweb.nsf/xpNormaJuridica.xsp?documentId=0DEFF1D487DFBA9A062589500072CFA8&action=openDocument,data\legislation\html\0DEFF1D487DFBA9A062589500072CFA8.html,"Texto Consolidado, Decreto Ejecutivo Nº. 69-2008, Política Nacional de Desarrollo Sostenible del Sector Forestal de Nicaragua",Decretos Ejecutivos,Medio Ambiente y Recursos Naturales,69-2008,197,20/10/2022,Decreto,8,servicios ambientales,direct_es,ecosystem_services,1,servicios ambientales,"Se promoverán mecanismos para la reactivación y capitalización del Fondo Nacional del Ambiente (FNA), administrado por el Ministerio del Ambiente y de los Recursos Naturales (MARENA) para la gestión de los servicios ambientales y capitalización del Fondo Nacional de Desarrollo Forestal (FONADEFO), administrado por el Instituto Nacional Forestal (INAFOR), para la reposición y manejo forestal sostenible en las cuencas hidrográficas nicaragüenses."
0DEFF1D487DFBA9A062589500072CFA8,http://legislacion.asamblea.nacional.gob.ni/Normaweb.nsf/xpNormaJuridica.xsp?documentId=0DEFF1D487DFBA9A062589500072CFA8&action=openDocument,data\legislation\html\0DEFF1D487DFBA9A062589500072CFA8.html,"Texto Consolidado, Decreto Ejecutivo Nº. 69-2008, Política Nacional de Desarrollo Sostenible del Sector Forestal de Nicaragua",Decretos Ejecutivos,Medio Ambiente y Recursos Naturales,69-2008,197,20/10/2022,Decreto,9,servicios ambientales,direct_es,ecosystem_services,1,Servicios Ambientales,"Se fomentará el mercado de Pagos por Servicios Ambientales (PSA), para las diferentes modalidades de reposición forestal sustentadas en el manejo de los ecosistemas forestales, establecimiento de plantaciones forestales puras o mixtas, manejo de regeneración natural y los sistemas agroforestales."
0DEFF1D487DFBA9A062589500072CFA8,http://legislacion.asamblea.nacional.gob.ni/Normaweb.nsf/xpNormaJuridica.xsp?documentId=0DEFF1D487DFBA9A062589500072CFA8&action=openDocument,data\legislation\html\0DEFF1D487DFBA9A062589500072CFA8.html,"Texto Consolidado, Decreto Ejecutivo Nº. 69-2008, Política Nacional de Desarrollo Sostenible del Sector Forestal de Nicaragua",Decretos Ejecutivos,Medio Ambiente y Recursos Naturales,69-2008,197,20/10/2022,Decreto,10,servicios ambientales,direct_es,ecosystem_services,1,servicios ambientales,"Se promoverá la ampliación del marco de incentivos forestales para el beneficio equitativo hacia los diferentes actores y eslabones de las cadenas de valor de productos maderables, no maderables y servicios ambientales derivados del árbol, bosque o ecosistemas forestales."
0DEFF1D487DFBA9A062589500072CFA8,http://legislacion.asamblea.nacional.gob.ni/Normaweb.nsf/xpNormaJuridica.xsp?documentId=0DEFF1D487DFBA9A062589500072CFA8&action=openDocument,data\legislation\html\0DEFF1D487DFBA9A062589500072CFA8.html,"Texto Consolidado, Decreto Ejecutivo Nº. 69-2008, Política Nacional de Desarrollo Sostenible del Sector Forestal de Nicaragua",Decretos Ejecutivos,Medio Ambiente y Recursos Naturales,69-2008,197,20/10/2022,Decreto,11,bienes y servicios ambientales,direct_es,ecosystem_services,1,bienes y servicios ambientales,"Se fomentará la investigación para el desarrollo, validación y extensión de técnicas y tecnologías que potencien los beneficios de los bienes y servicios ambientales generados por el árbol, bosque y ecosistemas forestales."
0DEFF1D487DFBA9A062589500072CFA8,http://legislacion.asamblea.nacional.gob.ni/Normaweb.nsf/xpNormaJuridica.xsp?documentId=0DEFF1D487DFBA9A062589500072CFA8&action=openDocument,data\legislation\html\0DEFF1D487DFBA9A062589500072CFA8.html,"Texto Consolidado, Decreto Ejecutivo Nº. 69-2008, Política Nacional de Desarrollo Sostenible del Sector Forestal de Nicaragua",Decretos Ejecutivos,Medio Ambiente y Recursos Naturales,69-2008,197,20/10/2022,Decreto,12,bienes y servicios ambientales,direct_es,ecosystem_services,1,bienes y servicios ambientales,"Artículo 21 Fomento del mercadeo y comercialización equitativa y justa de los bienes y servicios ambientales generados del aprovechamiento sostenible de árboles, bosque y ecosistemas forestales En este caso se impulsarán las siguientes directrices: 1."
0DEFF1D487DFBA9A062589500072CFA8,http://legislacion.asamblea.nacional.gob.ni/Normaweb.nsf/xpNormaJuridica.xsp?documentId=0DEFF1D487DFBA9A062589500072CFA8&action=openDocument,data\legislation\html\0DEFF1D487DFBA9A062589500072CFA8.html,"Texto Consolidado, Decreto Ejecutivo Nº. 69-2008, Política Nacional de Desarrollo Sostenible del Sector Forestal de Nicaragua",Decretos Ejecutivos,Medio Ambiente y Recursos Naturales,69-2008,197,20/10/2022,Decreto,13,bienes y servicios ambientales,direct_es,ecosystem_services,1,bienes y servicios ambientales,"Se promoverá la diversificación de mercados y productos, incluyendo mercados a futuro, para mayor número de bienes y servicios ambientales provenientes del bosque y el apoyo en la inserción en los mercados internacionales."
0DEFF1D487DFBA9A062589500072CFA8,http://legislacion.asamblea.nacional.gob.ni/Normaweb.nsf/xpNormaJuridica.xsp?documentId=0DEFF1D487DFBA9A062589500072CFA8&action=openDocument,data\legislation\html\0DEFF1D487DFBA9A062589500072CFA8.html,"Texto Consolidado, Decreto Ejecutivo Nº. 69-2008, Política Nacional de Desarrollo Sostenible del Sector Forestal de Nicaragua",Decretos Ejecutivos,Medio Ambiente y Recursos Naturales,69-2008,197,20/10/2022,Decreto,14,pagos por servicios ambientales,economic_instruments,payments,2,Pagos por Servicios Ambientales,"Se promoverá a través de la forestería comunitaria, la incorporación del valor integral del bosque, promoviendo los beneficios económicos, sociales y ambientales percibidos directamente por los pueblos indígenas y comunidades étnicas, mediante los usos como el ecoturismo, los Pagos por Servicios Ambientales (PSA), el aprovechamiento de los productos forestales no maderables, y los sistemas agroforestales, silvopastoriles, y de plantaciones."
0DEFF1D487DFBA9A062589500072CFA8,http://legislacion.asamblea.nacional.gob.ni/Normaweb.nsf/xpNormaJuridica.xsp?documentId=0DEFF1D487DFBA9A062589500072CFA8&action=openDocument,data\legislation\html\0DEFF1D487DFBA9A062589500072CFA8.html,"Texto Consolidado, Decreto Ejecutivo Nº. 69-2008, Política Nacional de Desarrollo Sostenible del Sector Forestal de Nicaragua",Decretos Ejecutivos,Medio Ambiente y Recursos Naturales,69-2008,197,20/10/2022,Decreto,15,pagos por servicios ambientales,economic_instruments,payments,2,Pagos por Servicios Ambientales,"Se fomentará el mercado de Pagos por Servicios Ambientales (PSA), para las diferentes modalidades de reposición forestal sustentadas en el manejo de los ecosistemas forestales, establecimiento de plantaciones forestales puras o mixtas, manejo de regeneración natural y los sistemas agroforestales."
7F34C27CFBF486A80625895000724F90,http://legislacion.asamblea.nacional.gob.ni/Normaweb.nsf/xpNormaJuridica.xsp?documentId=7F34C27CFBF486A80625895000724F90&action=openDocument,data\legislation\html\7F34C27CFBF486A80625895000724F90.html,"Texto Consolidado, Decreto Ejecutivo Nº. 8-2005, De Creación del Comité Nacional del Hombre y la Biosfera",Decretos Ejecutivos,Medio Ambiente y Recursos Naturales,8-2005,197,20/10/2022,Decreto,1,servicios ambientales,direct_es,ecosystem_services,1,servicios ambientales,"III Que por la importancia estratégica para el desarrollo del país de las Reservas de Biosfera Río San Juan y BOSAWAS, por los invaluables bienes y servicios ambientales que ofrecen para el mantenimiento del equilibrio natural, así como su potencial para el abastecimiento de agua y energía, la formación de patrones de clima que benefician la economía nacional, su rica biodiversidad aún desconocida, y su valor social por constituir espacios de vida de importantes etnias y pueblos indígenas."
7F34C27CFBF486A80625895000724F90,http://legislacion.asamblea.nacional.gob.ni/Normaweb.nsf/xpNormaJuridica.xsp?documentId=7F34C27CFBF486A80625895000724F90&action=openDocument,data\legislation\html\7F34C27CFBF486A80625895000724F90.html,"Texto Consolidado, Decreto Ejecutivo Nº. 8-2005, De Creación del Comité Nacional del Hombre y la Biosfera",Decretos Ejecutivos,Medio Ambiente y Recursos Naturales,8-2005,197,20/10/2022,Decreto,2,bienes y servicios ambientales,direct_es,ecosystem_services,1,bienes y servicios ambientales,"III Que por la importancia estratégica para el desarrollo del país de las Reservas de Biosfera Río San Juan y BOSAWAS, por los invaluables bienes y servicios ambientales que ofrecen para el mantenimiento del equilibrio natural, así como su potencial para el abastecimiento de agua y energía, la formación de patrones de clima que benefician la economía nacional, su rica biodiversidad aún desconocida, y su valor social por constituir espacios de vida de importantes etnias y pueblos indígenas."
9A31CB1F5E477A1C0625894F005F2D79,http://legislacion.asamblea.nacional.gob.ni/Normaweb.nsf/xpNormaJuridica.xsp?documentId=9A31CB1F5E477A1C0625894F005F2D79&action=openDocument,data\legislation\html\9A31CB1F5E477A1C0625894F005F2D79.html,"Texto Consolidado, Ley Nº. 217, Ley General del Medio Ambiente y los Recursos Naturales",Leyes,Medio Ambiente y Recursos Naturales,217,197,20/10/2022,Ley,1,servicios ambientales,direct_es,ecosystem_services,1,Servicios Ambientales,"Pago por Servicios Ambientales: Instrumento de gestión ambiental, de naturaleza económica que permite valorar y establecer un pago por los servicios que brindan los ecosistemas, logrando con ello introducir los costos ambientales en los flujos de caja de las actividades productivas de diferentes niveles, en los ámbitos público y privado."
9A31CB1F5E477A1C0625894F005F2D79,http://legislacion.asamblea.nacional.gob.ni/Normaweb.nsf/xpNormaJuridica.xsp?documentId=9A31CB1F5E477A1C0625894F005F2D79&action=openDocument,data\legislation\html\9A31CB1F5E477A1C0625894F005F2D79.html,"Texto Consolidado, Ley Nº. 217, Ley General del Medio Ambiente y los Recursos Naturales",Leyes,Medio Ambiente y Recursos Naturales,217,197,20/10/2022,Ley,2,servicios ambientales,direct_es,ecosystem_services,1,Servicios Ambientales,Servicios Ambientales: Aquellas funciones de los ecosistemas que generan beneficios económicos y ambientales para la sociedad y los ecosistemas.
9A31CB1F5E477A1C0625894F005F2D79,http://legislacion.asamblea.nacional.gob.ni/Normaweb.nsf/xpNormaJuridica.xsp?documentId=9A31CB1F5E477A1C0625894F005F2D79&action=openDocument,data\legislation\html\9A31CB1F5E477A1C0625894F005F2D79.html,"Texto Consolidado, Ley Nº. 217, Ley General del Medio Ambiente y los Recursos Naturales",Leyes,Medio Ambiente y Recursos Naturales,217,197,20/10/2022,Ley,3,servicios ambientales,direct_es,ecosystem_services,1,Servicios Ambientales,"Capítulo II De los Instrumentos para la Gestión Ambiental Artículo 11 Son instrumentos para la gestión ambiental el conjunto de políticas, directrices, normas técnicas y legales, actividades, programas, proyectos e instituciones que permiten la aplicación de los Principios Generales Ambientales y la consecución de los objetivos ambientales del país, entre estos, los siguientes: 1) De la Planificación y Legislación; 2) Del Ordenamiento Ambiental del Territorio; 3) De las Áreas Protegidas; 4) De Permisos y Evaluaciones del Impacto Ambiental, 5) Del Sistema Nacional de Información Ambiental; 6) De la Educación, Divulgación y Desarrollo Científico y Tecnológico; 7) De los Incentivos; 8) De las Inversiones Públicas; 9) Del Fondo Nacional del Ambiente; 10) De la Declaración de Áreas contaminadas y de las Emergencias Ambientales; 11) Del Sistema de Pago por Servicios Ambientales; 12) De la Auditoría Ambiental; 13) Del Cambio Climático y su Gestión; y 14) De la Seguridad por efectos de sustancias químicas, tóxicas y contaminantes."
9A31CB1F5E477A1C0625894F005F2D79,http://legislacion.asamblea.nacional.gob.ni/Normaweb.nsf/xpNormaJuridica.xsp?documentId=9A31CB1F5E477A1C0625894F005F2D79&action=openDocument,data\legislation\html\9A31CB1F5E477A1C0625894F005F2D79.html,"Texto Consolidado, Ley Nº. 217, Ley General del Medio Ambiente y los Recursos Naturales",Leyes,Medio Ambiente y Recursos Naturales,217,197,20/10/2022,Ley,4,servicios ambientales,direct_es,ecosystem_services,1,servicios ambientales,"8) Potenciar de forma sistémica los servicios ambientales que proveen las áreas protegidas para el beneficio de los habitantes de la zona, la economía nacional y el desarrollo sostenible."
9A31CB1F5E477A1C0625894F005F2D79,http://legislacion.asamblea.nacional.gob.ni/Normaweb.nsf/xpNormaJuridica.xsp?documentId=9A31CB1F5E477A1C0625894F005F2D79&action=openDocument,data\legislation\html\9A31CB1F5E477A1C0625894F005F2D79.html,"Texto Consolidado, Ley Nº. 217, Ley General del Medio Ambiente y los Recursos Naturales",Leyes,Medio Ambiente y Recursos Naturales,217,197,20/10/2022,Ley,5,servicios ambientales,direct_es,ecosystem_services,1,Servicios Ambientales,"Sección XI Del Pago por Servicios Ambientales Artículo 57 Crease el Sistema de Valoración y Pagos por Servicios Ambientales, como instrumento de gestión ambiental, con el fin de valorar y establecer un pago por los servicios, así como, generar financiamiento e incentivos para la promoción de la conservación, preservación y uso sostenible del ambiente y los recursos naturales."
9A31CB1F5E477A1C0625894F005F2D79,http://legislacion.asamblea.nacional.gob.ni/Normaweb.nsf/xpNormaJuridica.xsp?documentId=9A31CB1F5E477A1C0625894F005F2D79&action=openDocument,data\legislation\html\9A31CB1F5E477A1C0625894F005F2D79.html,"Texto Consolidado, Ley Nº. 217, Ley General del Medio Ambiente y los Recursos Naturales",Leyes,Medio Ambiente y Recursos Naturales,217,197,20/10/2022,Ley,6,servicios ambientales,direct_es,ecosystem_services,1,Servicios Ambientales,"Sección XI Del Pago por Servicios Ambientales Artículo 57 Crease el Sistema de Valoración y Pagos por Servicios Ambientales, como instrumento de gestión ambiental, con el fin de valorar y establecer un pago por los servicios, así como, generar financiamiento e incentivos para la promoción de la conservación, preservación y uso sostenible del ambiente y los recursos naturales."
9A31CB1F5E477A1C0625894F005F2D79,http://legislacion.asamblea.nacional.gob.ni/Normaweb.nsf/xpNormaJuridica.xsp?documentId=9A31CB1F5E477A1C0625894F005F2D79&action=openDocument,data\legislation\html\9A31CB1F5E477A1C0625894F005F2D79.html,"Texto Consolidado, Ley Nº. 217, Ley General del Medio Ambiente y los Recursos Naturales",Leyes,Medio Ambiente y Recursos Naturales,217,197,20/10/2022,Ley,7,servicios ambientales,direct_es,ecosystem_services,1,Servicios Ambientales,"El Poder Ejecutivo reglamentará las disposiciones relativas al Sistema de Valoración y Pago por Servicios Ambientales creado en la presente Ley, el que debe contener al menos lo siguiente: 1) Marco institucional ejecutivo y participativo del Sistema de Valoración y Pago por Servicios Ambientales, creando su respectiva estructura y organización administrativa."
9A31CB1F5E477A1C0625894F005F2D79,http://legislacion.asamblea.nacional.gob.ni/Normaweb.nsf/xpNormaJuridica.xsp?documentId=9A31CB1F5E477A1C0625894F005F2D79&action=openDocument,data\legislation\html\9A31CB1F5E477A1C0625894F005F2D79.html,"Texto Consolidado, Ley Nº. 217, Ley General del Medio Ambiente y los Recursos Naturales",Leyes,Medio Ambiente y Recursos Naturales,217,197,20/10/2022,Ley,8,servicios ambientales,direct_es,ecosystem_services,1,Servicios Ambientales,"El Poder Ejecutivo reglamentará las disposiciones relativas al Sistema de Valoración y Pago por Servicios Ambientales creado en la presente Ley, el que debe contener al menos lo siguiente: 1) Marco institucional ejecutivo y participativo del Sistema de Valoración y Pago por Servicios Ambientales, creando su respectiva estructura y organización administrativa."
9A31CB1F5E477A1C0625894F005F2D79,http://legislacion.asamblea.nacional.gob.ni/Normaweb.nsf/xpNormaJuridica.xsp?documentId=9A31CB1F5E477A1C0625894F005F2D79&action=openDocument,data\legislation\html\9A31CB1F5E477A1C0625894F005F2D79.html,"Texto Consolidado, Ley Nº. 217, Ley General del Medio Ambiente y los Recursos Naturales",Leyes,Medio Ambiente y Recursos Naturales,217,197,20/10/2022,Ley,9,servicios ambientales,direct_es,ecosystem_services,1,servicios ambientales,2) Objetivos del Sistema dirigidos a facilitar el proceso de pago por servicios ambientales.
9A31CB1F5E477A1C0625894F005F2D79,http://legislacion.asamblea.nacional.gob.ni/Normaweb.nsf/xpNormaJuridica.xsp?documentId=9A31CB1F5E477A1C0625894F005F2D79&action=openDocument,data\legislation\html\9A31CB1F5E477A1C0625894F005F2D79.html,"Texto Consolidado, Ley Nº. 217, Ley General del Medio Ambiente y los Recursos Naturales",Leyes,Medio Ambiente y Recursos Naturales,217,197,20/10/2022,Ley,10,servicios ambientales,direct_es,ecosystem_services,1,servicios ambientales,4) Esferas de acción institucional para promover el pago por servicios ambientales en el país.
9A31CB1F5E477A1C0625894F005F2D79,http://legislacion.asamblea.nacional.gob.ni/Normaweb.nsf/xpNormaJuridica.xsp?documentId=9A31CB1F5E477A1C0625894F005F2D79&action=openDocument,data\legislation\html\9A31CB1F5E477A1C0625894F005F2D79.html,"Texto Consolidado, Ley Nº. 217, Ley General del Medio Ambiente y los Recursos Naturales",Leyes,Medio Ambiente y Recursos Naturales,217,197,20/10/2022,Ley,11,pago por servicios ambientales,economic_instruments,payments,2,Pago por Servicios Ambientales,"Pago por Servicios Ambientales: Instrumento de gestión ambiental, de naturaleza económica que permite valorar y establecer un pago por los servicios que brindan los ecosistemas, logrando con ello introducir los costos ambientales en los flujos de caja de las actividades productivas de diferentes niveles, en los ámbitos público y privado."
9A31CB1F5E477A1C0625894F005F2D79,http://legislacion.asamblea.nacional.gob.ni/Normaweb.nsf/xpNormaJuridica.xsp?documentId=9A31CB1F5E477A1C0625894F005F2D79&action=openDocument,data\legislation\html\9A31CB1F5E477A1C0625894F005F2D79.html,"Texto Consolidado, Ley Nº. 217, Ley General del Medio Ambiente y los Recursos Naturales",Leyes,Medio Ambiente y Recursos Naturales,217,197,20/10/2022,Ley,12,pago por servicios ambientales,economic_instruments,payments,2,Pago por Servicios Ambientales,"Capítulo II De los Instrumentos para la Gestión Ambiental Artículo 11 Son instrumentos para la gestión ambiental el conjunto de políticas, directrices, normas técnicas y legales, actividades, programas, proyectos e instituciones que permiten la aplicación de los Principios Generales Ambientales y la consecución de los objetivos ambientales del país, entre estos, los siguientes: 1) De la Planificación y Legislación; 2) Del Ordenamiento Ambiental del Territorio; 3) De las Áreas Protegidas; 4) De Permisos y Evaluaciones del Impacto Ambiental, 5) Del Sistema Nacional de Información Ambiental; 6) De la Educación, Divulgación y Desarrollo Científico y Tecnológico; 7) De los Incentivos; 8) De las Inversiones Públicas; 9) Del Fondo Nacional del Ambiente; 10) De la Declaración de Áreas contaminadas y de las Emergencias Ambientales; 11) Del Sistema de Pago por Servicios Ambientales; 12) De la Auditoría Ambiental; 13) Del Cambio Climático y su Gestión; y 14) De la Seguridad por efectos de sustancias químicas, tóxicas y contaminantes."
9A31CB1F5E477A1C0625894F005F2D79,http://legislacion.asamblea.nacional.gob.ni/Normaweb.nsf/xpNormaJuridica.xsp?documentId=9A31CB1F5E477A1C0625894F005F2D79&action=openDocument,data\legislation\html\9A31CB1F5E477A1C0625894F005F2D79.html,"Texto Consolidado, Ley Nº. 217, Ley General del Medio Ambiente y los Recursos Naturales",Leyes,Medio Ambiente y Recursos Naturales,217,197,20/10/2022,Ley,13,pago por servicios ambientales,economic_instruments,payments,2,Pago por Servicios Ambientales,"Sección XI Del Pago por Servicios Ambientales Artículo 57 Crease el Sistema de Valoración y Pagos por Servicios Ambientales, como instrumento de gestión ambiental, con el fin de valorar y establecer un pago por los servicios, así como, generar financiamiento e incentivos para la promoción de la conservación, preservación y uso sostenible del ambiente y los recursos naturales."
9A31CB1F5E477A1C0625894F005F2D79,http://legislacion.asamblea.nacional.gob.ni/Normaweb.nsf/xpNormaJuridica.xsp?documentId=9A31CB1F5E477A1C0625894F005F2D79&action=openDocument,data\legislation\html\9A31CB1F5E477A1C0625894F005F2D79.html,"Texto Consolidado, Ley Nº. 217, Ley General del Medio Ambiente y los Recursos Naturales",Leyes,Medio Ambiente y Recursos Naturales,217,197,20/10/2022,Ley,14,pago por servicios ambientales,economic_instruments,payments,2,Pago por Servicios Ambientales,"El Poder Ejecutivo reglamentará las disposiciones relativas al Sistema de Valoración y Pago por Servicios Ambientales creado en la presente Ley, el que debe contener al menos lo siguiente: 1) Marco institucional ejecutivo y participativo del Sistema de Valoración y Pago por Servicios Ambientales, creando su respectiva estructura y organización administrativa."
9A31CB1F5E477A1C0625894F005F2D79,http://legislacion.asamblea.nacional.gob.ni/Normaweb.nsf/xpNormaJuridica.xsp?documentId=9A31CB1F5E477A1C0625894F005F2D79&action=openDocument,data\legislation\html\9A31CB1F5E477A1C0625894F005F2D79.html,"Texto Consolidado, Ley Nº. 217, Ley General del Medio Ambiente y los Recursos Naturales",Leyes,Medio Ambiente y Recursos Naturales,217,197,20/10/2022,Ley,15,pago por servicios ambientales,economic_instruments,payments,2,Pago por Servicios Ambientales,"El Poder Ejecutivo reglamentará las disposiciones relativas al Sistema de Valoración y Pago por Servicios Ambientales creado en la presente Ley, el que debe contener al menos lo siguiente: 1) Marco institucional ejecutivo y participativo del Sistema de Valoración y Pago por Servicios Ambientales, creando su respectiva estructura y organización administrativa."
9A31CB1F5E477A1C0625894F005F2D79,http://legislacion.asamblea.nacional.gob.ni/Normaweb.nsf/xpNormaJuridica.xsp?documentId=9A31CB1F5E477A1C0625894F005F2D79&action=openDocument,data\legislation\html\9A31CB1F5E477A1C0625894F005F2D79.html,"Texto Consolidado, Ley Nº. 217, Ley General del Medio Ambiente y los Recursos Naturales",Leyes,Medio Ambiente y Recursos Naturales,217,197,20/10/2022,Ley,16,pago por servicios ambientales,economic_instruments,payments,2,pago por servicios ambientales,2) Objetivos del Sistema dirigidos a facilitar el proceso de pago por servicios ambientales.
9A31CB1F5E477A1C0625894F005F2D79,http://legislacion.asamblea.nacional.gob.ni/Normaweb.nsf/xpNormaJuridica.xsp?documentId=9A31CB1F5E477A1C0625894F005F2D79&action=openDocument,data\legislation\html\9A31CB1F5E477A1C0625894F005F2D79.html,"Texto Consolidado, Ley Nº. 217, Ley General del Medio Ambiente y los Recursos Naturales",Leyes,Medio Ambiente y Recursos Naturales,217,197,20/10/2022,Ley,17,pago por servicios ambientales,economic_instruments,payments,2,pago por servicios ambientales,4) Esferas de acción institucional para promover el pago por servicios ambientales en el país.
9A31CB1F5E477A1C0625894F005F2D79,http://legislacion.asamblea.nacional.gob.ni/Normaweb.nsf/xpNormaJuridica.xsp?documentId=9A31CB1F5E477A1C0625894F005F2D79&action=openDocument,data\legislation\html\9A31CB1F5E477A1C0625894F005F2D79.html,"Texto Consolidado, Ley Nº. 217, Ley General del Medio Ambiente y los Recursos Naturales",Leyes,Medio Ambiente y Recursos Naturales,217,197,20/10/2022,Ley,18,pagos por servicios ambientales,economic_instruments,payments,2,Pagos por Servicios Ambientales,"Sección XI Del Pago por Servicios Ambientales Artículo 57 Crease el Sistema de Valoración y Pagos por Servicios Ambientales, como instrumento de gestión ambiental, con el fin de valorar y establecer un pago por los servicios, así como, generar financiamiento e incentivos para la promoción de la conservación, preservación y uso sostenible del ambiente y los recursos naturales."
9B188FC0347416700625894F007CCF65,http://legislacion.asamblea.nacional.gob.ni/Normaweb.nsf/xpNormaJuridica.xsp?documentId=9B188FC0347416700625894F007CCF65&action=openDocument,data\legislation\html\9B188FC0347416700625894F007CCF65.html,"Texto Consolidado, Ley Nº. 833, Ley que Declara y Define los Límites de la Reserva de Biosfera de la Isla de Ometepe",Leyes,Medio Ambiente y Recursos Naturales,833,197,20/10/2022,Ley,1,servicios ambientales,direct_es,ecosystem_services,1,servicios ambientales,"Artículo 20 En la Reserva de Biosfera la autoridad de aplicación, deberá garantizar que se realicen los procesos de valoración de los servicios ambientales generados en la misma, que sean susceptibles de generar ingresos, con el objetivo de que estos se conviertan en una retribución sostenible, en beneficio de la Reserva de Biosfera Isla de Ometepe."
B2D29835646D8E260625894F007CB001,http://legislacion.asamblea.nacional.gob.ni/Normaweb.nsf/xpNormaJuridica.xsp?documentId=B2D29835646D8E260625894F007CB001&action=openDocument,data\legislation\html\B2D29835646D8E260625894F007CB001.html,"Texto Consolidado, Ley N°. 807, Ley de Conservación y Utilización Sostenible de la Diversidad Biológica",Leyes,Medio Ambiente y Recursos Naturales,807,197,20/10/2022,Ley,1,servicios ambientales,direct_es,ecosystem_services,1,servicios ambientales,"Sección IV De la promoción de incentivos Artículo 27 La conservación de la diversidad biológica en sus condiciones naturales y los servicios ambientales que de ellos se derivan, causarán derechos compensatorios a las personas naturales o jurídicas, públicas y privadas."
B2D29835646D8E260625894F007CB001,http://legislacion.asamblea.nacional.gob.ni/Normaweb.nsf/xpNormaJuridica.xsp?documentId=B2D29835646D8E260625894F007CB001&action=openDocument,data\legislation\html\B2D29835646D8E260625894F007CB001.html,"Texto Consolidado, Ley N°. 807, Ley de Conservación y Utilización Sostenible de la Diversidad Biológica",Leyes,Medio Ambiente y Recursos Naturales,807,197,20/10/2022,Ley,2,servicios ambientales,direct_es,ecosystem_services,1,servicios ambientales,"Los ecosistemas frágiles, los de alta diversidad genética y ecológica que constituyen centros de endemismos y que contienen paisajes naturales de singular belleza, y aquellos que presten servicios ambientales esenciales susceptibles de ser degradados o destruidos por la intervención humana y que sean considerados indispensables para las especies migratorias; y 5."
B3CFEAE7A0291B790625895000747343,http://legislacion.asamblea.nacional.gob.ni/Normaweb.nsf/xpNormaJuridica.xsp?documentId=B3CFEAE7A0291B790625895000747343&action=openDocument,data\legislation\html\B3CFEAE7A0291B790625895000747343.html,"Texto Consolidado, Decreto Ejecutivo Nº. 73-2003, Reglamento de La Ley Nº. 462, Ley de Conservación, Fomento y Desarrollo Sostenible del Sector Forestal",Decretos Ejecutivos,Medio Ambiente y Recursos Naturales,73-2003,197,20/10/2022,Decreto,1,servicios ambientales,direct_es,ecosystem_services,1,Servicios Ambientales,"Servicios Ambientales del Bosque: Beneficios que brindan el bosque y las plantaciones forestales y que inciden directamente en la protección y el mejoramiento del medio ambiente, entre estos la mitigación de emisiones de gases de efecto invernadero, regulación y protección hidrológica, conservación de la biodiversidad, reducción de la vulnerabilidad ante desastres naturales."
FB7AAA66A15F1652062589500074EE73,http://legislacion.asamblea.nacional.gob.ni/Normaweb.nsf/xpNormaJuridica.xsp?documentId=FB7AAA66A15F1652062589500074EE73&action=openDocument,data\legislation\html\FB7AAA66A15F1652062589500074EE73.html,"Texto Consolidado, Decreto Ejecutivo N°. 01-2007, Reglamento de Áreas Protegidas de Nicaragua",Decretos Ejecutivos,Medio Ambiente y Recursos Naturales,01-2007,197,20/10/2022,Decreto,1,servicios ambientales,direct_es,ecosystem_services,1,SERVICIOS AMBIENTALES,SERVICIOS AMBIENTALES: Son beneficios que brindan los ecosistemas a la sociedad y que inciden directa o indirectamente en la protección y mejoramiento del ambiente y en la calidad de vida de las personas.
FB7AAA66A15F1652062589500074EE73,http://legislacion.asamblea.nacional.gob.ni/Normaweb.nsf/xpNormaJuridica.xsp?documentId=FB7AAA66A15F1652062589500074EE73&action=openDocument,data\legislation\html\FB7AAA66A15F1652062589500074EE73.html,"Texto Consolidado, Decreto Ejecutivo N°. 01-2007, Reglamento de Áreas Protegidas de Nicaragua",Decretos Ejecutivos,Medio Ambiente y Recursos Naturales,01-2007,197,20/10/2022,Decreto,2,servicios ambientales,direct_es,ecosystem_services,1,servicios ambientales,2.2 Identificación de los bienes y servicios ambientales.
FB7AAA66A15F1652062589500074EE73,http://legislacion.asamblea.nacional.gob.ni/Normaweb.nsf/xpNormaJuridica.xsp?documentId=FB7AAA66A15F1652062589500074EE73&action=openDocument,data\legislation\html\FB7AAA66A15F1652062589500074EE73.html,"Texto Consolidado, Decreto Ejecutivo N°. 01-2007, Reglamento de Áreas Protegidas de Nicaragua",Decretos Ejecutivos,Medio Ambiente y Recursos Naturales,01-2007,197,20/10/2022,Decreto,3,servicios ambientales,direct_es,ecosystem_services,1,servicios ambientales,"Promover el desarrollo regional basado en la producción y uso sostenible de los recursos naturales, diversificación y aplicación de tecnologías de bajo impacto ambiental, manteniendo ambientes naturales con altos valores de servicios ambientales y procesos ecológicos esenciales para la sostenibilidad, respetando el manejo de cada área protegida que la íntegra."
FB7AAA66A15F1652062589500074EE73,http://legislacion.asamblea.nacional.gob.ni/Normaweb.nsf/xpNormaJuridica.xsp?documentId=FB7AAA66A15F1652062589500074EE73&action=openDocument,data\legislation\html\FB7AAA66A15F1652062589500074EE73.html,"Texto Consolidado, Decreto Ejecutivo N°. 01-2007, Reglamento de Áreas Protegidas de Nicaragua",Decretos Ejecutivos,Medio Ambiente y Recursos Naturales,01-2007,197,20/10/2022,Decreto,4,bienes y servicios ambientales,direct_es,ecosystem_services,1,bienes y servicios ambientales,2.2 Identificación de los bienes y servicios ambientales.
FDC00CC38A1E4C390625894F00603FBE,http://legislacion.asamblea.nacional.gob.ni/Normaweb.nsf/xpNormaJuridica.xsp?documentId=FDC00CC38A1E4C390625894F00603FBE&action=openDocument,data\legislation\html\FDC00CC38A1E4C390625894F00603FBE.html,"Texto Consolidado, Ley Nº. 462, Ley de Conservación, Fomento y Desarrollo Sostenible del Sector Forestal",Leyes,Medio Ambiente y Recursos Naturales,462,197,20/10/2022,Ley,1,servicios ambientales,direct_es,ecosystem_services,1,servicios ambientales,"d) Recursos provenientes de cobros por servicios ambientales que, por su gestión, realicen organizaciones privadas o públicas nacionales."
4C03359BDAEB1605062589CF004E0169,http://legislacion.asamblea.nacional.gob.ni/Normaweb.nsf/xpNormaJuridica.xsp?documentId=4C03359BDAEB1605062589CF004E0169&action=openDocument,data\legislation\html\4C03359BDAEB1605062589CF004E0169.html,De Creación de la Política Nacional para Evitar la Deforestación y Degradación de los Bosques,Decreto Presidencial,Medio Ambiente y Recursos Naturales,06-2023,104,13/06/2023,Decreto,1,servicios ecosistémicos,direct_es,ecosystem_services,1,servicios ecosistémicos,"3.6 Promover reforestación y regeneración natural bajo diferentes modalidades para mantener o restaurar los servicios ecosistémicos y/o aumentar la captura de carbono 3.7 Promover el manejo sostenible del bosque a nivel comunitario, tanto para madera como de productos secundarios o no maderables, como mecanismos que mejoran la producción y la conservación forestal."
0C1A63415C8C952006258AC2004E7C76,http://legislacion.asamblea.nacional.gob.ni/Normaweb.nsf/xpNormaJuridica.xsp?documentId=0C1A63415C8C952006258AC2004E7C76&action=openDocument,data\legislation\html\0C1A63415C8C952006258AC2004E7C76.html,"Texto Consolidado, Ley N°. 807, Ley de Conservación y Utilización Sostenible de la Diversidad Biológica",Leyes,Medio Ambiente y Recursos Naturales,807,217,29/11/2023,Ley,1,servicios ambientales,direct_es,ecosystem_services,1,servicios ambientales,"SECCIÓN IV DE LA PROMOCIÓN DE INCENTIVOS Artículo 27 La conservación de la diversidad biológica en sus condiciones naturales y los servicios ambientales que de ellos se derivan, causarán derechos compensatorios a las personas naturales o jurídicas, públicas y privadas."
0C1A63415C8C952006258AC2004E7C76,http://legislacion.asamblea.nacional.gob.ni/Normaweb.nsf/xpNormaJuridica.xsp?documentId=0C1A63415C8C952006258AC2004E7C76&action=openDocument,data\legislation\html\0C1A63415C8C952006258AC2004E7C76.html,"Texto Consolidado, Ley N°. 807, Ley de Conservación y Utilización Sostenible de la Diversidad Biológica",Leyes,Medio Ambiente y Recursos Naturales,807,217,29/11/2023,Ley,2,servicios ambientales,direct_es,ecosystem_services,1,servicios ambientales,"Los ecosistemas frágiles, los de alta diversidad genética y ecológica que constituyen centros de endemismos y que contienen paisajes naturales de singular belleza, y aquellos que presten servicios ambientales esenciales susceptibles de ser degradados o destruidos por la intervención humana y que sean considerados indispensables para las especies migratorias; y 5."
10CF7B394A7719C006258AC10057DF30,http://legislacion.asamblea.nacional.gob.ni/Normaweb.nsf/xpNormaJuridica.xsp?documentId=10CF7B394A7719C006258AC10057DF30&action=openDocument,data\legislation\html\10CF7B394A7719C006258AC10057DF30.html,"Texto Consolidado, Ley N°. 217, Ley General del Medio Ambiente y los Recursos Naturales",Leyes,Medio Ambiente y Recursos Naturales,217,217,29/11/2023,Ley,1,servicios ambientales,direct_es,ecosystem_services,1,Servicios Ambientales,"Pago por Servicios Ambientales: Instrumento de gestión ambiental, de naturaleza económica que permite valorar y establecer un pago por los servicios que brindan los ecosistemas, logrando con ello introducir los costos ambientales en los flujos de caja de las actividades productivas de diferentes niveles, en los ámbitos público y privado."
10CF7B394A7719C006258AC10057DF30,http://legislacion.asamblea.nacional.gob.ni/Normaweb.nsf/xpNormaJuridica.xsp?documentId=10CF7B394A7719C006258AC10057DF30&action=openDocument,data\legislation\html\10CF7B394A7719C006258AC10057DF30.html,"Texto Consolidado, Ley N°. 217, Ley General del Medio Ambiente y los Recursos Naturales",Leyes,Medio Ambiente y Recursos Naturales,217,217,29/11/2023,Ley,2,servicios ambientales,direct_es,ecosystem_services,1,Servicios Ambientales,Servicios Ambientales: Aquellas funciones de los ecosistemas que generan beneficios económicos y ambientales para la sociedad y los ecosistemas.
10CF7B394A7719C006258AC10057DF30,http://legislacion.asamblea.nacional.gob.ni/Normaweb.nsf/xpNormaJuridica.xsp?documentId=10CF7B394A7719C006258AC10057DF30&action=openDocument,data\legislation\html\10CF7B394A7719C006258AC10057DF30.html,"Texto Consolidado, Ley N°. 217, Ley General del Medio Ambiente y los Recursos Naturales",Leyes,Medio Ambiente y Recursos Naturales,217,217,29/11/2023,Ley,3,servicios ambientales,direct_es,ecosystem_services,1,Servicios Ambientales,"CAPÍTULO II DE LOS INSTRUMENTOS PARA LA GESTIÓN AMBIENTAL Artículo 11 Son instrumentos para la gestión ambiental el conjunto de políticas, directrices, normas técnicas y legales, actividades, programas, proyectos e instituciones que permiten la aplicación de los Principios Generales Ambientales y la consecución de los objetivos ambientales del país, entre estos, los siguientes: 1) De la Planificación y Legislación; 2) Del Ordenamiento Ambiental del Territorio; 3) De las Áreas Protegidas; 4) Del Sistema de Evaluación Ambiental; 5) Del Sistema Nacional de Información Ambiental; 6) De la Educación, Divulgación y Desarrollo Científico y Tecnológico; 7) De los Incentivos; 8) De las Inversiones Públicas; 9) Del Fondo Nacional del Ambiente; 10) De la Declaración de Áreas Contaminadas y de las Emergencias Ambientales; 11) Del Sistema de Pago por Servicios Ambientales; 12) De la Auditoría Ambiental; 13) Del Cambio Climático y su Gestión; y 14) De la Seguridad por efectos de sustancias químicas, tóxicas y contaminantes."
10CF7B394A7719C006258AC10057DF30,http://legislacion.asamblea.nacional.gob.ni/Normaweb.nsf/xpNormaJuridica.xsp?documentId=10CF7B394A7719C006258AC10057DF30&action=openDocument,data\legislation\html\10CF7B394A7719C006258AC10057DF30.html,"Texto Consolidado, Ley N°. 217, Ley General del Medio Ambiente y los Recursos Naturales",Leyes,Medio Ambiente y Recursos Naturales,217,217,29/11/2023,Ley,4,servicios ambientales,direct_es,ecosystem_services,1,servicios ambientales,"8) Potenciar de forma sistémica los servicios ambientales que proveen las áreas protegidas para el beneficio de los habitantes de la zona, la economía nacional y el desarrollo sostenible."
10CF7B394A7719C006258AC10057DF30,http://legislacion.asamblea.nacional.gob.ni/Normaweb.nsf/xpNormaJuridica.xsp?documentId=10CF7B394A7719C006258AC10057DF30&action=openDocument,data\legislation\html\10CF7B394A7719C006258AC10057DF30.html,"Texto Consolidado, Ley N°. 217, Ley General del Medio Ambiente y los Recursos Naturales",Leyes,Medio Ambiente y Recursos Naturales,217,217,29/11/2023,Ley,5,servicios ambientales,direct_es,ecosystem_services,1,SERVICIOS AMBIENTALES,"SECCIÓN XI DEL PAGO POR SERVICIOS AMBIENTALES Artículo 57 Créase el Sistema de Valoración y Pagos por Servicios Ambientales, como instrumento de gestión ambiental, con el fin de valorar y establecer un pago por los servicios, así como, generar financiamiento e incentivos para la promoción de la conservación, preservación y uso sostenible del ambiente y los recursos naturales."
10CF7B394A7719C006258AC10057DF30,http://legislacion.asamblea.nacional.gob.ni/Normaweb.nsf/xpNormaJuridica.xsp?documentId=10CF7B394A7719C006258AC10057DF30&action=openDocument,data\legislation\html\10CF7B394A7719C006258AC10057DF30.html,"Texto Consolidado, Ley N°. 217, Ley General del Medio Ambiente y los Recursos Naturales",Leyes,Medio Ambiente y Recursos Naturales,217,217,29/11/2023,Ley,6,servicios ambientales,direct_es,ecosystem_services,1,Servicios Ambientales,"SECCIÓN XI DEL PAGO POR SERVICIOS AMBIENTALES Artículo 57 Créase el Sistema de Valoración y Pagos por Servicios Ambientales, como instrumento de gestión ambiental, con el fin de valorar y establecer un pago por los servicios, así como, generar financiamiento e incentivos para la promoción de la conservación, preservación y uso sostenible del ambiente y los recursos naturales."
10CF7B394A7719C006258AC10057DF30,http://legislacion.asamblea.nacional.gob.ni/Normaweb.nsf/xpNormaJuridica.xsp?documentId=10CF7B394A7719C006258AC10057DF30&action=openDocument,data\legislation\html\10CF7B394A7719C006258AC10057DF30.html,"Texto Consolidado, Ley N°. 217, Ley General del Medio Ambiente y los Recursos Naturales",Leyes,Medio Ambiente y Recursos Naturales,217,217,29/11/2023,Ley,7,servicios ambientales,direct_es,ecosystem_services,1,Servicios Ambientales,"El Poder Ejecutivo reglamentará las disposiciones relativas al Sistema de Valoración y Pago por Servicios Ambientales creado en la presente Ley, el que debe contener al menos lo siguiente: 1) Marco institucional ejecutivo y participativo del Sistema de Valoración y Pago por Servicios Ambientales, creando su respectiva estructura y organización administrativa."
10CF7B394A7719C006258AC10057DF30,http://legislacion.asamblea.nacional.gob.ni/Normaweb.nsf/xpNormaJuridica.xsp?documentId=10CF7B394A7719C006258AC10057DF30&action=openDocument,data\legislation\html\10CF7B394A7719C006258AC10057DF30.html,"Texto Consolidado, Ley N°. 217, Ley General del Medio Ambiente y los Recursos Naturales",Leyes,Medio Ambiente y Recursos Naturales,217,217,29/11/2023,Ley,8,servicios ambientales,direct_es,ecosystem_services,1,Servicios Ambientales,"El Poder Ejecutivo reglamentará las disposiciones relativas al Sistema de Valoración y Pago por Servicios Ambientales creado en la presente Ley, el que debe contener al menos lo siguiente: 1) Marco institucional ejecutivo y participativo del Sistema de Valoración y Pago por Servicios Ambientales, creando su respectiva estructura y organización administrativa."
10CF7B394A7719C006258AC10057DF30,http://legislacion.asamblea.nacional.gob.ni/Normaweb.nsf/xpNormaJuridica.xsp?documentId=10CF7B394A7719C006258AC10057DF30&action=openDocument,data\legislation\html\10CF7B394A7719C006258AC10057DF30.html,"Texto Consolidado, Ley N°. 217, Ley General del Medio Ambiente y los Recursos Naturales",Leyes,Medio Ambiente y Recursos Naturales,217,217,29/11/2023,Ley,9,servicios ambientales,direct_es,ecosystem_services,1,servicios ambientales,2) Objetivos del Sistema dirigidos a facilitar el proceso de pago por servicios ambientales.
10CF7B394A7719C006258AC10057DF30,http://legislacion.asamblea.nacional.gob.ni/Normaweb.nsf/xpNormaJuridica.xsp?documentId=10CF7B394A7719C006258AC10057DF30&action=openDocument,data\legislation\html\10CF7B394A7719C006258AC10057DF30.html,"Texto Consolidado, Ley N°. 217, Ley General del Medio Ambiente y los Recursos Naturales",Leyes,Medio Ambiente y Recursos Naturales,217,217,29/11/2023,Ley,10,servicios ambientales,direct_es,ecosystem_services,1,servicios ambientales,4) Esferas de acción institucional para promover el pago por servicios ambientales en el país.
10CF7B394A7719C006258AC10057DF30,http://legislacion.asamblea.nacional.gob.ni/Normaweb.nsf/xpNormaJuridica.xsp?documentId=10CF7B394A7719C006258AC10057DF30&action=openDocument,data\legislation\html\10CF7B394A7719C006258AC10057DF30.html,"Texto Consolidado, Ley N°. 217, Ley General del Medio Ambiente y los Recursos Naturales",Leyes,Medio Ambiente y Recursos Naturales,217,217,29/11/2023,Ley,11,pago por servicios ambientales,economic_instruments,payments,2,Pago por Servicios Ambientales,"Pago por Servicios Ambientales: Instrumento de gestión ambiental, de naturaleza económica que permite valorar y establecer un pago por los servicios que brindan los ecosistemas, logrando con ello introducir los costos ambientales en los flujos de caja de las actividades productivas de diferentes niveles, en los ámbitos público y privado."
10CF7B394A7719C006258AC10057DF30,http://legislacion.asamblea.nacional.gob.ni/Normaweb.nsf/xpNormaJuridica.xsp?documentId=10CF7B394A7719C006258AC10057DF30&action=openDocument,data\legislation\html\10CF7B394A7719C006258AC10057DF30.html,"Texto Consolidado, Ley N°. 217, Ley General del Medio Ambiente y los Recursos Naturales",Leyes,Medio Ambiente y Recursos Naturales,217,217,29/11/2023,Ley,12,pago por servicios ambientales,economic_instruments,payments,2,Pago por Servicios Ambientales,"CAPÍTULO II DE LOS INSTRUMENTOS PARA LA GESTIÓN AMBIENTAL Artículo 11 Son instrumentos para la gestión ambiental el conjunto de políticas, directrices, normas técnicas y legales, actividades, programas, proyectos e instituciones que permiten la aplicación de los Principios Generales Ambientales y la consecución de los objetivos ambientales del país, entre estos, los siguientes: 1) De la Planificación y Legislación; 2) Del Ordenamiento Ambiental del Territorio; 3) De las Áreas Protegidas; 4) Del Sistema de Evaluación Ambiental; 5) Del Sistema Nacional de Información Ambiental; 6) De la Educación, Divulgación y Desarrollo Científico y Tecnológico; 7) De los Incentivos; 8) De las Inversiones Públicas; 9) Del Fondo Nacional del Ambiente; 10) De la Declaración de Áreas Contaminadas y de las Emergencias Ambientales; 11) Del Sistema de Pago por Servicios Ambientales; 12) De la Auditoría Ambiental; 13) Del Cambio Climático y su Gestión; y 14) De la Seguridad por efectos de sustancias químicas, tóxicas y contaminantes."
10CF7B394A7719C006258AC10057DF30,http://legislacion.asamblea.nacional.gob.ni/Normaweb.nsf/xpNormaJuridica.xsp?documentId=10CF7B394A7719C006258AC10057DF30&action=openDocument,data\legislation\html\10CF7B394A7719C006258AC10057DF30.html,"Texto Consolidado, Ley N°. 217, Ley General del Medio Ambiente y los Recursos Naturales",Leyes,Medio Ambiente y Recursos Naturales,217,217,29/11/2023,Ley,13,pago por servicios ambientales,economic_instruments,payments,2,PAGO POR SERVICIOS AMBIENTALES,"SECCIÓN XI DEL PAGO POR SERVICIOS AMBIENTALES Artículo 57 Créase el Sistema de Valoración y Pagos por Servicios Ambientales, como instrumento de gestión ambiental, con el fin de valorar y establecer un pago por los servicios, así como, generar financiamiento e incentivos para la promoción de la conservación, preservación y uso sostenible del ambiente y los recursos naturales."
10CF7B394A7719C006258AC10057DF30,http://legislacion.asamblea.nacional.gob.ni/Normaweb.nsf/xpNormaJuridica.xsp?documentId=10CF7B394A7719C006258AC10057DF30&action=openDocument,data\legislation\html\10CF7B394A7719C006258AC10057DF30.html,"Texto Consolidado, Ley N°. 217, Ley General del Medio Ambiente y los Recursos Naturales",Leyes,Medio Ambiente y Recursos Naturales,217,217,29/11/2023,Ley,14,pago por servicios ambientales,economic_instruments,payments,2,Pago por Servicios Ambientales,"El Poder Ejecutivo reglamentará las disposiciones relativas al Sistema de Valoración y Pago por Servicios Ambientales creado en la presente Ley, el que debe contener al menos lo siguiente: 1) Marco institucional ejecutivo y participativo del Sistema de Valoración y Pago por Servicios Ambientales, creando su respectiva estructura y organización administrativa."
10CF7B394A7719C006258AC10057DF30,http://legislacion.asamblea.nacional.gob.ni/Normaweb.nsf/xpNormaJuridica.xsp?documentId=10CF7B394A7719C006258AC10057DF30&action=openDocument,data\legislation\html\10CF7B394A7719C006258AC10057DF30.html,"Texto Consolidado, Ley N°. 217, Ley General del Medio Ambiente y los Recursos Naturales",Leyes,Medio Ambiente y Recursos Naturales,217,217,29/11/2023,Ley,15,pago por servicios ambientales,economic_instruments,payments,2,Pago por Servicios Ambientales,"El Poder Ejecutivo reglamentará las disposiciones relativas al Sistema de Valoración y Pago por Servicios Ambientales creado en la presente Ley, el que debe contener al menos lo siguiente: 1) Marco institucional ejecutivo y participativo del Sistema de Valoración y Pago por Servicios Ambientales, creando su respectiva estructura y organización administrativa."
10CF7B394A7719C006258AC10057DF30,http://legislacion.asamblea.nacional.gob.ni/Normaweb.nsf/xpNormaJuridica.xsp?documentId=10CF7B394A7719C006258AC10057DF30&action=openDocument,data\legislation\html\10CF7B394A7719C006258AC10057DF30.html,"Texto Consolidado, Ley N°. 217, Ley General del Medio Ambiente y los Recursos Naturales",Leyes,Medio Ambiente y Recursos Naturales,217,217,29/11/2023,Ley,16,pago por servicios ambientales,economic_instruments,payments,2,pago por servicios ambientales,2) Objetivos del Sistema dirigidos a facilitar el proceso de pago por servicios ambientales.
10CF7B394A7719C006258AC10057DF30,http://legislacion.asamblea.nacional.gob.ni/Normaweb.nsf/xpNormaJuridica.xsp?documentId=10CF7B394A7719C006258AC10057DF30&action=openDocument,data\legislation\html\10CF7B394A7719C006258AC10057DF30.html,"Texto Consolidado, Ley N°. 217, Ley General del Medio Ambiente y los Recursos Naturales",Leyes,Medio Ambiente y Recursos Naturales,217,217,29/11/2023,Ley,17,pago por servicios ambientales,economic_instruments,payments,2,pago por servicios ambientales,4) Esferas de acción institucional para promover el pago por servicios ambientales en el país.
10CF7B394A7719C006258AC10057DF30,http://legislacion.asamblea.nacional.gob.ni/Normaweb.nsf/xpNormaJuridica.xsp?documentId=10CF7B394A7719C006258AC10057DF30&action=openDocument,data\legislation\html\10CF7B394A7719C006258AC10057DF30.html,"Texto Consolidado, Ley N°. 217, Ley General del Medio Ambiente y los Recursos Naturales",Leyes,Medio Ambiente y Recursos Naturales,217,217,29/11/2023,Ley,18,pagos por servicios ambientales,economic_instruments,payments,2,Pagos por Servicios Ambientales,"SECCIÓN XI DEL PAGO POR SERVICIOS AMBIENTALES Artículo 57 Créase el Sistema de Valoración y Pagos por Servicios Ambientales, como instrumento de gestión ambiental, con el fin de valorar y establecer un pago por los servicios, así como, generar financiamiento e incentivos para la promoción de la conservación, preservación y uso sostenible del ambiente y los recursos naturales."
130DB7BEF926032806258AC4004E6315,http://legislacion.asamblea.nacional.gob.ni/Normaweb.nsf/xpNormaJuridica.xsp?documentId=130DB7BEF926032806258AC4004E6315&action=openDocument,data\legislation\html\130DB7BEF926032806258AC4004E6315.html,"Texto Consolidado, Decreto Ejecutivo Nº. 73-2003, Reglamento de la Ley N°. 462, Ley de Conservación, Fomento y Desarrollo Sostenible del Sector Forestal",Decretos Ejecutivos,Medio Ambiente y Recursos Naturales,73-2003,217,29/11/2023,Decreto,1,servicios ambientales,direct_es,ecosystem_services,1,Servicios Ambientales,"Servicios Ambientales del Bosque: Beneficios que brindan el bosque y las plantaciones forestales y que inciden directamente en la protección y el mejoramiento del medio ambiente, entre estos la mitigación de emisiones de gases de efecto invernadero, regulación y protección hidrológica, conservación de la biodiversidad, reducción de la vulnerabilidad ante desastres naturales."
142C5FAA76136E2806258AC1005F4902,http://legislacion.asamblea.nacional.gob.ni/Normaweb.nsf/xpNormaJuridica.xsp?documentId=142C5FAA76136E2806258AC1005F4902&action=openDocument,data\legislation\html\142C5FAA76136E2806258AC1005F4902.html,"Texto Consolidado, Decreto Ejecutivo N°. 78-2003, De Establecimiento de la Política Nacional de Humedales",Decretos Ejecutivos,Medio Ambiente y Recursos Naturales,78-2003,217,29/11/2023,Decreto,1,servicios ambientales,direct_es,ecosystem_services,1,servicios ambientales,Impulsar la valoración económica de los bienes y servicios ambientales que prestan los ecosistemas de humedal.
142C5FAA76136E2806258AC1005F4902,http://legislacion.asamblea.nacional.gob.ni/Normaweb.nsf/xpNormaJuridica.xsp?documentId=142C5FAA76136E2806258AC1005F4902&action=openDocument,data\legislation\html\142C5FAA76136E2806258AC1005F4902.html,"Texto Consolidado, Decreto Ejecutivo N°. 78-2003, De Establecimiento de la Política Nacional de Humedales",Decretos Ejecutivos,Medio Ambiente y Recursos Naturales,78-2003,217,29/11/2023,Decreto,2,bienes y servicios ambientales,direct_es,ecosystem_services,1,bienes y servicios ambientales,Impulsar la valoración económica de los bienes y servicios ambientales que prestan los ecosistemas de humedal.
142C5FAA76136E2806258AC1005F4902,http://legislacion.asamblea.nacional.gob.ni/Normaweb.nsf/xpNormaJuridica.xsp?documentId=142C5FAA76136E2806258AC1005F4902&action=openDocument,data\legislation\html\142C5FAA76136E2806258AC1005F4902.html,"Texto Consolidado, Decreto Ejecutivo N°. 78-2003, De Establecimiento de la Política Nacional de Humedales",Decretos Ejecutivos,Medio Ambiente y Recursos Naturales,78-2003,217,29/11/2023,Decreto,3,funciones ecológicas,direct_es,ecosystem_functions,1,funciones ecológicas,"10 Distribución justa y equitativa: Las actividades que se realicen en los ecosistemas de humedales, deben mantener el equilibrio natural, las funciones ecológicas del ecosistema y armonizar los intereses de las comunidades con la conservación de esos recursos contribuyendo a la distribución equitativa de sus beneficios."
142C5FAA76136E2806258AC1005F4902,http://legislacion.asamblea.nacional.gob.ni/Normaweb.nsf/xpNormaJuridica.xsp?documentId=142C5FAA76136E2806258AC1005F4902&action=openDocument,data\legislation\html\142C5FAA76136E2806258AC1005F4902.html,"Texto Consolidado, Decreto Ejecutivo N°. 78-2003, De Establecimiento de la Política Nacional de Humedales",Decretos Ejecutivos,Medio Ambiente y Recursos Naturales,78-2003,217,29/11/2023,Decreto,4,funciones ecológicas,direct_es,ecosystem_functions,1,funciones ecológicas,"Promover la conservación y el uso sostenible de los humedales con enfoque por ecosistemas, considerando al humedal como ecosistema frágil, promoviendo la protección de sus funciones ecológicas, su diversidad genética y asegurando la no alteración o deterioro de su integridad."
142C5FAA76136E2806258AC1005F4902,http://legislacion.asamblea.nacional.gob.ni/Normaweb.nsf/xpNormaJuridica.xsp?documentId=142C5FAA76136E2806258AC1005F4902&action=openDocument,data\legislation\html\142C5FAA76136E2806258AC1005F4902.html,"Texto Consolidado, Decreto Ejecutivo N°. 78-2003, De Establecimiento de la Política Nacional de Humedales",Decretos Ejecutivos,Medio Ambiente y Recursos Naturales,78-2003,217,29/11/2023,Decreto,5,incentivos para la conservación,economic_instruments,incentives,2,incentivos para la conservación,"IV Que los Artículos 8 inciso d) y 11 del Convenio de Diversidad Biológica estipula que, los Estados partes deben promover la protección de ecosistemas y hábitat naturales; así como, adoptar medidas económicas y socialmente idóneas que actúen como incentivos para la conservación y utilización sostenible."
1FEF023D822F6F9E06258AC400511327,http://legislacion.asamblea.nacional.gob.ni/Normaweb.nsf/xpNormaJuridica.xsp?documentId=1FEF023D822F6F9E06258AC400511327&action=openDocument,data\legislation\html\1FEF023D822F6F9E06258AC400511327.html,"Texto Consolidado, Decreto Ejecutivo N°. 01-2007, Reglamento de Áreas Protegidas de Nicaragua",Decretos Ejecutivos,Medio Ambiente y Recursos Naturales,01-2007,217,29/11/2023,Decreto,1,servicios ambientales,direct_es,ecosystem_services,1,SERVICIOS AMBIENTALES,SERVICIOS AMBIENTALES: Son beneficios que brindan los ecosistemas a la sociedad y que inciden directa o indirectamente en la protección y mejoramiento del ambiente y en la calidad de vida de las personas.
1FEF023D822F6F9E06258AC400511327,http://legislacion.asamblea.nacional.gob.ni/Normaweb.nsf/xpNormaJuridica.xsp?documentId=1FEF023D822F6F9E06258AC400511327&action=openDocument,data\legislation\html\1FEF023D822F6F9E06258AC400511327.html,"Texto Consolidado, Decreto Ejecutivo N°. 01-2007, Reglamento de Áreas Protegidas de Nicaragua",Decretos Ejecutivos,Medio Ambiente y Recursos Naturales,01-2007,217,29/11/2023,Decreto,2,servicios ambientales,direct_es,ecosystem_services,1,servicios ambientales,2.2 Identificación de los bienes y servicios ambientales.
1FEF023D822F6F9E06258AC400511327,http://legislacion.asamblea.nacional.gob.ni/Normaweb.nsf/xpNormaJuridica.xsp?documentId=1FEF023D822F6F9E06258AC400511327&action=openDocument,data\legislation\html\1FEF023D822F6F9E06258AC400511327.html,"Texto Consolidado, Decreto Ejecutivo N°. 01-2007, Reglamento de Áreas Protegidas de Nicaragua",Decretos Ejecutivos,Medio Ambiente y Recursos Naturales,01-2007,217,29/11/2023,Decreto,3,servicios ambientales,direct_es,ecosystem_services,1,servicios ambientales,"Promover el desarrollo regional basado en la producción y uso sostenible de los recursos naturales, diversificación y aplicación de tecnologías de bajo impacto ambiental, manteniendo ambientes naturales con altos valores de servicios ambientales y procesos ecológicos esenciales para la sostenibilidad, respetando el manejo de cada área protegida que la íntegra."
1FEF023D822F6F9E06258AC400511327,http://legislacion.asamblea.nacional.gob.ni/Normaweb.nsf/xpNormaJuridica.xsp?documentId=1FEF023D822F6F9E06258AC400511327&action=openDocument,data\legislation\html\1FEF023D822F6F9E06258AC400511327.html,"Texto Consolidado, Decreto Ejecutivo N°. 01-2007, Reglamento de Áreas Protegidas de Nicaragua",Decretos Ejecutivos,Medio Ambiente y Recursos Naturales,01-2007,217,29/11/2023,Decreto,4,bienes y servicios ambientales,direct_es,ecosystem_services,1,bienes y servicios ambientales,2.2 Identificación de los bienes y servicios ambientales.
6CA2D92D6D03AB8B06258AC1005AE219,http://legislacion.asamblea.nacional.gob.ni/Normaweb.nsf/xpNormaJuridica.xsp?documentId=6CA2D92D6D03AB8B06258AC1005AE219&action=openDocument,data\legislation\html\6CA2D92D6D03AB8B06258AC1005AE219.html,"Texto Consolidado, Ley Nº. 833, Ley que Declara y Define los Límites de la Reserva de Biosfera de la Isla de Ometepe",Leyes,Medio Ambiente y Recursos Naturales,833,217,29/11/2023,Ley,1,servicios ambientales,direct_es,ecosystem_services,1,servicios ambientales,"Artículo 20 En la Reserva de Biosfera la autoridad de aplicación, deberá garantizar que se realicen los procesos de valoración de los servicios ambientales generados en la misma, que sean susceptibles de generar ingresos, con el objetivo de que estos se conviertan en una retribución sostenible, en beneficio de la Reserva de Biosfera Isla de Ometepe."
6CBE0EEEAFA1180906258AC400552A3C,http://legislacion.asamblea.nacional.gob.ni/Normaweb.nsf/xpNormaJuridica.xsp?documentId=6CBE0EEEAFA1180906258AC400552A3C&action=openDocument,data\legislation\html\6CBE0EEEAFA1180906258AC400552A3C.html,"Texto Consolidado, Decreto Ejecutivo N°. 21-2017, Reglamento en el que se Establecen las Disposiciones para el Vertido de Aguas Residuales",Decretos Ejecutivos,Medio Ambiente y Recursos Naturales,21-2017,217,29/11/2023,Decreto,1,funciones ecológicas,direct_es,ecosystem_functions,1,funciones ecológicas,"Capacidad de Asimilación del Agua: Propiedad del cuerpo de agua receptor, para absorber o soportar agentes externos, sin sufrir deterioro tal que afecte su propia regeneración, o impida su renovación natural en plazos y condiciones normales, o reduzca significativamente sus funciones ecológicas."
76BDD1358CF1735D06258AC1005EDE93,http://legislacion.asamblea.nacional.gob.ni/Normaweb.nsf/xpNormaJuridica.xsp?documentId=76BDD1358CF1735D06258AC1005EDE93&action=openDocument,data\legislation\html\76BDD1358CF1735D06258AC1005EDE93.html,"Texto Consolidado, Decreto Ejecutivo N°. 69-2008, Política Nacional de Desarrollo Sostenible del Sector Forestal de Nicaragua",Decretos Ejecutivos,Medio Ambiente y Recursos Naturales,69-2008,217,29/11/2023,Decreto,1,servicios ambientales,direct_es,ecosystem_services,1,servicios ambientales,"Las instituciones gubernamentales respectivas en coordinación con la sociedad civil, fortalecerán los mecanismos de vigilancia y control para garantizar la protección física de los bienes maderables, no maderables y servicios ambientales generados por el Patrimonio Forestal."
76BDD1358CF1735D06258AC1005EDE93,http://legislacion.asamblea.nacional.gob.ni/Normaweb.nsf/xpNormaJuridica.xsp?documentId=76BDD1358CF1735D06258AC1005EDE93&action=openDocument,data\legislation\html\76BDD1358CF1735D06258AC1005EDE93.html,"Texto Consolidado, Decreto Ejecutivo N°. 69-2008, Política Nacional de Desarrollo Sostenible del Sector Forestal de Nicaragua",Decretos Ejecutivos,Medio Ambiente y Recursos Naturales,69-2008,217,29/11/2023,Decreto,2,servicios ambientales,direct_es,ecosystem_services,1,Servicios Ambientales,"Se promoverá a través de la forestería comunitaria, la incorporación del valor integral del bosque, promoviendo los beneficios económicos, sociales y ambientales percibidos directamente por los pueblos indígenas y comunidades étnicas, mediante los usos como el ecoturismo, los Pagos por Servicios Ambientales (PSA), el aprovechamiento de los productos forestales no maderables, y los sistemas agroforestales, silvopastoriles, y de plantaciones."
76BDD1358CF1735D06258AC1005EDE93,http://legislacion.asamblea.nacional.gob.ni/Normaweb.nsf/xpNormaJuridica.xsp?documentId=76BDD1358CF1735D06258AC1005EDE93&action=openDocument,data\legislation\html\76BDD1358CF1735D06258AC1005EDE93.html,"Texto Consolidado, Decreto Ejecutivo N°. 69-2008, Política Nacional de Desarrollo Sostenible del Sector Forestal de Nicaragua",Decretos Ejecutivos,Medio Ambiente y Recursos Naturales,69-2008,217,29/11/2023,Decreto,3,servicios ambientales,direct_es,ecosystem_services,1,servicios ambientales,"Se fomentará la investigación para el desarrollo, validación y extensión de técnicas y tecnologías que potencien los beneficios de los bienes y servicios ambientales generados por el árbol, bosque y ecosistemas forestales."
76BDD1358CF1735D06258AC1005EDE93,http://legislacion.asamblea.nacional.gob.ni/Normaweb.nsf/xpNormaJuridica.xsp?documentId=76BDD1358CF1735D06258AC1005EDE93&action=openDocument,data\legislation\html\76BDD1358CF1735D06258AC1005EDE93.html,"Texto Consolidado, Decreto Ejecutivo N°. 69-2008, Política Nacional de Desarrollo Sostenible del Sector Forestal de Nicaragua",Decretos Ejecutivos,Medio Ambiente y Recursos Naturales,69-2008,217,29/11/2023,Decreto,4,servicios ambientales,direct_es,ecosystem_services,1,servicios ambientales,"Artículo 21 Fomento del mercadeo y comercialización equitativa y justa de los bienes y servicios ambientales generados del aprovechamiento sostenible de árboles, bosque y ecosistemas forestales En este caso se impulsarán las siguientes directrices: 1."
76BDD1358CF1735D06258AC1005EDE93,http://legislacion.asamblea.nacional.gob.ni/Normaweb.nsf/xpNormaJuridica.xsp?documentId=76BDD1358CF1735D06258AC1005EDE93&action=openDocument,data\legislation\html\76BDD1358CF1735D06258AC1005EDE93.html,"Texto Consolidado, Decreto Ejecutivo N°. 69-2008, Política Nacional de Desarrollo Sostenible del Sector Forestal de Nicaragua",Decretos Ejecutivos,Medio Ambiente y Recursos Naturales,69-2008,217,29/11/2023,Decreto,5,servicios ambientales,direct_es,ecosystem_services,1,servicios ambientales,"Se promoverá la diversificación de mercados y productos, incluyendo mercados a futuro, para mayor número de bienes y servicios ambientales provenientes del bosque y el apoyo en la inserción en los mercados internacionales."
76BDD1358CF1735D06258AC1005EDE93,http://legislacion.asamblea.nacional.gob.ni/Normaweb.nsf/xpNormaJuridica.xsp?documentId=76BDD1358CF1735D06258AC1005EDE93&action=openDocument,data\legislation\html\76BDD1358CF1735D06258AC1005EDE93.html,"Texto Consolidado, Decreto Ejecutivo N°. 69-2008, Política Nacional de Desarrollo Sostenible del Sector Forestal de Nicaragua",Decretos Ejecutivos,Medio Ambiente y Recursos Naturales,69-2008,217,29/11/2023,Decreto,6,servicios ambientales,direct_es,ecosystem_services,1,servicios ambientales,"El Instituto Nacional Forestal promoverán el establecimiento de la Bolsa Forestal de Nicaragua (BOLFOR), para la comercialización de productos maderable, no maderables y servicios ambientales provenientes de los bosques artificiales o naturales de Nicaragua."
76BDD1358CF1735D06258AC1005EDE93,http://legislacion.asamblea.nacional.gob.ni/Normaweb.nsf/xpNormaJuridica.xsp?documentId=76BDD1358CF1735D06258AC1005EDE93&action=openDocument,data\legislation\html\76BDD1358CF1735D06258AC1005EDE93.html,"Texto Consolidado, Decreto Ejecutivo N°. 69-2008, Política Nacional de Desarrollo Sostenible del Sector Forestal de Nicaragua",Decretos Ejecutivos,Medio Ambiente y Recursos Naturales,69-2008,217,29/11/2023,Decreto,7,servicios ambientales,direct_es,ecosystem_services,1,servicios ambientales,"Se fomentará el pago de servicios ambientales y modalidades afines, como mecanismos para incentivar los mercados de secuestro y almacenamiento de dióxido de carbono, belleza escénica, conocimientos etno botánicos, producción con mejoramiento y calidad del agua, biodiversidad, entre otros beneficios ambientales maderables y no maderables producidos por el bosque."
76BDD1358CF1735D06258AC1005EDE93,http://legislacion.asamblea.nacional.gob.ni/Normaweb.nsf/xpNormaJuridica.xsp?documentId=76BDD1358CF1735D06258AC1005EDE93&action=openDocument,data\legislation\html\76BDD1358CF1735D06258AC1005EDE93.html,"Texto Consolidado, Decreto Ejecutivo N°. 69-2008, Política Nacional de Desarrollo Sostenible del Sector Forestal de Nicaragua",Decretos Ejecutivos,Medio Ambiente y Recursos Naturales,69-2008,217,29/11/2023,Decreto,8,servicios ambientales,direct_es,ecosystem_services,1,servicios ambientales,"Se promoverán mecanismos para la reactivación y capitalización del Fondo Nacional del Ambiente (FNA), administrado por el Ministerio del Ambiente y de los Recursos Naturales (MARENA) para la gestión de los servicios ambientales y capitalización del Fondo Nacional de Desarrollo Forestal (FONADEFO), administrado por el Instituto Nacional Forestal (INAFOR), para la reposición y manejo forestal sostenible en las cuencas hidrográficas nicaragüenses."
76BDD1358CF1735D06258AC1005EDE93,http://legislacion.asamblea.nacional.gob.ni/Normaweb.nsf/xpNormaJuridica.xsp?documentId=76BDD1358CF1735D06258AC1005EDE93&action=openDocument,data\legislation\html\76BDD1358CF1735D06258AC1005EDE93.html,"Texto Consolidado, Decreto Ejecutivo N°. 69-2008, Política Nacional de Desarrollo Sostenible del Sector Forestal de Nicaragua",Decretos Ejecutivos,Medio Ambiente y Recursos Naturales,69-2008,217,29/11/2023,Decreto,9,servicios ambientales,direct_es,ecosystem_services,1,Servicios Ambientales,"Se fomentará el mercado de Pagos por Servicios Ambientales (PSA), para las diferentes modalidades de reposición forestal sustentadas en el manejo de los ecosistemas forestales, establecimiento de plantaciones forestales puras o mixtas, manejo de regeneración natural y los sistemas agroforestales."
76BDD1358CF1735D06258AC1005EDE93,http://legislacion.asamblea.nacional.gob.ni/Normaweb.nsf/xpNormaJuridica.xsp?documentId=76BDD1358CF1735D06258AC1005EDE93&action=openDocument,data\legislation\html\76BDD1358CF1735D06258AC1005EDE93.html,"Texto Consolidado, Decreto Ejecutivo N°. 69-2008, Política Nacional de Desarrollo Sostenible del Sector Forestal de Nicaragua",Decretos Ejecutivos,Medio Ambiente y Recursos Naturales,69-2008,217,29/11/2023,Decreto,10,servicios ambientales,direct_es,ecosystem_services,1,servicios ambientales,"Se promoverá la ampliación del marco de incentivos forestales para el beneficio equitativo hacia los diferentes actores y eslabones de las cadenas de valor de productos maderables, no maderables y servicios ambientales derivados del árbol, bosque o ecosistemas forestales."
76BDD1358CF1735D06258AC1005EDE93,http://legislacion.asamblea.nacional.gob.ni/Normaweb.nsf/xpNormaJuridica.xsp?documentId=76BDD1358CF1735D06258AC1005EDE93&action=openDocument,data\legislation\html\76BDD1358CF1735D06258AC1005EDE93.html,"Texto Consolidado, Decreto Ejecutivo N°. 69-2008, Política Nacional de Desarrollo Sostenible del Sector Forestal de Nicaragua",Decretos Ejecutivos,Medio Ambiente y Recursos Naturales,69-2008,217,29/11/2023,Decreto,11,bienes y servicios ambientales,direct_es,ecosystem_services,1,bienes y servicios ambientales,"Se fomentará la investigación para el desarrollo, validación y extensión de técnicas y tecnologías que potencien los beneficios de los bienes y servicios ambientales generados por el árbol, bosque y ecosistemas forestales."
76BDD1358CF1735D06258AC1005EDE93,http://legislacion.asamblea.nacional.gob.ni/Normaweb.nsf/xpNormaJuridica.xsp?documentId=76BDD1358CF1735D06258AC1005EDE93&action=openDocument,data\legislation\html\76BDD1358CF1735D06258AC1005EDE93.html,"Texto Consolidado, Decreto Ejecutivo N°. 69-2008, Política Nacional de Desarrollo Sostenible del Sector Forestal de Nicaragua",Decretos Ejecutivos,Medio Ambiente y Recursos Naturales,69-2008,217,29/11/2023,Decreto,12,bienes y servicios ambientales,direct_es,ecosystem_services,1,bienes y servicios ambientales,"Artículo 21 Fomento del mercadeo y comercialización equitativa y justa de los bienes y servicios ambientales generados del aprovechamiento sostenible de árboles, bosque y ecosistemas forestales En este caso se impulsarán las siguientes directrices: 1."
76BDD1358CF1735D06258AC1005EDE93,http://legislacion.asamblea.nacional.gob.ni/Normaweb.nsf/xpNormaJuridica.xsp?documentId=76BDD1358CF1735D06258AC1005EDE93&action=openDocument,data\legislation\html\76BDD1358CF1735D06258AC1005EDE93.html,"Texto Consolidado, Decreto Ejecutivo N°. 69-2008, Política Nacional de Desarrollo Sostenible del Sector Forestal de Nicaragua",Decretos Ejecutivos,Medio Ambiente y Recursos Naturales,69-2008,217,29/11/2023,Decreto,13,bienes y servicios ambientales,direct_es,ecosystem_services,1,bienes y servicios ambientales,"Se promoverá la diversificación de mercados y productos, incluyendo mercados a futuro, para mayor número de bienes y servicios ambientales provenientes del bosque y el apoyo en la inserción en los mercados internacionales."
76BDD1358CF1735D06258AC1005EDE93,http://legislacion.asamblea.nacional.gob.ni/Normaweb.nsf/xpNormaJuridica.xsp?documentId=76BDD1358CF1735D06258AC1005EDE93&action=openDocument,data\legislation\html\76BDD1358CF1735D06258AC1005EDE93.html,"Texto Consolidado, Decreto Ejecutivo N°. 69-2008, Política Nacional de Desarrollo Sostenible del Sector Forestal de Nicaragua",Decretos Ejecutivos,Medio Ambiente y Recursos Naturales,69-2008,217,29/11/2023,Decreto,14,pagos por servicios ambientales,economic_instruments,payments,2,Pagos por Servicios Ambientales,"Se promoverá a través de la forestería comunitaria, la incorporación del valor integral del bosque, promoviendo los beneficios económicos, sociales y ambientales percibidos directamente por los pueblos indígenas y comunidades étnicas, mediante los usos como el ecoturismo, los Pagos por Servicios Ambientales (PSA), el aprovechamiento de los productos forestales no maderables, y los sistemas agroforestales, silvopastoriles, y de plantaciones."
76BDD1358CF1735D06258AC1005EDE93,http://legislacion.asamblea.nacional.gob.ni/Normaweb.nsf/xpNormaJuridica.xsp?documentId=76BDD1358CF1735D06258AC1005EDE93&action=openDocument,data\legislation\html\76BDD1358CF1735D06258AC1005EDE93.html,"Texto Consolidado, Decreto Ejecutivo N°. 69-2008, Política Nacional de Desarrollo Sostenible del Sector Forestal de Nicaragua",Decretos Ejecutivos,Medio Ambiente y Recursos Naturales,69-2008,217,29/11/2023,Decreto,15,pagos por servicios ambientales,economic_instruments,payments,2,Pagos por Servicios Ambientales,"Se fomentará el mercado de Pagos por Servicios Ambientales (PSA), para las diferentes modalidades de reposición forestal sustentadas en el manejo de los ecosistemas forestales, establecimiento de plantaciones forestales puras o mixtas, manejo de regeneración natural y los sistemas agroforestales."
864AD46E8D20CFCF06258A78006871BE,http://legislacion.asamblea.nacional.gob.ni/Normaweb.nsf/xpNormaJuridica.xsp?documentId=864AD46E8D20CFCF06258A78006871BE&action=openDocument,data\legislation\html\864AD46E8D20CFCF06258A78006871BE.html,Ley del Digesto Jurídico Nicaragüense de la Materia de Medio Ambiente y Recursos Naturales,Leyes,Medio Ambiente y Recursos Naturales,1163,217,29/11/2023,Ley,1,servicios ambientales,direct_es,ecosystem_services,1,Servicios Ambientales,"Pago por Servicios Ambientales: Instrumento de gestión ambiental, de naturaleza económica que permite valorar y establecer un pago por los servicios que brindan los ecosistemas, logrando con ello introducir los costos ambientales en los flujos de caja de las actividades productivas de diferentes niveles, en los ámbitos público y privado."
864AD46E8D20CFCF06258A78006871BE,http://legislacion.asamblea.nacional.gob.ni/Normaweb.nsf/xpNormaJuridica.xsp?documentId=864AD46E8D20CFCF06258A78006871BE&action=openDocument,data\legislation\html\864AD46E8D20CFCF06258A78006871BE.html,Ley del Digesto Jurídico Nicaragüense de la Materia de Medio Ambiente y Recursos Naturales,Leyes,Medio Ambiente y Recursos Naturales,1163,217,29/11/2023,Ley,2,servicios ambientales,direct_es,ecosystem_services,1,Servicios Ambientales,Servicios Ambientales: Aquellas funciones de los ecosistemas que generan beneficios económicos y ambientales para la sociedad y los ecosistemas.
864AD46E8D20CFCF06258A78006871BE,http://legislacion.asamblea.nacional.gob.ni/Normaweb.nsf/xpNormaJuridica.xsp?documentId=864AD46E8D20CFCF06258A78006871BE&action=openDocument,data\legislation\html\864AD46E8D20CFCF06258A78006871BE.html,Ley del Digesto Jurídico Nicaragüense de la Materia de Medio Ambiente y Recursos Naturales,Leyes,Medio Ambiente y Recursos Naturales,1163,217,29/11/2023,Ley,3,servicios ambientales,direct_es,ecosystem_services,1,Servicios Ambientales,"CAPÍTULO II DE LOS INSTRUMENTOS PARA LA GESTIÓN AMBIENTAL Artículo 11 Son instrumentos para la gestión ambiental el conjunto de políticas, directrices, normas técnicas y legales, actividades, programas, proyectos e instituciones que permiten la aplicación de los Principios Generales Ambientales y la consecución de los objetivos ambientales del país, entre estos, los siguientes: 1) De la Planificación y Legislación; 2) Del Ordenamiento Ambiental del Territorio; 3) De las Áreas Protegidas; 4) Del Sistema de Evaluación Ambiental; 5) Del Sistema Nacional de Información Ambiental; 6) De la Educación, Divulgación y Desarrollo Científico y Tecnológico; 7) De los Incentivos; 8) De las Inversiones Públicas; 9) Del Fondo Nacional del Ambiente; 10) De la Declaración de Áreas Contaminadas y de las Emergencias Ambientales; 11) Del Sistema de Pago por Servicios Ambientales; 12) De la Auditoría Ambiental; 13) Del Cambio Climático y su Gestión; y 14) De la Seguridad por efectos de sustancias químicas, tóxicas y contaminantes."
864AD46E8D20CFCF06258A78006871BE,http://legislacion.asamblea.nacional.gob.ni/Normaweb.nsf/xpNormaJuridica.xsp?documentId=864AD46E8D20CFCF06258A78006871BE&action=openDocument,data\legislation\html\864AD46E8D20CFCF06258A78006871BE.html,Ley del Digesto Jurídico Nicaragüense de la Materia de Medio Ambiente y Recursos Naturales,Leyes,Medio Ambiente y Recursos Naturales,1163,217,29/11/2023,Ley,4,servicios ambientales,direct_es,ecosystem_services,1,servicios ambientales,"8) Potenciar de forma sistémica los servicios ambientales que proveen las áreas protegidas para el beneficio de los habitantes de la zona, la economía nacional y el desarrollo sostenible."
864AD46E8D20CFCF06258A78006871BE,http://legislacion.asamblea.nacional.gob.ni/Normaweb.nsf/xpNormaJuridica.xsp?documentId=864AD46E8D20CFCF06258A78006871BE&action=openDocument,data\legislation\html\864AD46E8D20CFCF06258A78006871BE.html,Ley del Digesto Jurídico Nicaragüense de la Materia de Medio Ambiente y Recursos Naturales,Leyes,Medio Ambiente y Recursos Naturales,1163,217,29/11/2023,Ley,5,servicios ambientales,direct_es,ecosystem_services,1,SERVICIOS AMBIENTALES,"SECCIÓN XI DEL PAGO POR SERVICIOS AMBIENTALES Artículo 57 Créase el Sistema de Valoración y Pagos por Servicios Ambientales, como instrumento de gestión ambiental, con el fin de valorar y establecer un pago por los servicios, así como, generar financiamiento e incentivos para la promoción de la conservación, preservación y uso sostenible del ambiente y los recursos naturales."
864AD46E8D20CFCF06258A78006871BE,http://legislacion.asamblea.nacional.gob.ni/Normaweb.nsf/xpNormaJuridica.xsp?documentId=864AD46E8D20CFCF06258A78006871BE&action=openDocument,data\legislation\html\864AD46E8D20CFCF06258A78006871BE.html,Ley del Digesto Jurídico Nicaragüense de la Materia de Medio Ambiente y Recursos Naturales,Leyes,Medio Ambiente y Recursos Naturales,1163,217,29/11/2023,Ley,6,servicios ambientales,direct_es,ecosystem_services,1,Servicios Ambientales,"SECCIÓN XI DEL PAGO POR SERVICIOS AMBIENTALES Artículo 57 Créase el Sistema de Valoración y Pagos por Servicios Ambientales, como instrumento de gestión ambiental, con el fin de valorar y establecer un pago por los servicios, así como, generar financiamiento e incentivos para la promoción de la conservación, preservación y uso sostenible del ambiente y los recursos naturales."
864AD46E8D20CFCF06258A78006871BE,http://legislacion.asamblea.nacional.gob.ni/Normaweb.nsf/xpNormaJuridica.xsp?documentId=864AD46E8D20CFCF06258A78006871BE&action=openDocument,data\legislation\html\864AD46E8D20CFCF06258A78006871BE.html,Ley del Digesto Jurídico Nicaragüense de la Materia de Medio Ambiente y Recursos Naturales,Leyes,Medio Ambiente y Recursos Naturales,1163,217,29/11/2023,Ley,7,servicios ambientales,direct_es,ecosystem_services,1,Servicios Ambientales,"El Poder Ejecutivo reglamentará las disposiciones relativas al Sistema de Valoración y Pago por Servicios Ambientales creado en la presente Ley, el que debe contener al menos lo siguiente: 1) Marco institucional ejecutivo y participativo del Sistema de Valoración y Pago por Servicios Ambientales, creando su respectiva estructura y organización administrativa."
864AD46E8D20CFCF06258A78006871BE,http://legislacion.asamblea.nacional.gob.ni/Normaweb.nsf/xpNormaJuridica.xsp?documentId=864AD46E8D20CFCF06258A78006871BE&action=openDocument,data\legislation\html\864AD46E8D20CFCF06258A78006871BE.html,Ley del Digesto Jurídico Nicaragüense de la Materia de Medio Ambiente y Recursos Naturales,Leyes,Medio Ambiente y Recursos Naturales,1163,217,29/11/2023,Ley,8,servicios ambientales,direct_es,ecosystem_services,1,Servicios Ambientales,"El Poder Ejecutivo reglamentará las disposiciones relativas al Sistema de Valoración y Pago por Servicios Ambientales creado en la presente Ley, el que debe contener al menos lo siguiente: 1) Marco institucional ejecutivo y participativo del Sistema de Valoración y Pago por Servicios Ambientales, creando su respectiva estructura y organización administrativa."
864AD46E8D20CFCF06258A78006871BE,http://legislacion.asamblea.nacional.gob.ni/Normaweb.nsf/xpNormaJuridica.xsp?documentId=864AD46E8D20CFCF06258A78006871BE&action=openDocument,data\legislation\html\864AD46E8D20CFCF06258A78006871BE.html,Ley del Digesto Jurídico Nicaragüense de la Materia de Medio Ambiente y Recursos Naturales,Leyes,Medio Ambiente y Recursos Naturales,1163,217,29/11/2023,Ley,9,servicios ambientales,direct_es,ecosystem_services,1,servicios ambientales,2) Objetivos del Sistema dirigidos a facilitar el proceso de pago por servicios ambientales.
864AD46E8D20CFCF06258A78006871BE,http://legislacion.asamblea.nacional.gob.ni/Normaweb.nsf/xpNormaJuridica.xsp?documentId=864AD46E8D20CFCF06258A78006871BE&action=openDocument,data\legislation\html\864AD46E8D20CFCF06258A78006871BE.html,Ley del Digesto Jurídico Nicaragüense de la Materia de Medio Ambiente y Recursos Naturales,Leyes,Medio Ambiente y Recursos Naturales,1163,217,29/11/2023,Ley,10,servicios ambientales,direct_es,ecosystem_services,1,servicios ambientales,4) Esferas de acción institucional para promover el pago por servicios ambientales en el país.
864AD46E8D20CFCF06258A78006871BE,http://legislacion.asamblea.nacional.gob.ni/Normaweb.nsf/xpNormaJuridica.xsp?documentId=864AD46E8D20CFCF06258A78006871BE&action=openDocument,data\legislation\html\864AD46E8D20CFCF06258A78006871BE.html,Ley del Digesto Jurídico Nicaragüense de la Materia de Medio Ambiente y Recursos Naturales,Leyes,Medio Ambiente y Recursos Naturales,1163,217,29/11/2023,Ley,11,servicios ambientales,direct_es,ecosystem_services,1,servicios ambientales,"d) Recursos provenientes de cobros por servicios ambientales que, por su gestión, realicen organizaciones privadas o públicas nacionales."
864AD46E8D20CFCF06258A78006871BE,http://legislacion.asamblea.nacional.gob.ni/Normaweb.nsf/xpNormaJuridica.xsp?documentId=864AD46E8D20CFCF06258A78006871BE&action=openDocument,data\legislation\html\864AD46E8D20CFCF06258A78006871BE.html,Ley del Digesto Jurídico Nicaragüense de la Materia de Medio Ambiente y Recursos Naturales,Leyes,Medio Ambiente y Recursos Naturales,1163,217,29/11/2023,Ley,12,servicios ambientales,direct_es,ecosystem_services,1,servicios ambientales,"SECCIÓN IV DE LA PROMOCIÓN DE INCENTIVOS Artículo 27 La conservación de la diversidad biológica en sus condiciones naturales y los servicios ambientales que de ellos se derivan, causarán derechos compensatorios a las personas naturales o jurídicas, públicas y privadas."
864AD46E8D20CFCF06258A78006871BE,http://legislacion.asamblea.nacional.gob.ni/Normaweb.nsf/xpNormaJuridica.xsp?documentId=864AD46E8D20CFCF06258A78006871BE&action=openDocument,data\legislation\html\864AD46E8D20CFCF06258A78006871BE.html,Ley del Digesto Jurídico Nicaragüense de la Materia de Medio Ambiente y Recursos Naturales,Leyes,Medio Ambiente y Recursos Naturales,1163,217,29/11/2023,Ley,13,servicios ambientales,direct_es,ecosystem_services,1,servicios ambientales,"Los ecosistemas frágiles, los de alta diversidad genética y ecológica que constituyen centros de endemismos y que contienen paisajes naturales de singular belleza, y aquellos que presten servicios ambientales esenciales susceptibles de ser degradados o destruidos por la intervención humana y que sean considerados indispensables para las especies migratorias; y 5."
864AD46E8D20CFCF06258A78006871BE,http://legislacion.asamblea.nacional.gob.ni/Normaweb.nsf/xpNormaJuridica.xsp?documentId=864AD46E8D20CFCF06258A78006871BE&action=openDocument,data\legislation\html\864AD46E8D20CFCF06258A78006871BE.html,Ley del Digesto Jurídico Nicaragüense de la Materia de Medio Ambiente y Recursos Naturales,Leyes,Medio Ambiente y Recursos Naturales,1163,217,29/11/2023,Ley,14,servicios ambientales,direct_es,ecosystem_services,1,servicios ambientales,"Artículo 20 En la Reserva de Biosfera la autoridad de aplicación, deberá garantizar que se realicen los procesos de valoración de los servicios ambientales generados en la misma, que sean susceptibles de generar ingresos, con el objetivo de que estos se conviertan en una retribución sostenible, en beneficio de la Reserva de Biosfera Isla de Ometepe."
864AD46E8D20CFCF06258A78006871BE,http://legislacion.asamblea.nacional.gob.ni/Normaweb.nsf/xpNormaJuridica.xsp?documentId=864AD46E8D20CFCF06258A78006871BE&action=openDocument,data\legislation\html\864AD46E8D20CFCF06258A78006871BE.html,Ley del Digesto Jurídico Nicaragüense de la Materia de Medio Ambiente y Recursos Naturales,Leyes,Medio Ambiente y Recursos Naturales,1163,217,29/11/2023,Ley,15,servicios ambientales,direct_es,ecosystem_services,1,servicios ambientales,Impulsar la valoración económica de los bienes y servicios ambientales que prestan los ecosistemas de humedal.
864AD46E8D20CFCF06258A78006871BE,http://legislacion.asamblea.nacional.gob.ni/Normaweb.nsf/xpNormaJuridica.xsp?documentId=864AD46E8D20CFCF06258A78006871BE&action=openDocument,data\legislation\html\864AD46E8D20CFCF06258A78006871BE.html,Ley del Digesto Jurídico Nicaragüense de la Materia de Medio Ambiente y Recursos Naturales,Leyes,Medio Ambiente y Recursos Naturales,1163,217,29/11/2023,Ley,16,servicios ambientales,direct_es,ecosystem_services,1,servicios ambientales,"III Que por la importancia estratégica para el desarrollo del país de las Reservas de Biosfera Río San Juan y BOSAWAS, por los invaluables bienes y servicios ambientales que ofrecen para el mantenimiento del equilibrio natural, así como su potencial para el abastecimiento de agua y energía, la formación de patrones de clima que benefician la economía nacional, su rica biodiversidad aún desconocida, y su valor social por constituir espacios de vida de importantes etnias y pueblos indígenas."
864AD46E8D20CFCF06258A78006871BE,http://legislacion.asamblea.nacional.gob.ni/Normaweb.nsf/xpNormaJuridica.xsp?documentId=864AD46E8D20CFCF06258A78006871BE&action=openDocument,data\legislation\html\864AD46E8D20CFCF06258A78006871BE.html,Ley del Digesto Jurídico Nicaragüense de la Materia de Medio Ambiente y Recursos Naturales,Leyes,Medio Ambiente y Recursos Naturales,1163,217,29/11/2023,Ley,17,servicios ambientales,direct_es,ecosystem_services,1,servicios ambientales,"Las instituciones gubernamentales respectivas en coordinación con la sociedad civil, fortalecerán los mecanismos de vigilancia y control para garantizar la protección física de los bienes maderables, no maderables y servicios ambientales generados por el Patrimonio Forestal."
864AD46E8D20CFCF06258A78006871BE,http://legislacion.asamblea.nacional.gob.ni/Normaweb.nsf/xpNormaJuridica.xsp?documentId=864AD46E8D20CFCF06258A78006871BE&action=openDocument,data\legislation\html\864AD46E8D20CFCF06258A78006871BE.html,Ley del Digesto Jurídico Nicaragüense de la Materia de Medio Ambiente y Recursos Naturales,Leyes,Medio Ambiente y Recursos Naturales,1163,217,29/11/2023,Ley,18,servicios ambientales,direct_es,ecosystem_services,1,Servicios Ambientales,"Se promoverá a través de la forestería comunitaria, la incorporación del valor integral del bosque, promoviendo los beneficios económicos, sociales y ambientales percibidos directamente por los pueblos indígenas y comunidades étnicas, mediante los usos como el ecoturismo, los Pagos por Servicios Ambientales (PSA), el aprovechamiento de los productos forestales no maderables, y los sistemas agroforestales, silvopastoriles, y de plantaciones."
864AD46E8D20CFCF06258A78006871BE,http://legislacion.asamblea.nacional.gob.ni/Normaweb.nsf/xpNormaJuridica.xsp?documentId=864AD46E8D20CFCF06258A78006871BE&action=openDocument,data\legislation\html\864AD46E8D20CFCF06258A78006871BE.html,Ley del Digesto Jurídico Nicaragüense de la Materia de Medio Ambiente y Recursos Naturales,Leyes,Medio Ambiente y Recursos Naturales,1163,217,29/11/2023,Ley,19,servicios ambientales,direct_es,ecosystem_services,1,servicios ambientales,"Se fomentará la investigación para el desarrollo, validación y extensión de técnicas y tecnologías que potencien los beneficios de los bienes y servicios ambientales generados por el árbol, bosque y ecosistemas forestales."
864AD46E8D20CFCF06258A78006871BE,http://legislacion.asamblea.nacional.gob.ni/Normaweb.nsf/xpNormaJuridica.xsp?documentId=864AD46E8D20CFCF06258A78006871BE&action=openDocument,data\legislation\html\864AD46E8D20CFCF06258A78006871BE.html,Ley del Digesto Jurídico Nicaragüense de la Materia de Medio Ambiente y Recursos Naturales,Leyes,Medio Ambiente y Recursos Naturales,1163,217,29/11/2023,Ley,20,servicios ambientales,direct_es,ecosystem_services,1,servicios ambientales,"Artículo 21 Fomento del mercadeo y comercialización equitativa y justa de los bienes y servicios ambientales generados del aprovechamiento sostenible de árboles, bosque y ecosistemas forestales En este caso se impulsarán las siguientes directrices: 1."
864AD46E8D20CFCF06258A78006871BE,http://legislacion.asamblea.nacional.gob.ni/Normaweb.nsf/xpNormaJuridica.xsp?documentId=864AD46E8D20CFCF06258A78006871BE&action=openDocument,data\legislation\html\864AD46E8D20CFCF06258A78006871BE.html,Ley del Digesto Jurídico Nicaragüense de la Materia de Medio Ambiente y Recursos Naturales,Leyes,Medio Ambiente y Recursos Naturales,1163,217,29/11/2023,Ley,21,servicios ambientales,direct_es,ecosystem_services,1,servicios ambientales,"Se promoverá la diversificación de mercados y productos, incluyendo mercados a futuro, para mayor número de bienes y servicios ambientales provenientes del bosque y el apoyo en la inserción en los mercados internacionales."
864AD46E8D20CFCF06258A78006871BE,http://legislacion.asamblea.nacional.gob.ni/Normaweb.nsf/xpNormaJuridica.xsp?documentId=864AD46E8D20CFCF06258A78006871BE&action=openDocument,data\legislation\html\864AD46E8D20CFCF06258A78006871BE.html,Ley del Digesto Jurídico Nicaragüense de la Materia de Medio Ambiente y Recursos Naturales,Leyes,Medio Ambiente y Recursos Naturales,1163,217,29/11/2023,Ley,22,servicios ambientales,direct_es,ecosystem_services,1,servicios ambientales,"El Instituto Nacional Forestal promoverán el establecimiento de la Bolsa Forestal de Nicaragua (BOLFOR), para la comercialización de productos maderable, no maderables y servicios ambientales provenientes de los bosques artificiales o naturales de Nicaragua."
864AD46E8D20CFCF06258A78006871BE,http://legislacion.asamblea.nacional.gob.ni/Normaweb.nsf/xpNormaJuridica.xsp?documentId=864AD46E8D20CFCF06258A78006871BE&action=openDocument,data\legislation\html\864AD46E8D20CFCF06258A78006871BE.html,Ley del Digesto Jurídico Nicaragüense de la Materia de Medio Ambiente y Recursos Naturales,Leyes,Medio Ambiente y Recursos Naturales,1163,217,29/11/2023,Ley,23,servicios ambientales,direct_es,ecosystem_services,1,servicios ambientales,"Se fomentará el pago de servicios ambientales y modalidades afines, como mecanismos para incentivar los mercados de secuestro y almacenamiento de dióxido de carbono, belleza escénica, conocimientos etno botánicos, producción con mejoramiento y calidad del agua, biodiversidad, entre otros beneficios ambientales maderables y no maderables producidos por el bosque."
864AD46E8D20CFCF06258A78006871BE,http://legislacion.asamblea.nacional.gob.ni/Normaweb.nsf/xpNormaJuridica.xsp?documentId=864AD46E8D20CFCF06258A78006871BE&action=openDocument,data\legislation\html\864AD46E8D20CFCF06258A78006871BE.html,Ley del Digesto Jurídico Nicaragüense de la Materia de Medio Ambiente y Recursos Naturales,Leyes,Medio Ambiente y Recursos Naturales,1163,217,29/11/2023,Ley,24,servicios ambientales,direct_es,ecosystem_services,1,servicios ambientales,"Se promoverán mecanismos para la reactivación y capitalización del Fondo Nacional del Ambiente (FNA), administrado por el Ministerio del Ambiente y de los Recursos Naturales (MARENA) para la gestión de los servicios ambientales y capitalización del Fondo Nacional de Desarrollo Forestal (FONADEFO), administrado por el Instituto Nacional Forestal (INAFOR), para la reposición y manejo forestal sostenible en las cuencas hidrográficas nicaragüenses."
864AD46E8D20CFCF06258A78006871BE,http://legislacion.asamblea.nacional.gob.ni/Normaweb.nsf/xpNormaJuridica.xsp?documentId=864AD46E8D20CFCF06258A78006871BE&action=openDocument,data\legislation\html\864AD46E8D20CFCF06258A78006871BE.html,Ley del Digesto Jurídico Nicaragüense de la Materia de Medio Ambiente y Recursos Naturales,Leyes,Medio Ambiente y Recursos Naturales,1163,217,29/11/2023,Ley,25,servicios ambientales,direct_es,ecosystem_services,1,Servicios Ambientales,"Se fomentará el mercado de Pagos por Servicios Ambientales (PSA), para las diferentes modalidades de reposición forestal sustentadas en el manejo de los ecosistemas forestales, establecimiento de plantaciones forestales puras o mixtas, manejo de regeneración natural y los sistemas agroforestales."
864AD46E8D20CFCF06258A78006871BE,http://legislacion.asamblea.nacional.gob.ni/Normaweb.nsf/xpNormaJuridica.xsp?documentId=864AD46E8D20CFCF06258A78006871BE&action=openDocument,data\legislation\html\864AD46E8D20CFCF06258A78006871BE.html,Ley del Digesto Jurídico Nicaragüense de la Materia de Medio Ambiente y Recursos Naturales,Leyes,Medio Ambiente y Recursos Naturales,1163,217,29/11/2023,Ley,26,servicios ambientales,direct_es,ecosystem_services,1,servicios ambientales,"Se promoverá la ampliación del marco de incentivos forestales para el beneficio equitativo hacia los diferentes actores y eslabones de las cadenas de valor de productos maderables, no maderables y servicios ambientales derivados del árbol, bosque o ecosistemas forestales."
864AD46E8D20CFCF06258A78006871BE,http://legislacion.asamblea.nacional.gob.ni/Normaweb.nsf/xpNormaJuridica.xsp?documentId=864AD46E8D20CFCF06258A78006871BE&action=openDocument,data\legislation\html\864AD46E8D20CFCF06258A78006871BE.html,Ley del Digesto Jurídico Nicaragüense de la Materia de Medio Ambiente y Recursos Naturales,Leyes,Medio Ambiente y Recursos Naturales,1163,217,29/11/2023,Ley,27,servicios ambientales,direct_es,ecosystem_services,1,Servicios Ambientales,"Servicios Ambientales del Bosque: Beneficios que brindan el bosque y las plantaciones forestales y que inciden directamente en la protección y el mejoramiento del medio ambiente, entre estos la mitigación de emisiones de gases de efecto invernadero, regulación y protección hidrológica, conservación de la biodiversidad, reducción de la vulnerabilidad ante desastres naturales."
864AD46E8D20CFCF06258A78006871BE,http://legislacion.asamblea.nacional.gob.ni/Normaweb.nsf/xpNormaJuridica.xsp?documentId=864AD46E8D20CFCF06258A78006871BE&action=openDocument,data\legislation\html\864AD46E8D20CFCF06258A78006871BE.html,Ley del Digesto Jurídico Nicaragüense de la Materia de Medio Ambiente y Recursos Naturales,Leyes,Medio Ambiente y Recursos Naturales,1163,217,29/11/2023,Ley,28,servicios ambientales,direct_es,ecosystem_services,1,SERVICIOS AMBIENTALES,SERVICIOS AMBIENTALES: Son beneficios que brindan los ecosistemas a la sociedad y que inciden directa o indirectamente en la protección y mejoramiento del ambiente y en la calidad de vida de las personas.
864AD46E8D20CFCF06258A78006871BE,http://legislacion.asamblea.nacional.gob.ni/Normaweb.nsf/xpNormaJuridica.xsp?documentId=864AD46E8D20CFCF06258A78006871BE&action=openDocument,data\legislation\html\864AD46E8D20CFCF06258A78006871BE.html,Ley del Digesto Jurídico Nicaragüense de la Materia de Medio Ambiente y Recursos Naturales,Leyes,Medio Ambiente y Recursos Naturales,1163,217,29/11/2023,Ley,29,servicios ambientales,direct_es,ecosystem_services,1,servicios ambientales,2.2 Identificación de los bienes y servicios ambientales.
864AD46E8D20CFCF06258A78006871BE,http://legislacion.asamblea.nacional.gob.ni/Normaweb.nsf/xpNormaJuridica.xsp?documentId=864AD46E8D20CFCF06258A78006871BE&action=openDocument,data\legislation\html\864AD46E8D20CFCF06258A78006871BE.html,Ley del Digesto Jurídico Nicaragüense de la Materia de Medio Ambiente y Recursos Naturales,Leyes,Medio Ambiente y Recursos Naturales,1163,217,29/11/2023,Ley,30,servicios ambientales,direct_es,ecosystem_services,1,servicios ambientales,"Promover el desarrollo regional basado en la producción y uso sostenible de los recursos naturales, diversificación y aplicación de tecnologías de bajo impacto ambiental, manteniendo ambientes naturales con altos valores de servicios ambientales y procesos ecológicos esenciales para la sostenibilidad, respetando el manejo de cada área protegida que la íntegra."
864AD46E8D20CFCF06258A78006871BE,http://legislacion.asamblea.nacional.gob.ni/Normaweb.nsf/xpNormaJuridica.xsp?documentId=864AD46E8D20CFCF06258A78006871BE&action=openDocument,data\legislation\html\864AD46E8D20CFCF06258A78006871BE.html,Ley del Digesto Jurídico Nicaragüense de la Materia de Medio Ambiente y Recursos Naturales,Leyes,Medio Ambiente y Recursos Naturales,1163,217,29/11/2023,Ley,31,bienes y servicios ambientales,direct_es,ecosystem_services,1,bienes y servicios ambientales,Impulsar la valoración económica de los bienes y servicios ambientales que prestan los ecosistemas de humedal.
864AD46E8D20CFCF06258A78006871BE,http://legislacion.asamblea.nacional.gob.ni/Normaweb.nsf/xpNormaJuridica.xsp?documentId=864AD46E8D20CFCF06258A78006871BE&action=openDocument,data\legislation\html\864AD46E8D20CFCF06258A78006871BE.html,Ley del Digesto Jurídico Nicaragüense de la Materia de Medio Ambiente y Recursos Naturales,Leyes,Medio Ambiente y Recursos Naturales,1163,217,29/11/2023,Ley,32,bienes y servicios ambientales,direct_es,ecosystem_services,1,bienes y servicios ambientales,"III Que por la importancia estratégica para el desarrollo del país de las Reservas de Biosfera Río San Juan y BOSAWAS, por los invaluables bienes y servicios ambientales que ofrecen para el mantenimiento del equilibrio natural, así como su potencial para el abastecimiento de agua y energía, la formación de patrones de clima que benefician la economía nacional, su rica biodiversidad aún desconocida, y su valor social por constituir espacios de vida de importantes etnias y pueblos indígenas."
864AD46E8D20CFCF06258A78006871BE,http://legislacion.asamblea.nacional.gob.ni/Normaweb.nsf/xpNormaJuridica.xsp?documentId=864AD46E8D20CFCF06258A78006871BE&action=openDocument,data\legislation\html\864AD46E8D20CFCF06258A78006871BE.html,Ley del Digesto Jurídico Nicaragüense de la Materia de Medio Ambiente y Recursos Naturales,Leyes,Medio Ambiente y Recursos Naturales,1163,217,29/11/2023,Ley,33,bienes y servicios ambientales,direct_es,ecosystem_services,1,bienes y servicios ambientales,"Se fomentará la investigación para el desarrollo, validación y extensión de técnicas y tecnologías que potencien los beneficios de los bienes y servicios ambientales generados por el árbol, bosque y ecosistemas forestales."
864AD46E8D20CFCF06258A78006871BE,http://legislacion.asamblea.nacional.gob.ni/Normaweb.nsf/xpNormaJuridica.xsp?documentId=864AD46E8D20CFCF06258A78006871BE&action=openDocument,data\legislation\html\864AD46E8D20CFCF06258A78006871BE.html,Ley del Digesto Jurídico Nicaragüense de la Materia de Medio Ambiente y Recursos Naturales,Leyes,Medio Ambiente y Recursos Naturales,1163,217,29/11/2023,Ley,34,bienes y servicios ambientales,direct_es,ecosystem_services,1,bienes y servicios ambientales,"Artículo 21 Fomento del mercadeo y comercialización equitativa y justa de los bienes y servicios ambientales generados del aprovechamiento sostenible de árboles, bosque y ecosistemas forestales En este caso se impulsarán las siguientes directrices: 1."
864AD46E8D20CFCF06258A78006871BE,http://legislacion.asamblea.nacional.gob.ni/Normaweb.nsf/xpNormaJuridica.xsp?documentId=864AD46E8D20CFCF06258A78006871BE&action=openDocument,data\legislation\html\864AD46E8D20CFCF06258A78006871BE.html,Ley del Digesto Jurídico Nicaragüense de la Materia de Medio Ambiente y Recursos Naturales,Leyes,Medio Ambiente y Recursos Naturales,1163,217,29/11/2023,Ley,35,bienes y servicios ambientales,direct_es,ecosystem_services,1,bienes y servicios ambientales,"Se promoverá la diversificación de mercados y productos, incluyendo mercados a futuro, para mayor número de bienes y servicios ambientales provenientes del bosque y el apoyo en la inserción en los mercados internacionales."
864AD46E8D20CFCF06258A78006871BE,http://legislacion.asamblea.nacional.gob.ni/Normaweb.nsf/xpNormaJuridica.xsp?documentId=864AD46E8D20CFCF06258A78006871BE&action=openDocument,data\legislation\html\864AD46E8D20CFCF06258A78006871BE.html,Ley del Digesto Jurídico Nicaragüense de la Materia de Medio Ambiente y Recursos Naturales,Leyes,Medio Ambiente y Recursos Naturales,1163,217,29/11/2023,Ley,36,bienes y servicios ambientales,direct_es,ecosystem_services,1,bienes y servicios ambientales,2.2 Identificación de los bienes y servicios ambientales.
864AD46E8D20CFCF06258A78006871BE,http://legislacion.asamblea.nacional.gob.ni/Normaweb.nsf/xpNormaJuridica.xsp?documentId=864AD46E8D20CFCF06258A78006871BE&action=openDocument,data\legislation\html\864AD46E8D20CFCF06258A78006871BE.html,Ley del Digesto Jurídico Nicaragüense de la Materia de Medio Ambiente y Recursos Naturales,Leyes,Medio Ambiente y Recursos Naturales,1163,217,29/11/2023,Ley,37,funciones ecológicas,direct_es,ecosystem_functions,1,funciones ecológicas,"10 Distribución justa y equitativa: Las actividades que se realicen en los ecosistemas de humedales, deben mantener el equilibrio natural, las funciones ecológicas del ecosistema y armonizar los intereses de las comunidades con la conservación de esos recursos contribuyendo a la distribución equitativa de sus beneficios."
864AD46E8D20CFCF06258A78006871BE,http://legislacion.asamblea.nacional.gob.ni/Normaweb.nsf/xpNormaJuridica.xsp?documentId=864AD46E8D20CFCF06258A78006871BE&action=openDocument,data\legislation\html\864AD46E8D20CFCF06258A78006871BE.html,Ley del Digesto Jurídico Nicaragüense de la Materia de Medio Ambiente y Recursos Naturales,Leyes,Medio Ambiente y Recursos Naturales,1163,217,29/11/2023,Ley,38,funciones ecológicas,direct_es,ecosystem_functions,1,funciones ecológicas,"Promover la conservación y el uso sostenible de los humedales con enfoque por ecosistemas, considerando al humedal como ecosistema frágil, promoviendo la protección de sus funciones ecológicas, su diversidad genética y asegurando la no alteración o deterioro de su integridad."
864AD46E8D20CFCF06258A78006871BE,http://legislacion.asamblea.nacional.gob.ni/Normaweb.nsf/xpNormaJuridica.xsp?documentId=864AD46E8D20CFCF06258A78006871BE&action=openDocument,data\legislation\html\864AD46E8D20CFCF06258A78006871BE.html,Ley del Digesto Jurídico Nicaragüense de la Materia de Medio Ambiente y Recursos Naturales,Leyes,Medio Ambiente y Recursos Naturales,1163,217,29/11/2023,Ley,39,funciones ecológicas,direct_es,ecosystem_functions,1,funciones ecológicas,"Capacidad de Asimilación del Agua: Propiedad del cuerpo de agua receptor, para absorber o soportar agentes externos, sin sufrir deterioro tal que afecte su propia regeneración, o impida su renovación natural en plazos y condiciones normales, o reduzca significativamente sus funciones ecológicas."
864AD46E8D20CFCF06258A78006871BE,http://legislacion.asamblea.nacional.gob.ni/Normaweb.nsf/xpNormaJuridica.xsp?documentId=864AD46E8D20CFCF06258A78006871BE&action=openDocument,data\legislation\html\864AD46E8D20CFCF06258A78006871BE.html,Ley del Digesto Jurídico Nicaragüense de la Materia de Medio Ambiente y Recursos Naturales,Leyes,Medio Ambiente y Recursos Naturales,1163,217,29/11/2023,Ley,40,pago por servicios ambientales,economic_instruments,payments,2,Pago por Servicios Ambientales,"Pago por Servicios Ambientales: Instrumento de gestión ambiental, de naturaleza económica que permite valorar y establecer un pago por los servicios que brindan los ecosistemas, logrando con ello introducir los costos ambientales en los flujos de caja de las actividades productivas de diferentes niveles, en los ámbitos público y privado."
864AD46E8D20CFCF06258A78006871BE,http://legislacion.asamblea.nacional.gob.ni/Normaweb.nsf/xpNormaJuridica.xsp?documentId=864AD46E8D20CFCF06258A78006871BE&action=openDocument,data\legislation\html\864AD46E8D20CFCF06258A78006871BE.html,Ley del Digesto Jurídico Nicaragüense de la Materia de Medio Ambiente y Recursos Naturales,Leyes,Medio Ambiente y Recursos Naturales,1163,217,29/11/2023,Ley,41,pago por servicios ambientales,economic_instruments,payments,2,Pago por Servicios Ambientales,"CAPÍTULO II DE LOS INSTRUMENTOS PARA LA GESTIÓN AMBIENTAL Artículo 11 Son instrumentos para la gestión ambiental el conjunto de políticas, directrices, normas técnicas y legales, actividades, programas, proyectos e instituciones que permiten la aplicación de los Principios Generales Ambientales y la consecución de los objetivos ambientales del país, entre estos, los siguientes: 1) De la Planificación y Legislación; 2) Del Ordenamiento Ambiental del Territorio; 3) De las Áreas Protegidas; 4) Del Sistema de Evaluación Ambiental; 5) Del Sistema Nacional de Información Ambiental; 6) De la Educación, Divulgación y Desarrollo Científico y Tecnológico; 7) De los Incentivos; 8) De las Inversiones Públicas; 9) Del Fondo Nacional del Ambiente; 10) De la Declaración de Áreas Contaminadas y de las Emergencias Ambientales; 11) Del Sistema de Pago por Servicios Ambientales; 12) De la Auditoría Ambiental; 13) Del Cambio Climático y su Gestión; y 14) De la Seguridad por efectos de sustancias químicas, tóxicas y contaminantes."
864AD46E8D20CFCF06258A78006871BE,http://legislacion.asamblea.nacional.gob.ni/Normaweb.nsf/xpNormaJuridica.xsp?documentId=864AD46E8D20CFCF06258A78006871BE&action=openDocument,data\legislation\html\864AD46E8D20CFCF06258A78006871BE.html,Ley del Digesto Jurídico Nicaragüense de la Materia de Medio Ambiente y Recursos Naturales,Leyes,Medio Ambiente y Recursos Naturales,1163,217,29/11/2023,Ley,42,pago por servicios ambientales,economic_instruments,payments,2,PAGO POR SERVICIOS AMBIENTALES,"SECCIÓN XI DEL PAGO POR SERVICIOS AMBIENTALES Artículo 57 Créase el Sistema de Valoración y Pagos por Servicios Ambientales, como instrumento de gestión ambiental, con el fin de valorar y establecer un pago por los servicios, así como, generar financiamiento e incentivos para la promoción de la conservación, preservación y uso sostenible del ambiente y los recursos naturales."
864AD46E8D20CFCF06258A78006871BE,http://legislacion.asamblea.nacional.gob.ni/Normaweb.nsf/xpNormaJuridica.xsp?documentId=864AD46E8D20CFCF06258A78006871BE&action=openDocument,data\legislation\html\864AD46E8D20CFCF06258A78006871BE.html,Ley del Digesto Jurídico Nicaragüense de la Materia de Medio Ambiente y Recursos Naturales,Leyes,Medio Ambiente y Recursos Naturales,1163,217,29/11/2023,Ley,43,pago por servicios ambientales,economic_instruments,payments,2,Pago por Servicios Ambientales,"El Poder Ejecutivo reglamentará las disposiciones relativas al Sistema de Valoración y Pago por Servicios Ambientales creado en la presente Ley, el que debe contener al menos lo siguiente: 1) Marco institucional ejecutivo y participativo del Sistema de Valoración y Pago por Servicios Ambientales, creando su respectiva estructura y organización administrativa."
864AD46E8D20CFCF06258A78006871BE,http://legislacion.asamblea.nacional.gob.ni/Normaweb.nsf/xpNormaJuridica.xsp?documentId=864AD46E8D20CFCF06258A78006871BE&action=openDocument,data\legislation\html\864AD46E8D20CFCF06258A78006871BE.html,Ley del Digesto Jurídico Nicaragüense de la Materia de Medio Ambiente y Recursos Naturales,Leyes,Medio Ambiente y Recursos Naturales,1163,217,29/11/2023,Ley,44,pago por servicios ambientales,economic_instruments,payments,2,Pago por Servicios Ambientales,"El Poder Ejecutivo reglamentará las disposiciones relativas al Sistema de Valoración y Pago por Servicios Ambientales creado en la presente Ley, el que debe contener al menos lo siguiente: 1) Marco institucional ejecutivo y participativo del Sistema de Valoración y Pago por Servicios Ambientales, creando su respectiva estructura y organización administrativa."
864AD46E8D20CFCF06258A78006871BE,http://legislacion.asamblea.nacional.gob.ni/Normaweb.nsf/xpNormaJuridica.xsp?documentId=864AD46E8D20CFCF06258A78006871BE&action=openDocument,data\legislation\html\864AD46E8D20CFCF06258A78006871BE.html,Ley del Digesto Jurídico Nicaragüense de la Materia de Medio Ambiente y Recursos Naturales,Leyes,Medio Ambiente y Recursos Naturales,1163,217,29/11/2023,Ley,45,pago por servicios ambientales,economic_instruments,payments,2,pago por servicios ambientales,2) Objetivos del Sistema dirigidos a facilitar el proceso de pago por servicios ambientales.
864AD46E8D20CFCF06258A78006871BE,http://legislacion.asamblea.nacional.gob.ni/Normaweb.nsf/xpNormaJuridica.xsp?documentId=864AD46E8D20CFCF06258A78006871BE&action=openDocument,data\legislation\html\864AD46E8D20CFCF06258A78006871BE.html,Ley del Digesto Jurídico Nicaragüense de la Materia de Medio Ambiente y Recursos Naturales,Leyes,Medio Ambiente y Recursos Naturales,1163,217,29/11/2023,Ley,46,pago por servicios ambientales,economic_instruments,payments,2,pago por servicios ambientales,4) Esferas de acción institucional para promover el pago por servicios ambientales en el país.
864AD46E8D20CFCF06258A78006871BE,http://legislacion.asamblea.nacional.gob.ni/Normaweb.nsf/xpNormaJuridica.xsp?documentId=864AD46E8D20CFCF06258A78006871BE&action=openDocument,data\legislation\html\864AD46E8D20CFCF06258A78006871BE.html,Ley del Digesto Jurídico Nicaragüense de la Materia de Medio Ambiente y Recursos Naturales,Leyes,Medio Ambiente y Recursos Naturales,1163,217,29/11/2023,Ley,47,pagos por servicios ambientales,economic_instruments,payments,2,Pagos por Servicios Ambientales,"SECCIÓN XI DEL PAGO POR SERVICIOS AMBIENTALES Artículo 57 Créase el Sistema de Valoración y Pagos por Servicios Ambientales, como instrumento de gestión ambiental, con el fin de valorar y establecer un pago por los servicios, así como, generar financiamiento e incentivos para la promoción de la conservación, preservación y uso sostenible del ambiente y los recursos naturales."
864AD46E8D20CFCF06258A78006871BE,http://legislacion.asamblea.nacional.gob.ni/Normaweb.nsf/xpNormaJuridica.xsp?documentId=864AD46E8D20CFCF06258A78006871BE&action=openDocument,data\legislation\html\864AD46E8D20CFCF06258A78006871BE.html,Ley del Digesto Jurídico Nicaragüense de la Materia de Medio Ambiente y Recursos Naturales,Leyes,Medio Ambiente y Recursos Naturales,1163,217,29/11/2023,Ley,48,pagos por servicios ambientales,economic_instruments,payments,2,Pagos por Servicios Ambientales,"Se promoverá a través de la forestería comunitaria, la incorporación del valor integral del bosque, promoviendo los beneficios económicos, sociales y ambientales percibidos directamente por los pueblos indígenas y comunidades étnicas, mediante los usos como el ecoturismo, los Pagos por Servicios Ambientales (PSA), el aprovechamiento de los productos forestales no maderables, y los sistemas agroforestales, silvopastoriles, y de plantaciones."
864AD46E8D20CFCF06258A78006871BE,http://legislacion.asamblea.nacional.gob.ni/Normaweb.nsf/xpNormaJuridica.xsp?documentId=864AD46E8D20CFCF06258A78006871BE&action=openDocument,data\legislation\html\864AD46E8D20CFCF06258A78006871BE.html,Ley del Digesto Jurídico Nicaragüense de la Materia de Medio Ambiente y Recursos Naturales,Leyes,Medio Ambiente y Recursos Naturales,1163,217,29/11/2023,Ley,49,pagos por servicios ambientales,economic_instruments,payments,2,Pagos por Servicios Ambientales,"Se fomentará el mercado de Pagos por Servicios Ambientales (PSA), para las diferentes modalidades de reposición forestal sustentadas en el manejo de los ecosistemas forestales, establecimiento de plantaciones forestales puras o mixtas, manejo de regeneración natural y los sistemas agroforestales."
864AD46E8D20CFCF06258A78006871BE,http://legislacion.asamblea.nacional.gob.ni/Normaweb.nsf/xpNormaJuridica.xsp?documentId=864AD46E8D20CFCF06258A78006871BE&action=openDocument,data\legislation\html\864AD46E8D20CFCF06258A78006871BE.html,Ley del Digesto Jurídico Nicaragüense de la Materia de Medio Ambiente y Recursos Naturales,Leyes,Medio Ambiente y Recursos Naturales,1163,217,29/11/2023,Ley,50,incentivos para la conservación,economic_instruments,incentives,2,incentivos para la conservación,"IV Que los Artículos 8 inciso d) y 11 del Convenio de Diversidad Biológica estipula que, los Estados partes deben promover la protección de ecosistemas y hábitat naturales; así como, adoptar medidas económicas y socialmente idóneas que actúen como incentivos para la conservación y utilización sostenible."
9A451A285C36D2E806258AC100587AE0,http://legislacion.asamblea.nacional.gob.ni/Normaweb.nsf/xpNormaJuridica.xsp?documentId=9A451A285C36D2E806258AC100587AE0&action=openDocument,data\legislation\html\9A451A285C36D2E806258AC100587AE0.html,"Texto Consolidado, Ley Nº. 462, Ley de Conservación, Fomento y Desarrollo Sostenible del Sector Forestal",Leyes,Medio Ambiente y Recursos Naturales,462,217,29/11/2023,Ley,1,servicios ambientales,direct_es,ecosystem_services,1,servicios ambientales,"d) Recursos provenientes de cobros por servicios ambientales que, por su gestión, realicen organizaciones privadas o públicas nacionales."
E7321B0FA4262C9406258AC1005CA2B9,http://legislacion.asamblea.nacional.gob.ni/Normaweb.nsf/xpNormaJuridica.xsp?documentId=E7321B0FA4262C9406258AC1005CA2B9&action=openDocument,data\legislation\html\E7321B0FA4262C9406258AC1005CA2B9.html,"Texto Consolidado, Decreto Ejecutivo Nº. 8-2005, De Creación del Comité Nacional del Hombre y la Biosfera",Decretos Ejecutivos,Medio Ambiente y Recursos Naturales,8-2005,217,29/11/2023,Decreto,1,servicios ambientales,direct_es,ecosystem_services,1,servicios ambientales,"III Que por la importancia estratégica para el desarrollo del país de las Reservas de Biosfera Río San Juan y BOSAWAS, por los invaluables bienes y servicios ambientales que ofrecen para el mantenimiento del equilibrio natural, así como su potencial para el abastecimiento de agua y energía, la formación de patrones de clima que benefician la economía nacional, su rica biodiversidad aún desconocida, y su valor social por constituir espacios de vida de importantes etnias y pueblos indígenas."
E7321B0FA4262C9406258AC1005CA2B9,http://legislacion.asamblea.nacional.gob.ni/Normaweb.nsf/xpNormaJuridica.xsp?documentId=E7321B0FA4262C9406258AC1005CA2B9&action=openDocument,data\legislation\html\E7321B0FA4262C9406258AC1005CA2B9.html,"Texto Consolidado, Decreto Ejecutivo Nº. 8-2005, De Creación del Comité Nacional del Hombre y la Biosfera",Decretos Ejecutivos,Medio Ambiente y Recursos Naturales,8-2005,217,29/11/2023,Decreto,2,bienes y servicios ambientales,direct_es,ecosystem_services,1,bienes y servicios ambientales,"III Que por la importancia estratégica para el desarrollo del país de las Reservas de Biosfera Río San Juan y BOSAWAS, por los invaluables bienes y servicios ambientales que ofrecen para el mantenimiento del equilibrio natural, así como su potencial para el abastecimiento de agua y energía, la formación de patrones de clima que benefician la economía nacional, su rica biodiversidad aún desconocida, y su valor social por constituir espacios de vida de importantes etnias y pueblos indígenas."
