document_id,title,href
864AD46E8D20CFCF06258A78006871BE,Ley del Digesto Jurídico Nicaragüense de la Materia de Medio Ambiente y Recursos Naturales,/Normaweb.nsf/xpNormaJuridica.xsp?documentId=864AD46E8D20CFCF06258A78006871BE&action=openDocument
8C1DA12EAB7A2D3F06258AC100558B83,"Texto Consolidado, Decreto-Ley Nº. 1320, Creación de Reservas Naturales en el Pacifico de Nicaragua",/Normaweb.nsf/xpNormaJuridica.xsp?documentId=8C1DA12EAB7A2D3F06258AC100558B83&action=openDocument
882944434932FD6C06258AC10056497C,"Texto Consolidado, Ley N°. 738, Ley que Declara y Define El Sistema de los Cayos Perlas Como Refugio de Vida Silvestre",/Normaweb.nsf/xpNormaJuridica.xsp?documentId=882944434932FD6C06258AC10056497C&action=openDocument
D8CDA26441D041BE06258AC1005765B8,"Texto Consolidado, Ley N°. 941, Ley Creadora de la Comisión Nacional de Registro y Control de Sustancias Tóxicas (CNRCST)",/Normaweb.nsf/xpNormaJuridica.xsp?documentId=D8CDA26441D041BE06258AC1005765B8&action=openDocument
10CF7B394A7719C006258AC10057DF30,"Texto Consolidado, Ley N°. 217, Ley General del Medio Ambiente y los Recursos Naturales",/Normaweb.nsf/xpNormaJuridica.xsp?documentId=10CF7B394A7719C006258AC10057DF30&action=openDocument
9A451A285C36D2E806258AC100587AE0,"Texto Consolidado, Ley Nº. 462, Ley de Conservación, Fomento y Desarrollo Sostenible del Sector Forestal",/Normaweb.nsf/xpNormaJuridica.xsp?documentId=9A451A285C36D2E806258AC100587AE0&action=openDocument
98A5DCFED890F26406258AC10059A596,"Texto Consolidado, Decreto Ejecutivo N°. 43-91, Declaración de la Reserva Biológica Marina Cayos Mískitos y Franja Costera Inmediata",/Normaweb.nsf/xpNormaJuridica.xsp?documentId=98A5DCFED890F26406258AC10059A596&action=openDocument
486CB7FD66EFEDD806258AC1005A1BA2,"Texto Consolidado, Ley N°. 276, Ley de Creación de la Empresa Nicaragüense de Acueductos y Alcantarillados Sanitarios (ENACAL)",/Normaweb.nsf/xpNormaJuridica.xsp?documentId=486CB7FD66EFEDD806258AC1005A1BA2&action=openDocument
311FC5CEB247FA7406258AC1005A8494,"Texto Consolidado, Ley N°. 722, Ley Especial de Comités de Agua Potable y Saneamiento",/Normaweb.nsf/xpNormaJuridica.xsp?documentId=311FC5CEB247FA7406258AC1005A8494&action=openDocument
6CA2D92D6D03AB8B06258AC1005AE219,"Texto Consolidado, Ley Nº. 833, Ley que Declara y Define los Límites de la Reserva de Biosfera de la Isla de Ometepe",/Normaweb.nsf/xpNormaJuridica.xsp?documentId=6CA2D92D6D03AB8B06258AC1005AE219&action=openDocument
C5D3A7A9B4C225E106258AC1005B482C,"Texto Consolidado, Decreto Ejecutivo N°. 32-97, Reglamento General para el Control de Emisiones de los Vehículos Automotores de Nicaragua",/Normaweb.nsf/xpNormaJuridica.xsp?documentId=C5D3A7A9B4C225E106258AC1005B482C&action=openDocument
1918A318653F080806258AC1005C393B,"Texto Consolidado, Decreto Ejecutivo N°. 66-99, Actualización y Precisión de Categorías y Límites de las Áreas Protegidas Ubicadas en el Territorio del Sureste de Nicaragua",/Normaweb.nsf/xpNormaJuridica.xsp?documentId=1918A318653F080806258AC1005C393B&action=openDocument
E7321B0FA4262C9406258AC1005CA2B9,"Texto Consolidado, Decreto Ejecutivo Nº. 8-2005, De Creación del Comité Nacional del Hombre y la Biosfera",/Normaweb.nsf/xpNormaJuridica.xsp?documentId=E7321B0FA4262C9406258AC1005CA2B9&action=openDocument
C1B3EC7B6480137206258AC1005D1AF3,"Texto Consolidado, Decreto Ejecutivo N°. 03-2019, Decreto, Reglamentando el Procedimiento para la Aprobación e Implementación de los Incentivos Forestales",/Normaweb.nsf/xpNormaJuridica.xsp?documentId=C1B3EC7B6480137206258AC1005D1AF3&action=openDocument
3337D11E0DAFE09B06258AC1005DC635,"Texto Consolidado, Decreto Ejecutivo Nº. 91-2005, De Política Nacional para la Gestión Integral de Sustancias y Residuos Peligrosos",/Normaweb.nsf/xpNormaJuridica.xsp?documentId=3337D11E0DAFE09B06258AC1005DC635&action=openDocument
0B27DA3D8139FAB606258AC1005E3C3F,"Texto Consolidado, Decreto Presidencial N°. 15-2021, Decreto de Creación del Sistema Nacional de Gestión del Cambio Climático y Establecimiento de los Principios y Lineamientos de la Política Nacional de Cambio Climático",/Normaweb.nsf/xpNormaJuridica.xsp?documentId=0B27DA3D8139FAB606258AC1005E3C3F&action=openDocument
76BDD1358CF1735D06258AC1005EDE93,"Texto Consolidado, Decreto Ejecutivo N°. 69-2008, Política Nacional de Desarrollo Sostenible del Sector Forestal de Nicaragua",/Normaweb.nsf/xpNormaJuridica.xsp?documentId=76BDD1358CF1735D06258AC1005EDE93&action=openDocument
142C5FAA76136E2806258AC1005F4902,"Texto Consolidado, Decreto Ejecutivo N°. 78-2003, De Establecimiento de la Política Nacional de Humedales",/Normaweb.nsf/xpNormaJuridica.xsp?documentId=142C5FAA76136E2806258AC1005F4902&action=openDocument
0A3F439C16A7488E06258AC1005FB3A1,"Texto Consolidado, Decreto Ejecutivo N°. 68-2001, Creación de Unidades de Gestión Ambiental",/Normaweb.nsf/xpNormaJuridica.xsp?documentId=0A3F439C16A7488E06258AC1005FB3A1&action=openDocument
0C1A63415C8C952006258AC2004E7C76,"Texto Consolidado, Ley N°. 807, Ley de Conservación y Utilización Sostenible de la Diversidad Biológica",/Normaweb.nsf/xpNormaJuridica.xsp?documentId=0C1A63415C8C952006258AC2004E7C76&action=openDocument
C06E7C271395CCF906258AC4004C6BCB,"Texto Consolidado, Decreto Ejecutivo Nº. 9-96, Reglamento de la Ley General del Medio Ambiente y los Recursos Naturales",/Normaweb.nsf/xpNormaJuridica.xsp?documentId=C06E7C271395CCF906258AC4004C6BCB&action=openDocument
130DB7BEF926032806258AC4004E6315,"Texto Consolidado, Decreto Ejecutivo Nº. 73-2003, Reglamento de la Ley N°. 462, Ley de Conservación, Fomento y Desarrollo Sostenible del Sector Forestal",/Normaweb.nsf/xpNormaJuridica.xsp?documentId=130DB7BEF926032806258AC4004E6315&action=openDocument
D1724339F9186A6A06258AC4005014FD,"Texto Consolidado, Decreto Ejecutivo Nº. 52-98, Reglamento de la Ley General de Servicios de Agua Potable y Alcantarillado Sanitario",/Normaweb.nsf/xpNormaJuridica.xsp?documentId=D1724339F9186A6A06258AC4005014FD&action=openDocument
1FEF023D822F6F9E06258AC400511327,"Texto Consolidado, Decreto Ejecutivo N°. 01-2007, Reglamento de Áreas Protegidas de Nicaragua",/Normaweb.nsf/xpNormaJuridica.xsp?documentId=1FEF023D822F6F9E06258AC400511327&action=openDocument
4DF0744D898255FA06258AC40051DC70,"Texto Consolidado, Decreto Ejecutivo N°. 91-2001, Reglamento del Fondo Nacional del Ambiente",/Normaweb.nsf/xpNormaJuridica.xsp?documentId=4DF0744D898255FA06258AC40051DC70&action=openDocument
6CBE0EEEAFA1180906258AC400552A3C,"Texto Consolidado, Decreto Ejecutivo N°. 21-2017, Reglamento en el que se Establecen las Disposiciones para el Vertido de Aguas Residuales",/Normaweb.nsf/xpNormaJuridica.xsp?documentId=6CBE0EEEAFA1180906258AC400552A3C&action=openDocument
2AAB47141DF2B05706258AC5004CE23B,"Texto Consolidado, Ley N°. 79, Ley Creadora del Parque Nacional Volcán Masaya",/Normaweb.nsf/xpNormaJuridica.xsp?documentId=2AAB47141DF2B05706258AC5004CE23B&action=openDocument
829137E86B0C09C006258AC5004D728F,"Texto Consolidado, Ley N°. 168, Ley que Prohíbe el Tráfico de Desechos Peligrosos y Sustancias Tóxicas",/Normaweb.nsf/xpNormaJuridica.xsp?documentId=829137E86B0C09C006258AC5004D728F&action=openDocument
C0DA4C04ACDE461206258AC5004DFF6C,"Texto Consolidado, Decreto-Ley N°. 1294, Creación de Refugio de Vida Silvestre Río Escalante – Chacocente",/Normaweb.nsf/xpNormaJuridica.xsp?documentId=C0DA4C04ACDE461206258AC5004DFF6C&action=openDocument
0F6E42A9D5C2C9FE06258AC5004E6B92,"Texto Consolidado, Decreto Ejecutivo Nº. 526, Creación de Reserva Genética Forestal",/Normaweb.nsf/xpNormaJuridica.xsp?documentId=0F6E42A9D5C2C9FE06258AC5004E6B92&action=openDocument
AD55C588841C341006258AC9004D347E,"Texto Consolidado, Ley Nº. 297, Ley General de Servicios de Agua Potable y Alcantarillado Sanitario",/Normaweb.nsf/xpNormaJuridica.xsp?documentId=AD55C588841C341006258AC9004D347E&action=openDocument
CB917E2B71BB063C06258AC9004DCA2E,"Texto Consolidado, Decreto Ejecutivo N°. 42-91, Declaración de Áreas Protegidas en Varios Cerros Macizos Montañosos, Volcanes y Lagunas del País",/Normaweb.nsf/xpNormaJuridica.xsp?documentId=CB917E2B71BB063C06258AC9004DCA2E&action=openDocument
2C926E1D130AF39E06258AC9004E7437,"Texto Consolidado, Ley Nº. 585, Ley de Veda para el Corte, Aprovechamiento y Comercialización del Recurso Forestal",/Normaweb.nsf/xpNormaJuridica.xsp?documentId=2C926E1D130AF39E06258AC9004E7437&action=openDocument
D59232C9185C907006258AC9004F299E,"Texto Consolidado, Decreto-Ley N°. 1194, Creación del Parque Nacional Archipiélago Zapatera",/Normaweb.nsf/xpNormaJuridica.xsp?documentId=D59232C9185C907006258AC9004F299E&action=openDocument
848B777DAC7AE2FD06258AC9006E6890,"Texto Consolidado, Decreto Ejecutivo N°. 35-93, Declaración de Área Natural Protegida El Chocoyero - El Brujo",/Normaweb.nsf/xpNormaJuridica.xsp?documentId=848B777DAC7AE2FD06258AC9006E6890&action=openDocument
B422247DDCD4E4A406258AC9006F195A,"Texto Consolidado, Decreto Ejecutivo Nº. 6-96, Creación del Parque Histórico Nacional Loma de Tiscapa",/Normaweb.nsf/xpNormaJuridica.xsp?documentId=B422247DDCD4E4A406258AC9006F195A&action=openDocument
D4BA16553FBB0C3406258AC9006F9894,"Texto Consolidado, Decreto Ejecutivo N°. 45-98, Disposiciones para la Fijación de las Tarifas en el Sector de Agua Potable y Alcantarillado Sanitario",/Normaweb.nsf/xpNormaJuridica.xsp?documentId=D4BA16553FBB0C3406258AC9006F9894&action=openDocument
758EBB18BA79C1F006258ACA005905F3,"Texto Consolidado, Decreto Ejecutivo Nº. 36-2002, Para la Administración del Sistema de Evaluación Ambiental en las Regiones Autónomas de la Costa Caribe",/Normaweb.nsf/xpNormaJuridica.xsp?documentId=758EBB18BA79C1F006258ACA005905F3&action=openDocument
C31F16E677EE854806258ACA0059A7BE,"Texto Consolidado, Decreto Ejecutivo Nº. 50-2010, Reglamento de la Ley Especial de los Comités de Agua Potable y Saneamiento (CAPS)",/Normaweb.nsf/xpNormaJuridica.xsp?documentId=C31F16E677EE854806258ACA0059A7BE&action=openDocument
E1C33D6EE9DCDD6C06258ACA005A0FAA,"Texto Consolidado, Decreto Ejecutivo Nº. 77-2003, De Establecimiento de las Disposiciones que Regulan las Descargas de Aguas Residuales Domésticas Provenientes de los Sistemas de Tratamiento en el Lago Xolotlán",/Normaweb.nsf/xpNormaJuridica.xsp?documentId=E1C33D6EE9DCDD6C06258ACA005A0FAA&action=openDocument
1010EBE9C819253206258ACA005A7D4E,"Texto Consolidado, Decreto Ejecutivo N°. 33-2011, Reglamento del Registro Público Nacional de Derechos de Agua y de Prestadores de Servicios",/Normaweb.nsf/xpNormaJuridica.xsp?documentId=1010EBE9C819253206258ACA005A7D4E&action=openDocument
4E68F23237EBADB006258ACA005ADD42,"Texto Consolidado, Decreto Ejecutivo Nº. 20-2008, Cobro para Coadyuvar con la Conservación y Protección de los Acuíferos",/Normaweb.nsf/xpNormaJuridica.xsp?documentId=4E68F23237EBADB006258ACA005ADD42&action=openDocument
80F73FDFE94791A306258AC100592A2C,"Texto Consolidado, Ley N°. 747, Ley para la Protección y el Bienestar de los Animales Domésticos y Animales Silvestres Domesticados",/Normaweb.nsf/xpNormaJuridica.xsp?documentId=80F73FDFE94791A306258AC100592A2C&action=openDocument
3D9FA7D4D181914F06258AB30051C9F6,"Texto Consolidado, Ley N°. 407, Ley que Declara y Define la Reserva de la Biosfera Bosawas",/Normaweb.nsf/xpNormaJuridica.xsp?documentId=3D9FA7D4D181914F06258AB30051C9F6&action=openDocument
4C03359BDAEB1605062589CF004E0169,De Creación de la Política Nacional para Evitar la Deforestación y Degradación de los Bosques,/Normaweb.nsf/xpNormaJuridica.xsp?documentId=4C03359BDAEB1605062589CF004E0169&action=openDocument
B0544B90D35992DD062588FB00718937,Ley Creadora del Parque Zoológico Nacional,/Normaweb.nsf/xpNormaJuridica.xsp?documentId=B0544B90D35992DD062588FB00718937&action=openDocument
C5CB3BB63F513A3B062588E80052E4C8,Declaración de Reserva Silvestre Privada Finca La Lombriz,/Normaweb.nsf/xpNormaJuridica.xsp?documentId=C5CB3BB63F513A3B062588E80052E4C8&action=openDocument
43162374B9CBE615062588E80053CA57,"Declaración de Reserva Silvestre Privada Finca ""Matiz de MLR Forestal""",/Normaweb.nsf/xpNormaJuridica.xsp?documentId=43162374B9CBE615062588E80053CA57&action=openDocument
251922443269E16B062588E9006B3204,Declaración de Reserva Silvestre Privada Finca San Juan,/Normaweb.nsf/xpNormaJuridica.xsp?documentId=251922443269E16B062588E9006B3204&action=openDocument
0404E60D225D0ACF062588E2006EE9F8,Ley del Digesto Jurídico Nicaragüense de la Materia de Medio Ambiente y Recursos Naturales,/Normaweb.nsf/xpNormaJuridica.xsp?documentId=0404E60D225D0ACF062588E2006EE9F8&action=openDocument
DCC83AD1D3339BCC0625894F005E2ED7,"Texto Consolidado, Decreto-Ley Nº. 1294, Creación de Refugio de Vida Silvestre Río Escalante – Chacocente",/Normaweb.nsf/xpNormaJuridica.xsp?documentId=DCC83AD1D3339BCC0625894F005E2ED7&action=openDocument
C47C6AE1368EE2330625894F005DCA72,"Texto Consolidado, Ley Nº. 79, Ley Creadora del Parque Nacional Volcán Masaya",/Normaweb.nsf/xpNormaJuridica.xsp?documentId=C47C6AE1368EE2330625894F005DCA72&action=openDocument
AD022D8A1A88428B0625894F005E86FD,"Texto Consolidado, Decreto N°. 1320, Creación de Reservas Naturales en el Pacifico de Nicaragua",/Normaweb.nsf/xpNormaJuridica.xsp?documentId=AD022D8A1A88428B0625894F005E86FD&action=openDocument
1C7B43FC27F493A30625894F005EB590,"Texto Consolidado, Decreto Ejecutivo Nº. 526, Creación de Reserva Genética Forestal",/Normaweb.nsf/xpNormaJuridica.xsp?documentId=1C7B43FC27F493A30625894F005EB590&action=openDocument
4AB3015ED34952480625894F005EEFD2,"Texto Consolidado, Ley Nº. 168, Ley que Prohíbe el Tráfico de Desechos Peligrosos y Sustancias Tóxicas",/Normaweb.nsf/xpNormaJuridica.xsp?documentId=4AB3015ED34952480625894F005EEFD2&action=openDocument
9A31CB1F5E477A1C0625894F005F2D79,"Texto Consolidado, Ley Nº. 217, Ley General del Medio Ambiente y los Recursos Naturales",/Normaweb.nsf/xpNormaJuridica.xsp?documentId=9A31CB1F5E477A1C0625894F005F2D79&action=openDocument
8056A624E874E3700625894F005F8756,"Texto Consolidado, Ley Nº. 276, Ley de Creación de la Empresa Nicaragüense de Acueductos y Alcantarillados Sanitarios (ENACAL)",/Normaweb.nsf/xpNormaJuridica.xsp?documentId=8056A624E874E3700625894F005F8756&action=openDocument
CE929583C76417E60625894F005FB526,"Texto Consolidado, Ley Nº. 297, Ley General de Servicios de Agua Potable y Alcantarillado Sanitario",/Normaweb.nsf/xpNormaJuridica.xsp?documentId=CE929583C76417E60625894F005FB526&action=openDocument
1B556FB920CB44D20625894F006014B6,"Texto Consolidado, Ley N°. 407,  Ley que Declara y Define la Reserva de la Biosfera Bosawas",/Normaweb.nsf/xpNormaJuridica.xsp?documentId=1B556FB920CB44D20625894F006014B6&action=openDocument
FDC00CC38A1E4C390625894F00603FBE,"Texto Consolidado, Ley Nº. 462, Ley de Conservación, Fomento y Desarrollo Sostenible del Sector Forestal",/Normaweb.nsf/xpNormaJuridica.xsp?documentId=FDC00CC38A1E4C390625894F00603FBE&action=openDocument
2A50E53B629689C00625894F007B6EC2,"Texto Consolidado, Ley Nº. 585, Ley de Veda para el Corte, Aprovechamiento y Comercialización del Recurso Forestal",/Normaweb.nsf/xpNormaJuridica.xsp?documentId=2A50E53B629689C00625894F007B6EC2&action=openDocument
C38C3726509E84D90625894F007BA2D0,"Texto Consolidado, Ley N°. 722, Ley Especial de Comités de Agua Potable y Saneamiento",/Normaweb.nsf/xpNormaJuridica.xsp?documentId=C38C3726509E84D90625894F007BA2D0&action=openDocument
887D0E62F2E058A70625894F007BED32,"Texto Consolidado, Ley N°. 738, Ley que Declara y Define el Sistema de los Cayos Perlas Como Refugio de Vida Silvestre",/Normaweb.nsf/xpNormaJuridica.xsp?documentId=887D0E62F2E058A70625894F007BED32&action=openDocument
623D076D13B2D2830625894F007C075E,"Texto Consolidado, Ley N°. 747, Ley para la Protección y el Bienestar de los Animales Domésticos y Animales Silvestres Domesticado",/Normaweb.nsf/xpNormaJuridica.xsp?documentId=623D076D13B2D2830625894F007C075E&action=openDocument
B2D29835646D8E260625894F007CB001,"Texto Consolidado, Ley N°. 807, Ley de Conservación y Utilización Sostenible de la Diversidad Biológica",/Normaweb.nsf/xpNormaJuridica.xsp?documentId=B2D29835646D8E260625894F007CB001&action=openDocument
9B188FC0347416700625894F007CCF65,"Texto Consolidado, Ley Nº. 833, Ley que Declara y Define los Límites de la Reserva de Biosfera de la Isla de Ometepe",/Normaweb.nsf/xpNormaJuridica.xsp?documentId=9B188FC0347416700625894F007CCF65&action=openDocument
B94717329F8F598D06258950005BE7E5,"Texto Consolidado, Decreto Ejecutivo Nº. 43-91, Declaración de la Reserva Biológica Marina Cayos Mískitos y Franja Costera Inmediata",/Normaweb.nsf/xpNormaJuridica.xsp?documentId=B94717329F8F598D06258950005BE7E5&action=openDocument
BBBD3F4EABA0693F06258950005C5874,"Texto Consolidado, Decreto-Ley Nº. 1194, Creación del Parque Nacional Archipiélago Zapatera",/Normaweb.nsf/xpNormaJuridica.xsp?documentId=BBBD3F4EABA0693F06258950005C5874&action=openDocument
25CC3E972D6061A306258950005C95A8,"Texto Consolidado, Decreto Ejecutivo N°. 42-91, Declaración de Áreas Protegidas en Varios Cerros Macizos Montañosos, Volcanes y Lagunas del País",/Normaweb.nsf/xpNormaJuridica.xsp?documentId=25CC3E972D6061A306258950005C95A8&action=openDocument
751A97981229892706258950005E9041,"Texto Consolidado, Decreto Ejecutivo N°. 35-93, Declaración de Área Natural Protegida El Chocoyero - El Brujo",/Normaweb.nsf/xpNormaJuridica.xsp?documentId=751A97981229892706258950005E9041&action=openDocument
BB0013CBF9093B3E06258950005F7A9E,"Texto Consolidado, Decreto Ejecutivo Nº. 6-96, Creación del Parque Histórico Nacional Loma de Tiscapa",/Normaweb.nsf/xpNormaJuridica.xsp?documentId=BB0013CBF9093B3E06258950005F7A9E&action=openDocument
A84A64CB33E8572D06258950005FA1E1,"Texto Consolidado, Decreto Ejecutivo N°. 32-97, Reglamento General para el Control de Emisiones de los Vehículos Automotores de Nicaragua",/Normaweb.nsf/xpNormaJuridica.xsp?documentId=A84A64CB33E8572D06258950005FA1E1&action=openDocument
814181A30DB7FFD5062589500060124A,"Texto Consolidado, Decreto Ejecutivo N°. 45-98, Disposiciones para la Fijación de las Tarifas en el Sector de Agua Potable y Alcantarillado Sanitario",/Normaweb.nsf/xpNormaJuridica.xsp?documentId=814181A30DB7FFD5062589500060124A&action=openDocument
7B4986FACF108F3906258950006E8029,"Texto Consolidado, Decreto Ejecutivo N°. 66-99, Actualización y Precisión de Categorías y Límites de las Áreas Protegidas Ubicadas en el Territorio del Sureste de Nicaragua",/Normaweb.nsf/xpNormaJuridica.xsp?documentId=7B4986FACF108F3906258950006E8029&action=openDocument
0FB6D4E90DB7B94B062589500070608E,"Texto Consolidado, Decreto Ejecutivo N°. 21-2002, De Creación de la Oficina Nacional de Desarrollo Limpio",/Normaweb.nsf/xpNormaJuridica.xsp?documentId=0FB6D4E90DB7B94B062589500070608E&action=openDocument
3C2354E26D2F6C42062589500071BACD,"Texto Consolidado, Decreto Ejecutivo Nº. 36-2002, Para la Administración del Sistema de Evaluación Ambiental en las Regiones Autónomas de la Costa Caribe",/Normaweb.nsf/xpNormaJuridica.xsp?documentId=3C2354E26D2F6C42062589500071BACD&action=openDocument
CE563154073C585E062589500072193B,"Texto Consolidado, Decreto Ejecutivo Nº. 77-2003, De Establecimiento de las Disposiciones que Regulan las Descargas de Aguas Residuales Domésticas Provenientes de los Sistemas de Tratamiento en el Lago Xolotlán",/Normaweb.nsf/xpNormaJuridica.xsp?documentId=CE563154073C585E062589500072193B&action=openDocument
7F34C27CFBF486A80625895000724F90,"Texto Consolidado, Decreto Ejecutivo Nº. 8-2005, De Creación del Comité Nacional del Hombre y la Biosfera",/Normaweb.nsf/xpNormaJuridica.xsp?documentId=7F34C27CFBF486A80625895000724F90&action=openDocument
CC977C8752DF53550625895000727A7A,"Texto Consolidado, Decreto Ejecutivo Nº. 91-2005, De Política Nacional para la Gestión Integral de Sustancias y Residuos Peligrosos",/Normaweb.nsf/xpNormaJuridica.xsp?documentId=CC977C8752DF53550625895000727A7A&action=openDocument
CFF2FBAB6A41A60C062589500072A19A,"Texto Consolidado, Decreto Ejecutivo Nº. 20-2008, Cobro para Coadyuvar con la Conservación y Protección de los Acuíferos",/Normaweb.nsf/xpNormaJuridica.xsp?documentId=CFF2FBAB6A41A60C062589500072A19A&action=openDocument
0DEFF1D487DFBA9A062589500072CFA8,"Texto Consolidado, Decreto Ejecutivo Nº. 69-2008, Política Nacional de Desarrollo Sostenible del Sector Forestal de Nicaragua",/Normaweb.nsf/xpNormaJuridica.xsp?documentId=0DEFF1D487DFBA9A062589500072CFA8&action=openDocument
0F911ABE0636BA7C062589500073020F,"Texto Consolidado, Decreto Ejecutivo Nº. 9-96, Reglamento de la Ley General del Medio Ambiente y los Recursos Naturales",/Normaweb.nsf/xpNormaJuridica.xsp?documentId=0F911ABE0636BA7C062589500073020F&action=openDocument
EA096260D1D65B13062589500073C53B,"Texto Consolidado, Decreto Ejecutivo Nº. 52-98, Reglamento de la Ley General de Servicios de Agua Potable y Alcantarillado Sanitario",/Normaweb.nsf/xpNormaJuridica.xsp?documentId=EA096260D1D65B13062589500073C53B&action=openDocument
6704FDE64817119F06258950007433DF,"Texto Consolidado, Decreto Ejecutivo Nº. 91-2001, Reglamento del Fondo Nacional del Ambiente",/Normaweb.nsf/xpNormaJuridica.xsp?documentId=6704FDE64817119F06258950007433DF&action=openDocument
B3CFEAE7A0291B790625895000747343,"Texto Consolidado, Decreto Ejecutivo Nº. 73-2003,  Reglamento de La Ley Nº. 462, Ley de Conservación, Fomento y Desarrollo Sostenible del Sector Forestal",/Normaweb.nsf/xpNormaJuridica.xsp?documentId=B3CFEAE7A0291B790625895000747343&action=openDocument
FB7AAA66A15F1652062589500074EE73,"Texto Consolidado, Decreto Ejecutivo N°. 01-2007, Reglamento de Áreas Protegidas de Nicaragua",/Normaweb.nsf/xpNormaJuridica.xsp?documentId=FB7AAA66A15F1652062589500074EE73&action=openDocument
344F81041159DB3406258950007507E7,"Texto Consolidado, Decreto EJecutivo Nº. 50-2010, Reglamento de la Ley Especial de los Comités de Agua Potable y Saneamiento (CAPS)",/Normaweb.nsf/xpNormaJuridica.xsp?documentId=344F81041159DB3406258950007507E7&action=openDocument
9577099EA073C5DB06258950007587D8,"Texto Consolidado, Dereto Ejecutivo Nº. 33-2011, Registro Público Nacional de Derechos de Agua y de Prestadores de Servicios",/Normaweb.nsf/xpNormaJuridica.xsp?documentId=9577099EA073C5DB06258950007587D8&action=openDocument
5E9B21E6AA42B9E6062589500075F371,"Texto Consolidado, Reglamento Nº. 91-2000, Reglamento para el Control de Sustancias que Agotan la Capa de Ozono",/Normaweb.nsf/xpNormaJuridica.xsp?documentId=5E9B21E6AA42B9E6062589500075F371&action=openDocument
269938278C1E6BEB0625885900720661,"Ley de Reforma a la Ley N°. 462, Ley de Conservación, Fomento y Desarrollo Sostenible del Sector Forestal",/Normaweb.nsf/xpNormaJuridica.xsp?documentId=269938278C1E6BEB0625885900720661&action=openDocument
EBFA03A8337A03FD06258869005263AB,Reglamento para el Control de las Sustancias que Agotan la Capa de Ozono,/Normaweb.nsf/xpNormaJuridica.xsp?documentId=EBFA03A8337A03FD06258869005263AB&action=openDocument
A43FAB1E04985403062588080075E6EC,Decreto Creador del Comité Nacional de Mitigación de Emisiones de Gases de Efecto Invernadero,/Normaweb.nsf/xpNormaJuridica.xsp?documentId=A43FAB1E04985403062588080075E6EC&action=openDocument
DD76413A976692DC062587F3005BD150,Decreto de Aprobación de la Política Nacional de Cambio Climático,/Normaweb.nsf/xpNormaJuridica.xsp?documentId=DD76413A976692DC062587F3005BD150&action=openDocument
DFC6A0E8395BB31D062587D00057C862,"Decreto para la Suspensión de la Veda para el Corte, Aprovechamiento, Transporte y Comercialización de Árboles de la Especie de Cedro Real y Pochote",/Normaweb.nsf/xpNormaJuridica.xsp?documentId=DFC6A0E8395BB31D062587D00057C862&action=openDocument
32C46356AC2D6CC7062587D0005845E7,"Decreto para la Suspensión de la Veda para el Corte, Aprovechamiento, Transporte y Comercialización de Árboles de la Especie de Pino",/Normaweb.nsf/xpNormaJuridica.xsp?documentId=32C46356AC2D6CC7062587D0005845E7&action=openDocument
1F70AC98D24C93F506258773005929DF,"Ley que Declara y Define Corn Island, Little Corn Island y Blowing Rock, como Área Protegida de Paisaje Terrestre y Marino Protegidos",/Normaweb.nsf/xpNormaJuridica.xsp?documentId=1F70AC98D24C93F506258773005929DF&action=openDocument
42F50922BA07F10F0625870D0075155B,Decreto de Aprobación de la Adhesión al Acuerdo de Establecimiento del Instituto Global para el Crecimiento Verde,/Normaweb.nsf/xpNormaJuridica.xsp?documentId=42F50922BA07F10F0625870D0075155B&action=openDocument
10E07EBCEE5CA70C06258710007A6C2E,Acuerdo para el Establecimiento del Instituto Global para el Crecimiento Verde,/Normaweb.nsf/xpNormaJuridica.xsp?documentId=10E07EBCEE5CA70C06258710007A6C2E&action=openDocument
0A41BC6245ED9C1F06258709006BC1BF,"(RECONOCER Y APROBAR COMO RESERVA SILVESTRE PRIVADA LA PROPIEDAD DENOMINADA ""HACIENDA EL PITAL"" UBICADA EN LA COMARCA BUENA VISTA, MUNICIPIO DE EL VIEJO, DEPARTAMENTO DE CHINANDEGA)",/Normaweb.nsf/xpNormaJuridica.xsp?documentId=0A41BC6245ED9C1F06258709006BC1BF&action=openDocument
E2E3398EAA5DB7D706258711005E27BA,"(RECONOCER Y APROBAR COMO RESERVA SILVESTRE PRIVADA LA PROPIEDAD DENOMINADA ""FINCA SANTA FE"", UBICADA EN LA COMUNIDAD FILA GRANDE, GRANDE, MUNICIPIO DE MATIGUAS, DEPARTAMENTO DE MATAGALPA)",/Normaweb.nsf/xpNormaJuridica.xsp?documentId=E2E3398EAA5DB7D706258711005E27BA&action=openDocument
F0E9CC51D3075639062587060060104E,Decreto de Creación del Sistema Nacional de Gestión del Cambio Climático y Establecimiento de los Principios y Lineamientos de la Política Nacional de Cambio Climático,/Normaweb.nsf/xpNormaJuridica.xsp?documentId=F0E9CC51D3075639062587060060104E&action=openDocument
A7CD882DE0154929062586DF006EACC1,"(RECONOCER Y APROBAR COMO RESERVA SILVESTRE PRIVADA LA PROPIEDAD DENOMINADA FINCA ""RANCHO DE JUANCHO"", UBICADA EN LA COMARCA EL COBANO  DEL MUNICIPIO DE JUIGALPA, DEPARTAMENTO DE CHONTALES)",/Normaweb.nsf/xpNormaJuridica.xsp?documentId=A7CD882DE0154929062586DF006EACC1&action=openDocument
C67F6BA28B490BE3062586DF0073F7B1,"(RECONOCER Y APROBAR COMO PARQUE ECOLÓGICO MUNICIPAL ""LAS MADRES"", UBICADO EN EL MUNICIPIO DE SAN RAFAEL DEL NORTE, DEPARTAMENTO DE JINOTEGA)",/Normaweb.nsf/xpNormaJuridica.xsp?documentId=C67F6BA28B490BE3062586DF0073F7B1&action=openDocument
EF9CD93FAA0CD51C0625867000755C05,Ley que Declara y Define Reserva de Biosfera del Caribe Nicaragüense,/Normaweb.nsf/xpNormaJuridica.xsp?documentId=EF9CD93FAA0CD51C0625867000755C05&action=openDocument
F184630E6323ACD2062586610057DE31,"Decreto para la Suspensión de la Veda para el Corte, Aprovechamiento, Transporte y Comercialización de Árboles de la Especie de Pino",/Normaweb.nsf/xpNormaJuridica.xsp?documentId=F184630E6323ACD2062586610057DE31&action=openDocument
17A1FFFA0345059006258661007266E3,"Decreto para la Suspensión de la Veda para el Corte, Aprovechamiento, Transporte y Comercialización de Árboles de la Especie de Cedro Real y Pochote",/Normaweb.nsf/xpNormaJuridica.xsp?documentId=17A1FFFA0345059006258661007266E3&action=openDocument
F04F263CB6C69BB20625863900620465,REQUISITOS PARA LA EXPORTACIÓN DE LOS RESIDUOS PLÁSTICOS NO PELIGROSOS,/Normaweb.nsf/xpNormaJuridica.xsp?documentId=F04F263CB6C69BB20625863900620465&action=openDocument
84E79CBBEB30FF250625862C006F0F1A,Decreto de Adhesión a la Enmienda de Prohibición del Convenio de Basilea Sobre el Control de los Movimientos Transfronterizos de los Desechos Peligrosos y su Eliminación,/Normaweb.nsf/xpNormaJuridica.xsp?documentId=84E79CBBEB30FF250625862C006F0F1A&action=openDocument
EE43765B9EB46F8206258631005832C9,ESTABLECER LOS REQUISITOS ADMINISTRATIVO PARA LA IMPORTACIÓN DE LOS RESIDUOS PLÁSTICOS NO PELIGROSOS,/Normaweb.nsf/xpNormaJuridica.xsp?documentId=EE43765B9EB46F8206258631005832C9&action=openDocument
D730A9E0DA470B6A0625862B0058F7A9,"Ley de Reforma a la Ley N°. 620, Ley General de Aguas Nacionales",/Normaweb.nsf/xpNormaJuridica.xsp?documentId=D730A9E0DA470B6A0625862B0058F7A9&action=openDocument
B31329E3EA138B5006258607006E1CEC,"(RECONOCER Y APROBAR COMO PARQUE ECOLÓGICO MUNICIPAL DENOMINADO ""RÍO JESÚS"", DECLARADO POR LA ALCALDÍA MUNICIPAL DEL PODER CIUDADANO DEL MUNICIPIO DE EL CRUCERO)",/Normaweb.nsf/xpNormaJuridica.xsp?documentId=B31329E3EA138B5006258607006E1CEC&action=openDocument
641F3FD6629017830625860700722018,(RECONOCER Y APROBAR COMO RESERVA SILVESTRE PRIVADA LA PROPIEDAD DENOMINADA FINCA PALESTINA),/Normaweb.nsf/xpNormaJuridica.xsp?documentId=641F3FD6629017830625860700722018&action=openDocument
82833E405EEB64E4062586070072AE24,"(RECONOCER Y APROBAR COMO PARQUE ECOLÓGICO MUNICIPAL DENOMINADO ""ISLAS LAS BALSILLAS"", DECLARADO POR LAS ALCALDÍAS MUNICIPALES DEL PODER CIUDADANO DEL MUNICIPIO DE SAN CARLOS)",/Normaweb.nsf/xpNormaJuridica.xsp?documentId=82833E405EEB64E4062586070072AE24&action=openDocument
DE04AA806656FBD90625860700731551,"(RECONOCER Y APROBAR COMO PARQUE ECOLÓGICO MUNICIPAL DENOMINADO ""MIRADOR CERRO EL CALVARIO"", DECLARADO POR LAS ALCALDÍAS MUNICIPALES DEL PODER CIUDADANOS DEL MUNICIPIO DE MATAGALPA)",/Normaweb.nsf/xpNormaJuridica.xsp?documentId=DE04AA806656FBD90625860700731551&action=openDocument
CF0FE16E815D190906258608005E18B3,(RECONOCER Y APROBAR COMO RESERVA SILVESTRE PRIVADA LA PROPIEDAD DENOMINADA FINCA INMACULADA),/Normaweb.nsf/xpNormaJuridica.xsp?documentId=CF0FE16E815D190906258608005E18B3&action=openDocument
21FB53D62EA7782206258608006FEAE0,"(RECONOCER Y APROBAR COMO PARQUE ECOLÓGICO MUNICIPAL ""VISTAS DEL SOCAVÓN'', EL CUAL CUENTA CON UNA EXTENSIÓN 1.5 HECTÁREAS EQUIVALENTES A 2.13 MANZANAS, UBICADO EN LA COMUNIDAD LAS MOJARRAS, MUNICIPIO DE EL JICARAL, DEPARTAMENTO DE LEÓN)",/Normaweb.nsf/xpNormaJuridica.xsp?documentId=21FB53D62EA7782206258608006FEAE0&action=openDocument
70260D87174FA7B2062586080071D55E,"(RECONOCER Y APROBAR COMO PARQUE ECOLÓGICO MUNICIPAL DENOMINADO ""ISLAS DE CACAGUAPA"" (EL MUERTO, LA REDONDA, LA GRANDA E ISLA ROSA), DECLARADO POR LA ALCALDÍA MUNICIPAL DEL PODER CIUDADANO DEL MUNICIPIO DE JUIGALPA EN EL DEPARTAMENTO DE CHONTALES)",/Normaweb.nsf/xpNormaJuridica.xsp?documentId=70260D87174FA7B2062586080071D55E&action=openDocument
B66F9060431F0A50062586080071FB75,"(RECONOCER Y APROBAR COMO PARQUE ECOLÓGICO MUNICIPAL DENOMINADO ""CERRO MIRAMAR"" DECLARADO POR LA ALCALDÍA MUNICIPAL DEL PODER CIUDADANO DEL MUNICIPIO DE PUERTO CABEZAS)",/Normaweb.nsf/xpNormaJuridica.xsp?documentId=B66F9060431F0A50062586080071FB75&action=openDocument
DAD42ECAE33C12FA0625860800722933,"(RECONOCER Y APROBAR COMO PARQUE ECOLÓGICO MUNICIPAL ""LOMAS DE MÍ PUEBLO"", DECLARADO POR LA ALCALDÍA MUNICIPAL DEL PODER CIUDADANO, DEL DEPARTAMENTO DE GRANADA)",/Normaweb.nsf/xpNormaJuridica.xsp?documentId=DAD42ECAE33C12FA0625860800722933&action=openDocument
ADAB72B66C9EDC41062586080077073E,(RECONOCER Y APROBAR COMO RESERVA SILVESTRE PRIVADA LA PROPIEDAD DENOMINADA LAS FLORES),/Normaweb.nsf/xpNormaJuridica.xsp?documentId=ADAB72B66C9EDC41062586080077073E&action=openDocument
9901912CADCAB438062585FB006DAE40,"Ley de Reforma a la Ley N°. 738, “Ley que Declara y Define el Sistema de los Cayos Perlas como Refugio de Vida Silvestre”.",/Normaweb.nsf/xpNormaJuridica.xsp?documentId=9901912CADCAB438062585FB006DAE40&action=openDocument
D7BB780853E3B07E062585F8005F7511,"REFORMA A LA RESOLUCIÓN EJECUTIVA NO. 046-2019 MEDIDAS SANITARIAS PARA LA ELABORACIÓN, DISTRIBUCIÓN, MAQUILA, ALMACENAMIENTO, REGISTRO, IMPORTACIÓN, EXPORTACIÓN, COMERCIALIZACIÓN, TENENCIA, VENTA O ADQUISICIÓN DE KETAMINA (CLORHIDRATO DE 2-(O-CLOROFENIL)-2-METILAMINO CICLOHEXANONA) O MEDICAMENTOS VETERINARIOS QUE LA CONTIENEN",/Normaweb.nsf/xpNormaJuridica.xsp?documentId=D7BB780853E3B07E062585F8005F7511&action=openDocument
0E75E07414C943CA062585D800705751,DE RATIFICACIÓN DE LA “ENMIENDA DEL PROTOCOLO DE MONTREAL RELATIVO A LAS SUSTANCIAS QUE AGOTAN LA CAPA DE OZONO”,/Normaweb.nsf/xpNormaJuridica.xsp?documentId=0E75E07414C943CA062585D800705751&action=openDocument
D8DA2966CE42D4AD062585BD007E1EBE,DECRETO DE APROBACIÓN DE LA ENMIENDA DEL PROTOCOLO DE MONTREAL RELATIVO A LAS SUSTANCIAS QUE AGOTAN LA CAPA DE OZONO,/Normaweb.nsf/xpNormaJuridica.xsp?documentId=D8DA2966CE42D4AD062585BD007E1EBE&action=openDocument
9354B24514B6D14F062575E5005F6ADE,"DECRETO DE ADHESIÓN AL ""ACUERDO SOBRE MEDIDAS DEL ESTADO RECTOR DEL PUERTO, DESTINADAS A PREVENIR, DESALENTAR Y ELIMINAR LA PESCA ILEGAL, NO DECLARADA Y NO REGLAMENTADA""",/Normaweb.nsf/xpNormaJuridica.xsp?documentId=9354B24514B6D14F062575E5005F6ADE&action=openDocument
D080D86720F3C082062585500073EA2E,"DE RATIFICACIÓN DEL “ PROTOCOLO DE NAGOYA SOBRE ACCESO A LOS RECURSOS GENÉTICOS Y PARTICIPACIÓN JUSTA Y EQUITATIVA EN LOS BENEFICIOS QUE SE DERIVAN DE SU UTILIZACIÓN AL CONVENIO SOBRE LA DIVERSIDAD BIOLÓGICA""",/Normaweb.nsf/xpNormaJuridica.xsp?documentId=D080D86720F3C082062585500073EA2E&action=openDocument
6780FC7FDA9C52C606258550006EBA1F,"(DÉJESE SIN EFECTO LAS TARIFAS ESTABLECIDAS EN EL ACUERDO MINISTERIAL N°. 006-2012, Y APRUÉBESE LA TARIFA MENSUAL POR EL SERVICIO DE INSPECCIÓN SANITARIA EFECTUADA POR LA DIRECCIÓN DE INOCUIDAD AGROALIMENTARIA-DIA)",/Normaweb.nsf/xpNormaJuridica.xsp?documentId=6780FC7FDA9C52C606258550006EBA1F&action=openDocument
73EAE9949DFC12C1062585280061416D,DECRETO DE APROBACIÓN DEL PROTOCOLO NAGOYA SOBRE ACCESO A LOS RECURSOS GENÉTICO Y PARTICIPACIÓN JUSTA Y EQUITATIVA EN LOS BENEFICIOS QUE SE DERIVEN DE SU UTILIZACIÓN AL CONVENIO SOBRE DIVERSIDAD BIOLÓGICA,/Normaweb.nsf/xpNormaJuridica.xsp?documentId=73EAE9949DFC12C1062585280061416D&action=openDocument
6BC12F114A33A9BF062584F80055AA7A,"Decreto para la Suspensión de la Veda para el Corte, Aprovechamiento, Transporte y Comercialización de Árboles de la Especie Cedro Real y Pochote",/Normaweb.nsf/xpNormaJuridica.xsp?documentId=6BC12F114A33A9BF062584F80055AA7A&action=openDocument
1B844898B115C8F6062584F80055DACB,"Decreto para la Suspensión de la Veda para el Corte, Aprovechamiento, Transporte y Comercialización de Árboles de la Especie de Pino",/Normaweb.nsf/xpNormaJuridica.xsp?documentId=1B844898B115C8F6062584F80055DACB&action=openDocument
6C361EC5316FFBAB062584E70067FA69,"(RECONOCER Y APROBAR COMO PARQUE ECOLÓGICO MUNICIPAL DENOMINADO ""CERRO CANTA GALLO"", DECLARADO POR LAS ALCALDÍAS MUNICIPALES DEL PODER CIUDADANOS EN LOS MUNICIPIOS DE CONDEGA EN EL DEPARTAMENTO DE ESTELÍ Y TELPANECA EN EL DEPARTAMENTO DE MADRIZ)",/Normaweb.nsf/xpNormaJuridica.xsp?documentId=6C361EC5316FFBAB062584E70067FA69&action=openDocument
404410B5E094A15D062584E70068223A,"(RECONOCER Y APROBAR COMO RESERVA SILVESTRE PRIVADA LA PROPIEDAD DENOMINADA FINCA DOMITILA, PROPIEDAD DE LA EMPRESA NUNIVAK HOLDINGS INC, CONFORMADA POR UN TOTAL DE 245 HA, DE LAS CUALES 200.98 HA, ESTÁN SIENDO DESTINADAS COMO RESERVA SILVESTRE PRIVADA)",/Normaweb.nsf/xpNormaJuridica.xsp?documentId=404410B5E094A15D062584E70068223A&action=openDocument
03AFCC8749DF9ADA062584E7006AE724,"(RECONOCER Y APROBAR COMO RESERVA SILVESTRE PRIVADA LA PROPIEDAD DENOMINADA FINCA BOSQUES DE SAN ANDRÉS, PROPIEDAD DEL SEÑOR ENRIQUE JOSÉ GÓMEZ TORUÑO, CONFORMADA POR UN TOTAL DE 80 HA. DE LAS CUALES 23 HECTÁREAS, ESTÁN SIENDO DESTINADAS COMO RESERVA SILVESTRE PRIVADA)",/Normaweb.nsf/xpNormaJuridica.xsp?documentId=03AFCC8749DF9ADA062584E7006AE724&action=openDocument
1DDB7E0DD28A6F4A062584F6006EFF04,"Prohibición de Elaboración, Importación, Comercialización, Exportación, Uso, Registro, Renovación, Refrenda, Almacenamiento, Transporte o Tenencia de Etoxiquina como Aditivo y en Productos Utilizados que la Contienen.",/Normaweb.nsf/xpNormaJuridica.xsp?documentId=1DDB7E0DD28A6F4A062584F6006EFF04&action=openDocument
E6914FF9F167E4EB062584E90078F1DE,"Decreto de Ratificación del “Acuerdo Regional sobre el Acceso a la Información, la Participación Pública y el Acceso a la Justicia en Asuntos Ambientales en América Latina y el Caribe”",/Normaweb.nsf/xpNormaJuridica.xsp?documentId=E6914FF9F167E4EB062584E90078F1DE&action=openDocument
62310B74AC7E885A062584F2007D3D66,"Decreto de Aprobación del ""Acuerdo Regional sobre el Acceso a la Información, la Participación Pública y el Acceso a la Justicia en Asuntos Ambientales en América Latina y el Caribe""",/Normaweb.nsf/xpNormaJuridica.xsp?documentId=62310B74AC7E885A062584F2007D3D66&action=openDocument
A1E62D13D0D27ED2062584A1006FE5C0,"Reglamento a la Ley N°. 807, Ley de Conservación y Utilización Sostenible de la Diversidad Biológica",/Normaweb.nsf/xpNormaJuridica.xsp?documentId=A1E62D13D0D27ED2062584A1006FE5C0&action=openDocument
01C5E62A02E2F1E306258411005FB229,"De Ratificación de ""La Enmienda de Doha al Protocolo de Kyoto de la Convención Marco de las Naciones Unidas sobre el Cambio Climático""",/Normaweb.nsf/xpNormaJuridica.xsp?documentId=01C5E62A02E2F1E306258411005FB229&action=openDocument
78D124DF0EDEB7980625840F007D3307,Decreto de Aprobación de la Enmienda de Doha al Protocolo de Kyoto de la Convención Marco de las Naciones Unidas sobre el Cambio Climático,/Normaweb.nsf/xpNormaJuridica.xsp?documentId=78D124DF0EDEB7980625840F007D3307&action=openDocument
2AA845F404D355C6062583A0005A2819,Decreto para Establecer la Política Nacional de Mitigación y Adaptación al Cambio Climático y de Creación del Sistema Nacional de Respuesta al Cambio Climático,/Normaweb.nsf/xpNormaJuridica.xsp?documentId=2AA845F404D355C6062583A0005A2819&action=openDocument
D5D61F5C800BDF360625838D00711324,"Decreto, Reglamentando el Procedimiento para la Aprobación e Implementación de los Incentivos Forestales",/Normaweb.nsf/xpNormaJuridica.xsp?documentId=D5D61F5C800BDF360625838D00711324&action=openDocument
45A0A072CCD6FE770625838B0050A030,"Decreto para la Suspensión de la Veda para el Corte, Aprovechamiento, Transporte y Comercialización de Árboles de la Especie Cedro Real y Pochote",/Normaweb.nsf/xpNormaJuridica.xsp?documentId=45A0A072CCD6FE770625838B0050A030&action=openDocument
94FBBC48E689AF4F062583850072FACB,"Decreto para la Suspensión de la Veda para el Corte, Aprovechamiento, Transporte y Comercialización de Árboles de la Especie de Pino",/Normaweb.nsf/xpNormaJuridica.xsp?documentId=94FBBC48E689AF4F062583850072FACB&action=openDocument
60A7585E9DF2DAD706258217006DC36D,"Decreto para la Suspensión de la Veda para el Corte, Aprovechamiento, Transporte y Comercialización de Árboles de la Especie de Pino",/Normaweb.nsf/xpNormaJuridica.xsp?documentId=60A7585E9DF2DAD706258217006DC36D&action=openDocument
FE30536344458809062582100060F7D4,INSUMOS AGRICOLAS. BIO INSUMOS Y SUSTANCIAS AFINES. REQUISITOS DE REGISTRO,/Normaweb.nsf/xpNormaJuridica.xsp?documentId=FE30536344458809062582100060F7D4&action=openDocument
A35CF61591AD2D57062581F30056F9EC,Reglamento en el que se Establecen las Disposiciones para el Vertido de Aguas Residuales,/Normaweb.nsf/xpNormaJuridica.xsp?documentId=A35CF61591AD2D57062581F30056F9EC&action=openDocument
907D4E65C363CC8D062583520054FE79,Sistema de Evaluación Ambiental de Permisos y Autorizaciones para el Uso Sostenible de los Recursos Naturales,/Normaweb.nsf/xpNormaJuridica.xsp?documentId=907D4E65C363CC8D062583520054FE79&action=openDocument
C34983AE9309FEF6062587F10064126C,Actualización del Sistema de Evaluación Ambiental de Permisos y Autorizaciones para el Uso Sostenible de los Recursos Naturales.,/Normaweb.nsf/xpNormaJuridica.xsp?documentId=C34983AE9309FEF6062587F10064126C&action=openDocument
2F690BF5D97DC605062588100068A513,Establecer Normativa Ambiental para el Otorgamiento de Autorización Ambiental para el Uso Sostenible de los Suelos Agropecuarios y Forestales,/Normaweb.nsf/xpNormaJuridica.xsp?documentId=2F690BF5D97DC605062588100068A513&action=openDocument
465CBA07446C02A806258155006DC541,ACTUALIZAR EL SISTEMA DE VEDAS PERIODO 2017,/Normaweb.nsf/xpNormaJuridica.xsp?documentId=465CBA07446C02A806258155006DC541&action=openDocument
9249C0471F57ADD2062581AF007C30A9,"(APROBAR EL PLAN DE PROTECCIÓN Y MANEJO DEL ÁREA PROTEGIDA REFUGIO DE VIDA SILVESTRE LA FLOR, CREADO MEDIANTE LEY 217, LEY GENERAL DEL MEDIO AMBIENTE Y LOS RECURSOS NATURALES)",/Normaweb.nsf/xpNormaJuridica.xsp?documentId=9249C0471F57ADD2062581AF007C30A9&action=openDocument
EB4114C230E6CC59062580B100601A1C,"Decreto Para la Suspensión de la Veda para el Corte, Aprovechamiento, Transporte y Comercialización de Arboles de la Especie de Pino",/Normaweb.nsf/xpNormaJuridica.xsp?documentId=EB4114C230E6CC59062580B100601A1C&action=openDocument
B67F14116007B7770625807C0080C14A,Ley Creadora de la Comisión Nacional de Registro y Control de Sustancias Tóxicas (CNRCST),/Normaweb.nsf/xpNormaJuridica.xsp?documentId=B67F14116007B7770625807C0080C14A&action=openDocument
A04C40D6D3F5B33306257FEA00531DEB,Renovación de la Veda para el Corte Aprovechamiento y Comercialización de Recursos Forestales.,/Normaweb.nsf/xpNormaJuridica.xsp?documentId=A04C40D6D3F5B33306257FEA00531DEB&action=openDocument
2222B0E1814AEB18062582F8007D98D7,Actualizar Sistema de Vedas Período 2016,/Normaweb.nsf/xpNormaJuridica.xsp?documentId=2222B0E1814AEB18062582F8007D98D7&action=openDocument
DC2BA489CBC561AE06257F6F007C4D41,"Ley de Reforma a la Ley N°. 276, Ley de Creación de la Empresa Nicaragüense de Acueductos y Alcantarillados Sanitarios (ENACAL)",/Normaweb.nsf/xpNormaJuridica.xsp?documentId=DC2BA489CBC561AE06257F6F007C4D41&action=openDocument
99B5C8769160710A06257F3E00620F52,"Suspensión de la Veda para el Corte, Aprovechamiento y Comercialización de Arboles de Pino",/Normaweb.nsf/xpNormaJuridica.xsp?documentId=99B5C8769160710A06257F3E00620F52&action=openDocument
D693A6E4A959DF3406257E960056AB01,"De Adhesión al Convenio Internacional para el Control y la Gestión del Agua de Lastre y los Sedimientos de los Buques, 2004",/Normaweb.nsf/xpNormaJuridica.xsp?documentId=D693A6E4A959DF3406257E960056AB01&action=openDocument
CE478F64C889E57006257D7B007A19B4,"Suspensión de la Veda para el Corte, Aprovechamiento y Comercialización de Árboles de Pino",/Normaweb.nsf/xpNormaJuridica.xsp?documentId=CE478F64C889E57006257D7B007A19B4&action=openDocument
DB15944C550A059806257D77007950A7,"Decreto de Aprobación del ""Convenio de Minamata sobre el Mercurio""  y sus anexos A, B, C, D y E",/Normaweb.nsf/xpNormaJuridica.xsp?documentId=DB15944C550A059806257D77007950A7&action=openDocument
E3391DD403C80A2706257D3A005705C5,"Texto de la Ley Nº. 853 ""Ley para la Transformación y Desarrollo de la Caficultura'', Con sus Reformas Incorporadas",/Normaweb.nsf/xpNormaJuridica.xsp?documentId=E3391DD403C80A2706257D3A005705C5&action=openDocument
F36758445D76082F06258829006FE8E9,(APROBAR EL PLAN DE MANEJO DE LA RESERVA NATURAL CERRO KILAMBÉ),/Normaweb.nsf/xpNormaJuridica.xsp?documentId=F36758445D76082F06258829006FE8E9&action=openDocument
F9264C09BD98D79706257C7D005668FD,"Texto de Ley N°. 217, “Ley General del Medio Ambiente y los Recursos Naturales” Con sus Reformas Incorporadas",/Normaweb.nsf/xpNormaJuridica.xsp?documentId=F9264C09BD98D79706257C7D005668FD&action=openDocument
F8ED0A707726984206257C690079C016,"(ESTABLECER LAS REGULACIONES PARA EL ACCESO A LOS RECURSOS PESQUERO EN EL LAGO COCIBOLCA, RÍO SAN JUAN Y CUERPOS DE AGUA TRIBUTARIOS)",/Normaweb.nsf/xpNormaJuridica.xsp?documentId=F8ED0A707726984206257C690079C016&action=openDocument
863140700F59CF7006257C5C0073D596,Establecer el Procedimiento Administrativo para la obtención del Permiso para el Comercio Internacional de las Especies Forestales de competencia de MARENA.,/Normaweb.nsf/xpNormaJuridica.xsp?documentId=863140700F59CF7006257C5C0073D596&action=openDocument
04E56D207C3F59AE06257C1C00584417,Se Permite en la Reserva de Bosawás el Aprovechamiento de Madera Para Uso Domiciliar y Minería Artesanal,/Normaweb.nsf/xpNormaJuridica.xsp?documentId=04E56D207C3F59AE06257C1C00584417&action=openDocument
C9A77576F08D3C1906257C1C0059B9FB,(SE ESTABLECE PRORROGA AL PLAZO DE VENCIMIENTO DEL REGISTRO HASTA 31 DE 	 DICIEMBRE 2013 PARA TODOS LOS PLAGUICIDAS QUE  DE HAYA CADUCADO SU PERIODO DE REGISTRO),/Normaweb.nsf/xpNormaJuridica.xsp?documentId=C9A77576F08D3C1906257C1C0059B9FB&action=openDocument
F5B1C20982865FCF06257BFE00780286,DELIMITACIÓN DEL CULTIVO Y COMERCIALIZACIÓN DE CAFÉ ROBUSTA (COFFEA CANEPHORA),/Normaweb.nsf/xpNormaJuridica.xsp?documentId=F5B1C20982865FCF06257BFE00780286&action=openDocument
5314289D8D9F4EA706257BFE00768F00,(PROCEDIMIENTO PARA EL RECONOCIMIENTO DE REGISTRO SANITARIO DE PRODUCTOS UTILIZADOS EN ALIMENTACIÓN ANIMAL),/Normaweb.nsf/xpNormaJuridica.xsp?documentId=5314289D8D9F4EA706257BFE00768F00&action=openDocument
0657CE740A06002F06257BCF00749036,"Suspensión de la Veda para el Corte, Aprovechamiento y Comercialización de Árboles de Pino",/Normaweb.nsf/xpNormaJuridica.xsp?documentId=0657CE740A06002F06257BCF00749036&action=openDocument
E5F72BC32154FB1D06257BDB005A8EE7,SEGUNDA REVISIÓN. NORMA TÉCNICA OBLIGATORIA NICARAGÜENSE. MANEJO SOSTENIBLE DE LOS BOSQUES NATURALES LATIFOLIADOS Y DE CONÍFERAS.,/Normaweb.nsf/xpNormaJuridica.xsp?documentId=E5F72BC32154FB1D06257BDB005A8EE7&action=openDocument
9752C9C44AA647A906257BD5006F63B0,(PROCEDIMIENTO ADMINISTRATIVO PARA LA OPOSICIÓN DE REGISTRO DE PLAGUICIDAS DE USO AGRÍCOLA),/Normaweb.nsf/xpNormaJuridica.xsp?documentId=9752C9C44AA647A906257BD5006F63B0&action=openDocument
4F1841AF1961FDF006257B9F0061BE28,REGENCIA DE ESTABLECIMIENTOS DE INSUMOS AGRICOLAS,/Normaweb.nsf/xpNormaJuridica.xsp?documentId=4F1841AF1961FDF006257B9F0061BE28&action=openDocument
EAC22766DE77C78E06257B9B005C6333,CIERRE DE TEMPORADA DE PESCA Y CUOTA DE EXPORTACIÓN PARA EL RECURSO CARACOL ROSADO DEL CARIBE STROMBUS GIGAS PARA EL AÑO 2013,/Normaweb.nsf/xpNormaJuridica.xsp?documentId=EAC22766DE77C78E06257B9B005C6333&action=openDocument
85CBD4934E2DCBB006257B8F00753C39,"Establecer los Criterios, Requisitos y el Procedimiento Administrativo para la Declaración, Priorización y Promoción de las Reservas Silvestres Privadas en Nicaragua",/Normaweb.nsf/xpNormaJuridica.xsp?documentId=85CBD4934E2DCBB006257B8F00753C39&action=openDocument
9FCC0F91F6334E6C06257B8F0075D977,APROBAR Y OFICIALIZAR GUÍA GENERAL TÉRMINOS DE REFERENCIA PARA LA ELABORACIÓN DE ESTUDIO DE IMPACTO AMBIENTAL PROYECTOS GEOTÉRMICOS FASE DE EXPLORACIÓN A TRAVÉS DE PERFORACIONES.,/Normaweb.nsf/xpNormaJuridica.xsp?documentId=9FCC0F91F6334E6C06257B8F0075D977&action=openDocument
520B31C3F8AC0A3606257B8F00765374,APROBAR Y OFICIALIZAR GUÍA GENERAL TÉRMINOS DE REFERENCIA ELABORACIÓN DE ESTUDIO DE IMPACTO AMBIENTAL PROYECTOS GEOTÉRMICOS -FASE DE EXPLOTACIÓN.,/Normaweb.nsf/xpNormaJuridica.xsp?documentId=520B31C3F8AC0A3606257B8F00765374&action=openDocument
C664DB645D24453F06257B4300563D48,Ley que Declara y Define los Límites de la Reserva de Biósfera de la Isla de Ometepe,/Normaweb.nsf/xpNormaJuridica.xsp?documentId=C664DB645D24453F06257B4300563D48&action=openDocument
358637347874589C06257B520059D54D,ACTUALIZAR EL SISTEMA DE VEDAS PERIODO 2013,/Normaweb.nsf/xpNormaJuridica.xsp?documentId=358637347874589C06257B520059D54D&action=openDocument
1BBF97B09832A43106257B2600743272,"(Suspender Temporalmente por un Año Prorrogable el Registro Sanitario, Que lleva el Magfor de los Medicamentos Veterinarios que Contengan Moléculas a Base de Ivermectina, Abamectina y Doramectina)",/Normaweb.nsf/xpNormaJuridica.xsp?documentId=1BBF97B09832A43106257B2600743272&action=openDocument
27AEA1A53CAE331706257BCF0055CEC5,"(CONFORMAR EL  COMITÉ DE EVALUACIÓN PARA LOS PROCESOS DE CONTRATACIONES DE LICITACIONES, CONCURSOS Y CONTRATACIONES SIMPLIFICADAS, ENCARGADA DE EVALUAR Y RECOMENDAR LA ADJUDICACIÓN DE LAS OFERTAS PRESENTADAS)",/Normaweb.nsf/xpNormaJuridica.xsp?documentId=27AEA1A53CAE331706257BCF0055CEC5&action=openDocument
752FFD3884FF65F506257B16007A5D14,"(RECONOCER Y APROBAR COMO RESERVA SILVESTRE PRIVADA TODA LA PROPIEDAD DENOMINADA FINCA LOMA LA BELLOSA, PROPIEDAD DE LA SEÑORA REINELDA DEL CARMEN VILLANUEVA PINEDA, COMPRENDIDA DENTRO DEL MUNICIPIO DEL VIEJO JURISDICCIÓN DEL DEPARTAMENTO DE CHINANDEGA)",/Normaweb.nsf/xpNormaJuridica.xsp?documentId=752FFD3884FF65F506257B16007A5D14&action=openDocument
6B731BE4E96F5E9406257AB4007383C6,Ley de Conservación y Utilización Sostenible de la Diversidad Biológica,/Normaweb.nsf/xpNormaJuridica.xsp?documentId=6B731BE4E96F5E9406257AB4007383C6&action=openDocument
BF5277EE4612314C06257AA6007C2E0A,RATIFICACIÓN DE LAS ENMIENDAS DE MONTREAL Y BEIJING DEL PROTOCOLO DE MONTREAL RELATIVO A LAS SUSTANCIAS QUE AGOTAN LA CAPA DE OZONO,/Normaweb.nsf/xpNormaJuridica.xsp?documentId=BF5277EE4612314C06257AA6007C2E0A&action=openDocument
AC8C990BB77C8AAD06257AB8005FD363,"DECRETO DE APROBACIÓN DE LAS ENMIENDAS DE MONTREAL Y BEIJING DEL PROTOCOLO DE MONTREAL, RELATIVO A LAS SUSTANCIAS AGOTADORAS DE LA CAPA DE OZONO",/Normaweb.nsf/xpNormaJuridica.xsp?documentId=AC8C990BB77C8AAD06257AB8005FD363&action=openDocument
53C3D460F2EA84EB06257A2A006E42B3,NORMA TÉCNICA OBLIGATORIA NICARAGÜENSE. BIENESTAR DE LOS BOVINOS,/Normaweb.nsf/xpNormaJuridica.xsp?documentId=53C3D460F2EA84EB06257A2A006E42B3&action=openDocument
1A5C624E788C2EE606257A17005FEDB3,"Suspensión de la Veda para El Corte, Aprovechamiento y Comercialización de Árboles de Pino",/Normaweb.nsf/xpNormaJuridica.xsp?documentId=1A5C624E788C2EE606257A17005FEDB3&action=openDocument
B007D82B9F36512106257A01005D3551,"Reforma al Decreto N°. 01-2007, Reglamento de Áreas Protegidas de Nicaragua",/Normaweb.nsf/xpNormaJuridica.xsp?documentId=B007D82B9F36512106257A01005D3551&action=openDocument
7F8EBBCFC1B9289706257A01005E7760,DECRETO DE RATIFICACIÓN DEL CONVENIO CONSTITUTIVO DEL CENTRO DE AGUA DEL TRÓPICO HÚMEDO PARA AMÉRICA LATINA Y EL CARIBE (CATHALAC),/Normaweb.nsf/xpNormaJuridica.xsp?documentId=7F8EBBCFC1B9289706257A01005E7760&action=openDocument
D8AA81126CA0ABFE062579FA0072E81F,"Decreto de Aprobación de la Adhesión a la Enmienda al Artículo XXI de la Convención Sobre el Comercio Internacional de Especies Amenazadas de Fauna y Flora Silvestres, Adoptada en Gaborone, Botswana, el Treinta de Abril de Mil Novecientos Ochenta y Tres",/Normaweb.nsf/xpNormaJuridica.xsp?documentId=D8AA81126CA0ABFE062579FA0072E81F&action=openDocument
3ED2947F6B698C6A062579FF00582107,ACTUALIZAR EL SISTEMA DE VEDAS PERIODO 2012,/Normaweb.nsf/xpNormaJuridica.xsp?documentId=3ED2947F6B698C6A062579FF00582107&action=openDocument
54872BE3CA06E33B062579E6005EC4F3,DECRETO DE APROBACIÓN DEL “CONVENIO CONSTITUTIVO DEL CENTRO DE AGUA DEL TRÓPICO HÚMEDO PARA AMÉRICA LATINA Y EL CARIBE (CATHALAC)”,/Normaweb.nsf/xpNormaJuridica.xsp?documentId=54872BE3CA06E33B062579E6005EC4F3&action=openDocument
07F2BEF4B0BFD61A062579DD006C8B64,APROBAR EL PLAN DE MANEJO DE LA RESERVA NATURAL PUNTA GORDA,/Normaweb.nsf/xpNormaJuridica.xsp?documentId=07F2BEF4B0BFD61A062579DD006C8B64&action=openDocument
CBC6BC0730115387062579DD006CC5E6,APROBAR EL PLAN DE MANEJO DE LA RESERVA NATURAL CERRO SILVA,/Normaweb.nsf/xpNormaJuridica.xsp?documentId=CBC6BC0730115387062579DD006CC5E6&action=openDocument
3A0B1115B0575655062579ED0063B8CA,RECONOCER Y APROBAR COMO RESERVA SILVESTRE PRIVADA LA PROPIEDAD RURAL “FINCA CASA BLANCA”,/Normaweb.nsf/xpNormaJuridica.xsp?documentId=3A0B1115B0575655062579ED0063B8CA&action=openDocument
275656C315CB1A7206257A1A0060CE12,"APROBAR EL PROCEDIMIENTO, REQUISITOS E INSTRUMENTOS PARA EL DICTAMEN Y EVALUACIÓN TÉCNICA ECOTOXICOLÓGICA APLICABLES A PLAGUICIDAS, SUSTANCIAS TÓXICAS, PELIGROSAS Y OTRAS SIMILARES CON FINES DE REGISTRO",/Normaweb.nsf/xpNormaJuridica.xsp?documentId=275656C315CB1A7206257A1A0060CE12&action=openDocument
19965C230022D5380625799700555F08,"De Adhesión a la Enmienda al Artículo XXI de la Convención Sobre el Comercio Internacional de Especies Amenazadas de Fauna y Flora Silvestres, Adoptada en Gaborone, Botswana, el Treinta de Abril de Mil Novecientos Ochenta y Tres",/Normaweb.nsf/xpNormaJuridica.xsp?documentId=19965C230022D5380625799700555F08&action=openDocument
68E8E6D56C33A5EB0625794B0059C978,PREVENCIÓN Y CONTROL DE QUEMAS AGROPECUARIAS Y FORESTALES,/Normaweb.nsf/xpNormaJuridica.xsp?documentId=68E8E6D56C33A5EB0625794B0059C978&action=openDocument
9BBE9F9763386D0006257996007AE185,PREVENCIÓN DE LA ENCEFALOPATÍA ESPONGIFORME BOVINA-EEB,/Normaweb.nsf/xpNormaJuridica.xsp?documentId=9BBE9F9763386D0006257996007AE185&action=openDocument
4FA947F1622AA6900625791900586A13,Registro Público Nacional de Derechos de Agua y de Prestadores de Servicios,/Normaweb.nsf/xpNormaJuridica.xsp?documentId=4FA947F1622AA6900625791900586A13&action=openDocument
CF820E2A63B1B690062578B00074EC1B,Ley para la Protección y el Bienestar de los Animales Domésticos y Animales Silvestres Domesticados,/Normaweb.nsf/xpNormaJuridica.xsp?documentId=CF820E2A63B1B690062578B00074EC1B&action=openDocument
66B63A8CBBBA0685062578990060E171,"De Reforma al Decreto N°. 20-2008, Cobro para Coadyuvar con la Conservación y  Protección de los Acuíferos, Publicado en la Gaceta N°. 83 del 05 de Mayo 2008",/Normaweb.nsf/xpNormaJuridica.xsp?documentId=66B63A8CBBBA0685062578990060E171&action=openDocument
744C179C9961B6F50625789A0077FF67,"Suspensión de la Veda para el Corte, Aprovechamiento y Comercialización de Árboles de Pino.",/Normaweb.nsf/xpNormaJuridica.xsp?documentId=744C179C9961B6F50625789A0077FF67&action=openDocument
508B47A04FA49D3B062577F40076DAC1,Ley que Declara y Define el Sistema de los Cayos Perlas como Refugio de Vida Silvestre,/Normaweb.nsf/xpNormaJuridica.xsp?documentId=508B47A04FA49D3B062577F40076DAC1&action=openDocument
5AFA9B0EDB921C5206258AF9006F428F,"Alerta Verde para la Región Norte, Central y Pacífico y Alerta Amarilla en las Regiones Autónomas del Atlántico Norte y Sur.",/Normaweb.nsf/xpNormaJuridica.xsp?documentId=5AFA9B0EDB921C5206258AF9006F428F&action=openDocument
48F8583F454249B2062577C9005DF023,Reglamento de la Ley Especial de los Comités de Agua Potable y Saneamiento (CAPS),/Normaweb.nsf/xpNormaJuridica.xsp?documentId=48F8583F454249B2062577C9005DF023&action=openDocument
D604B2BFFC7FF88306257BA6005869D1,SISTEMA DE SEGUIMIENTO SATELITAL EN TIEMPO REAL,/Normaweb.nsf/xpNormaJuridica.xsp?documentId=D604B2BFFC7FF88306257BA6005869D1&action=openDocument
9F2F848B62C936D1062577B2005F30A9,"Reglamento a la Ley N°. 620, Ley General de Aguas Nacionales",/Normaweb.nsf/xpNormaJuridica.xsp?documentId=9F2F848B62C936D1062577B2005F30A9&action=openDocument
0DB7E33EC41D7AD6062577A6005725F4,NORMA PARA LA PROTECCIÓN Y CONSERVACIÓN AMBIENTAL DE LAS LAGUNAS CRATÉRICAS,/Normaweb.nsf/xpNormaJuridica.xsp?documentId=0DB7E33EC41D7AD6062577A6005725F4&action=openDocument
A55B35C1ADA29FA8062577A60061FDF4,NORMA TÉCNICA OBLIGATORIA NICARAGÜENSE PARA EL CONTROL AMBIENTAL DE LOS ESTABLECIMIENTOS DE LAS PLANTAS PROCESADORAS  DE PESCADOS Y MARISCOS,/Normaweb.nsf/xpNormaJuridica.xsp?documentId=A55B35C1ADA29FA8062577A60061FDF4&action=openDocument
FE5C664F887E6043062577A6005EB320,NORMA TÉCNICA PARA LA REGULACIÓN DE LA QUEMA COMO PRACTICA AGRÍCOLA DEL CULTIVO DE CAÑA DE AZÚCAR,/Normaweb.nsf/xpNormaJuridica.xsp?documentId=FE5C664F887E6043062577A6005EB320&action=openDocument
A63305B993CDDB210625775F0069E8B3,Ley Especial de Comités de Agua Potable  y Saneamiento,/Normaweb.nsf/xpNormaJuridica.xsp?documentId=A63305B993CDDB210625775F0069E8B3&action=openDocument
EFB43C8898BE8C110625775F0059DA3A,PROHIBIR LA IMPORTACIÓN DE SUSTANCIAS QUE AGOTAN LA CAPA DE OZONO,/Normaweb.nsf/xpNormaJuridica.xsp?documentId=EFB43C8898BE8C110625775F0059DA3A&action=openDocument
093B09FBCD94C7A90625773C007BC647,"ESTABLECER MEDIDAS FITOSANITARIAS PARA LA CONTENCIÓN, EL CONTROL Y EVITAR LA DISEMINACIÓN DE LA PLAGA HUANGLONGBING (HLB) O ENVERDECIMIENTO DE LOS CÍTRICOS EN EL TERRITORIO NACIONAL",/Normaweb.nsf/xpNormaJuridica.xsp?documentId=093B09FBCD94C7A90625773C007BC647&action=openDocument
AFBD6A56FCDEE673062576FF00563EBD,(APROBAR EL PLAN DE PROTECCIÓN Y MANEJO DEL ÁREA PROTEGIDA RESERVA NATURAL LAGUNA DE APOYO),/Normaweb.nsf/xpNormaJuridica.xsp?documentId=AFBD6A56FCDEE673062576FF00563EBD&action=openDocument
626C19B78FDD2C79062576E3005B0B63,"Suspensión de la Veda para el Corte, Aprovechamiento y Comercialización de Árboles de Pino",/Normaweb.nsf/xpNormaJuridica.xsp?documentId=626C19B78FDD2C79062576E3005B0B63&action=openDocument
8CC474E1808CAC9E062576BF007203FF,DECLARATORIA OFICIAL DE LA ″FASE ERRADICACIÓN SIN VACUNACIÓN DE LA ENFERMEDAD PESTE PORCINA CLÁSICA,/Normaweb.nsf/xpNormaJuridica.xsp?documentId=8CC474E1808CAC9E062576BF007203FF&action=openDocument
2EF1160921DEB1BA062576B9007072F9,"REFORMA LA RESOLUCIÓN MINISTERIAL 002-2009, ACTUALIZACIÓN DE VEDAS PERÍODO 2009.",/Normaweb.nsf/xpNormaJuridica.xsp?documentId=2EF1160921DEB1BA062576B9007072F9&action=openDocument
C6DA5297B7C50B5F062576B90070DFC8,(RESCINDIR EL CONVENIO DE COMANEJO PARA EL ÁREA PROTEGIDA TISEY – ESTANZUELA),/Normaweb.nsf/xpNormaJuridica.xsp?documentId=C6DA5297B7C50B5F062576B90070DFC8&action=openDocument
75E434DEF9D217D30625768200532739,"Modificación al Arto. N°. 1 de la Ley N°. 585, Ley de Veda para el Corte, Aprovechamiento y Comercialización del Recurso Forestal.",/Normaweb.nsf/xpNormaJuridica.xsp?documentId=75E434DEF9D217D30625768200532739&action=openDocument
3C2C3EABFA0F92A306257687007A8237,"Modificación al Artículo N°. 1 de la Ley N°. 585, Ley de Veda para el Corte, Aprovechamiento y Comercialización del Recurso Forestal.",/Normaweb.nsf/xpNormaJuridica.xsp?documentId=3C2C3EABFA0F92A306257687007A8237&action=openDocument
17E7C795A5FF11A2062576810077278E,"Ley de Reformas y Adición a la Ley N°. 626, Ley que Crea la Comisión de Desarrollo Sostenible de la Cuenca Hídrica del Lago Cocibolca y del Río San Juan",/Normaweb.nsf/xpNormaJuridica.xsp?documentId=17E7C795A5FF11A2062576810077278E&action=openDocument
49E30272D5E91EA4062576B900607359,NORMA TÉCNICA OBLIGATORIA NICARAGÜENSE PARA LA CERTIFICACIÓN DE SEMILLAS Y PLANTAS DE ESPECIES FORESTALES,/Normaweb.nsf/xpNormaJuridica.xsp?documentId=49E30272D5E91EA4062576B900607359&action=openDocument
0200259DA49C68510625764E00788F01,"Decreto de Autorización a ENACAL para Crear la Empresa de Operación, Protección de los Sistemas de Bombeo y Resguardo de las Instalaciones de la Empresa Nicaragüense de Acueducto y Alcantarillados Sanitarios, ENACAL",/Normaweb.nsf/xpNormaJuridica.xsp?documentId=0200259DA49C68510625764E00788F01&action=openDocument
E3DD5F8C658C2F980625765500511205,SOBRE EL CAMBIO CLIMÁTICO Y SU ADAPTABILIDAD EN NICARAGUA,/Normaweb.nsf/xpNormaJuridica.xsp?documentId=E3DD5F8C658C2F980625765500511205&action=openDocument
7CDEB38DD3D3C7E10625764A005B5D52,"EL MINISTRO AGROPECUARIO Y FORESTAL EN USO DE LAS FACULTADES QUE LE CONFIERE LA LEY BASICA DE SALUD ANIMAL Y SANIDAD VEGETAL (LEY 291-1998), HA DICTADO LAS SIGUIENTES MEDIDAS SANITARIAS PARA EL CONTROL Y ERRADICACION DE LA TUBERCULOSIS BOVINA EN NICARAGUA",/Normaweb.nsf/xpNormaJuridica.xsp?documentId=7CDEB38DD3D3C7E10625764A005B5D52&action=openDocument
7BF5B375CA98EBD80625765B005C1659,NORMATIVA ESPECÍFICA DE FUNCIONAMIENTO DEL COMITÉ DE INCENTIVOS DEL SECTOR FORESTAL,/Normaweb.nsf/xpNormaJuridica.xsp?documentId=7BF5B375CA98EBD80625765B005C1659&action=openDocument
0A2E4685FFB0F6940625765C00731634,"ESTABLECER LOS CRITERIOS TÉCNICOS, REQUISITOS Y PROCEDIMIENTO ADMINISTRATIVO PARA REGULAR LA EXTRACCIÓN, CULTIVO Y APROVECHAMIENTO SOSTENIBLE DE LA CONCHA NEGRA Y OTROS BIVALVOS DENTRO DE LAS ÁREAS PROTEGIDAS DEL SINAP.",/Normaweb.nsf/xpNormaJuridica.xsp?documentId=0A2E4685FFB0F6940625765C00731634&action=openDocument
41090BB62D091834062575E5007974B3,DECLARAR ÁREA LIBRE DE MOSCA DEL MEDITERRÁNEO (CERATITIS CAPITATA WIED) LA ZONA NORTE DEL LAGO XOLOTLÁN,/Normaweb.nsf/xpNormaJuridica.xsp?documentId=41090BB62D091834062575E5007974B3&action=openDocument
25252AFEB7794D85062575E600601AFD,ACTUALIZAR EL SISTEMA DE VEDAS  PERIODO 2009,/Normaweb.nsf/xpNormaJuridica.xsp?documentId=25252AFEB7794D85062575E600601AFD&action=openDocument
535894E740D07B490625880F005BA7AA,(APROBAR EL PLAN DE MANEJO DEL ÁREA PROTEGIDA RESERVA NATURAL LAS SERRANÍAS DE TEPESOMOTO - PATASTE),/Normaweb.nsf/xpNormaJuridica.xsp?documentId=535894E740D07B490625880F005BA7AA&action=openDocument
DCA273FB5652BA8F06258816006641B5,(APROBAR EL PLAN DE MANEJO DEL ÁREA PROTEGIDA RESERVA NATURAL CERRO QUIABUC),/Normaweb.nsf/xpNormaJuridica.xsp?documentId=DCA273FB5652BA8F06258816006641B5&action=openDocument
691EFA17AD361BE10625881A005B8657,(APROBAR EL PLAN DE MANEJO DEL ÁREA PROTEGIDA MONUMENTO GRAN CAÑÓN DE SOMOTO),/Normaweb.nsf/xpNormaJuridica.xsp?documentId=691EFA17AD361BE10625881A005B8657&action=openDocument
0B71C13802F745FC0625757C0073E5EB,Política Nacional de Desarrollo Sostenible del Sector Forestal de Nicaragua,/Normaweb.nsf/xpNormaJuridica.xsp?documentId=0B71C13802F745FC0625757C0073E5EB&action=openDocument
4183CEFC456503B2062575620062A951,(SE APRUEBA EL PLAN DE MANEJO DEL ÁREA PROTEGIDA REFUGIO DE VIDA SILVESTRE RÍO ESCALANTE-CHACOCENTE),/Normaweb.nsf/xpNormaJuridica.xsp?documentId=4183CEFC456503B2062575620062A951&action=openDocument
1AC6C4091D4FCCE00625755400783B5C,Ley de Conservación del Uso de los Suelos en la Reserva de la Biosfera Bosawás,/Normaweb.nsf/xpNormaJuridica.xsp?documentId=1AC6C4091D4FCCE00625755400783B5C&action=openDocument
E2D9754157DA565E062575540058331F,(SE ESTABLECE EN LA RTA 139 PROTECCIÓN AL MEDIO AMBIENTE LA SIGUIENTE FE DE ERRATA),/Normaweb.nsf/xpNormaJuridica.xsp?documentId=E2D9754157DA565E062575540058331F&action=openDocument
10B014A1031AFF600625754700615B9B,(CANCELACIÓN DEL REGISTRO DE LA MOLÉCULA METAMIDOFOS Y METIL PARATION),/Normaweb.nsf/xpNormaJuridica.xsp?documentId=10B014A1031AFF600625754700615B9B&action=openDocument
E49BC5622A60392F062574EB006B2B04,"De Reformas y Adiciones al Decreto No. 106-2007, Reglamento de la Ley No. 620, Ley General de Aguas Nacionales",/Normaweb.nsf/xpNormaJuridica.xsp?documentId=E49BC5622A60392F062574EB006B2B04&action=openDocument
B5E9C5E5F9036FEB062574EA005E84F5,(SE INSTRUYE A LA DIRECCIÓN GENERAL DE ADUANAS Y AL MINISTERIO AGROPECUARIO Y FORESTAL (MAGFOR) A QUE ADOPTEN TODAS LAS MEDIDAS QUE PERMITA EL EFICAZ CUMPLIMIENTO DE LA DISPOSICIÓN ADMINISTRATIVA N° 50-13-08-2008),/Normaweb.nsf/xpNormaJuridica.xsp?documentId=B5E9C5E5F9036FEB062574EA005E84F5&action=openDocument
4ABC28A80EE6FF57062574C70050A5BB,(Asignación a la Empresa Portuaria Nacional (EPN) para Llevar a Cabo el Proyecto de Dragado del Río San Juan),/Normaweb.nsf/xpNormaJuridica.xsp?documentId=4ABC28A80EE6FF57062574C70050A5BB&action=openDocument
5128312719A73682062576FF005D591F,Aprobar el Procedimiento General y los Instrumentos Normativos Complementarios para la Tramitación de Permisos Ambientales y Autorizaciones Ambientales del Sistema de Evaluación Ambiental,/Normaweb.nsf/xpNormaJuridica.xsp?documentId=5128312719A73682062576FF005D591F&action=openDocument
12649E1AE95EFECF062575BC0077AC9D,(SE DICTA LEVANTAMIENTO PARCIAL DE LA VEDA PARA LA ESPECIE FARFANTEPENAEUS SP CAMARÓN ROJO DEL ATLÁNTICO),/Normaweb.nsf/xpNormaJuridica.xsp?documentId=12649E1AE95EFECF062575BC0077AC9D&action=openDocument
2E05CE7B84BD6320062574520070D963,Cobro para Coadyuvar con la Conservación y Protección de los Acuíferos,/Normaweb.nsf/xpNormaJuridica.xsp?documentId=2E05CE7B84BD6320062574520070D963&action=openDocument
3931522956B885A30625744E00548B32,"Ley de Reformas y Adiciones a la Ley N°. 217, Ley General del Medio Ambiente y los Recursos Naturales.",/Normaweb.nsf/xpNormaJuridica.xsp?documentId=3931522956B885A30625744E00548B32&action=openDocument
16BEF8FB44BB4DE00625744B007998B4,Decreto Creador de la Comisión para el Desarrollo del Río San Juan,/Normaweb.nsf/xpNormaJuridica.xsp?documentId=16BEF8FB44BB4DE00625744B007998B4&action=openDocument
7CF9FD5861BB628206257449006DDA26,Cobro para Promover la Sostenibilidad de Reservas de Aguas Subterráneas,/Normaweb.nsf/xpNormaJuridica.xsp?documentId=7CF9FD5861BB628206257449006DDA26&action=openDocument
071884F2B3F0FB7F062575E60054A7C4,VEDAS DE ESPECIES SILVESTRES,/Normaweb.nsf/xpNormaJuridica.xsp?documentId=071884F2B3F0FB7F062575E60054A7C4&action=openDocument
B9A6C2C74199EE6C062573DE005FCA78,"Reglamento de la Ley N°. 620, Ley General de Aguas Nacionales",/Normaweb.nsf/xpNormaJuridica.xsp?documentId=B9A6C2C74199EE6C062573DE005FCA78&action=openDocument
C9FDD997FA69B39C062579C1006212DF,EL CENTRO DE MEJORAMIENTO GENÉTICO Y BANCO DE SEMILLAS FORESTALES (CMGBSF) APOYARÁ DESDE EL PUNTO DE VISTA TÉCNICO A LAS PERSONAS NATURALES Y JURÍDICAS PROPIETARIOS DE FUENTES SEMILLERAS DESTINADAS A LA PRODUCCIÓN Y RECOLECCIÓN DE MATERIAL REPRODUCTIVO FORESTAL,/Normaweb.nsf/xpNormaJuridica.xsp?documentId=C9FDD997FA69B39C062579C1006212DF&action=openDocument
85CC52C7E363C75B0625737E0078A424,Aprovechamiento Especial del Recurso Forestal Derribado por el Huracan Félix,/Normaweb.nsf/xpNormaJuridica.xsp?documentId=85CC52C7E363C75B0625737E0078A424&action=openDocument
C0C1931F74480A55062573760075BD4B,Ley General de Aguas Nacionales,/Normaweb.nsf/xpNormaJuridica.xsp?documentId=C0C1931F74480A55062573760075BD4B&action=openDocument
C5DC821BBED99F30062573440066ED10,Ley que Crea la Comisión de Desarrollo Sostenible de la Cuenca Hídrica del Lago Cocibolca y del Río San Juan,/Normaweb.nsf/xpNormaJuridica.xsp?documentId=C5DC821BBED99F30062573440066ED10&action=openDocument
CE502F6902A7D33B062572FA0075E2D9,DE RATIFICACIÓN DEL ACUERDO DE ASISTENCIA TÉCNICA SOBRE SEGURIDAD MARÍTIMA Y PROTECCIÓN DEL MEDIO ACUÁTICO SUSCRITO ENTRE EL GOBIERNO DE LA REPÚBLICA DE NICARAGUA Y EL GOBIERNO DE LA REPÚBLICA DEL PERÚ,/Normaweb.nsf/xpNormaJuridica.xsp?documentId=CE502F6902A7D33B062572FA0075E2D9&action=openDocument
49656CED3A0C3C5F062572F8005E8FE9,DE RATIFICACIÓN DE LA CONVENCIÓN SOBRE LA PROHIBICIÓN DE UTILIZAR TÉCNICAS DE MODIFICACIÓN AMBIENTAL CON FINES MILITARES U OTROS FINES HOSTILES (ENMOD),/Normaweb.nsf/xpNormaJuridica.xsp?documentId=49656CED3A0C3C5F062572F8005E8FE9&action=openDocument
363673E06AA24F4B0625757E0061D6D2,NORMA TÉCNICA AMBIENTAL PARA LA PROTECCIÓN DE LOS CUERPOS DE AGUA AFECTADOS POR LOS VERTIDOS LÍQUIDOS Y SÓLIDOS PROVENIENTES DE LOS BENEFICIOS HÚMEDOS DE CAFÉ,/Normaweb.nsf/xpNormaJuridica.xsp?documentId=363673E06AA24F4B0625757E0061D6D2&action=openDocument
3E59BCA1B424FF55062572C100592E22,"Reforma al Decreto N° 01-2007, Reglamento de Áreas Protegidas de Nicaragua",/Normaweb.nsf/xpNormaJuridica.xsp?documentId=3E59BCA1B424FF55062572C100592E22&action=openDocument
45CE2C0C65095F95062579C100617D06,"(ESTABLECER LAS REGULACIONES PARA LA EXPORTACIÓN DE LAS ESPECIES CAOBA, CEDRO REAL, POCHOTE Y CEIBA EN SEGUNDA TRANSFORMACIÓN)",/Normaweb.nsf/xpNormaJuridica.xsp?documentId=45CE2C0C65095F95062579C100617D06&action=openDocument
28BCB890C35374DE062572A0006F5116,"Establecimiento del Mecanismo para la Recepción, Consideración y Respuesta de las Comunicaciones del Público Relativas a la Implementación de las Obligaciones Ambientales Establecidas en el Capítulo Ambiental del CAFTA-DR",/Normaweb.nsf/xpNormaJuridica.xsp?documentId=28BCB890C35374DE062572A0006F5116&action=openDocument
9E880233EB4F5AB40625728E006113C9,De Aprobación de la Convención Sobre la Prohibición de Utilizar Técnicas de Modificación Ambiental con Fines Militares u Otros Fines Hostiles (ENMOD),/Normaweb.nsf/xpNormaJuridica.xsp?documentId=9E880233EB4F5AB40625728E006113C9&action=openDocument
801EB8FC8AB2589E0625728E00665A9E,APROBAR EL PLAN DE MANEJO DEL ÁREA PROTEGIDA RESERVA NATURAL VOLCÁN MOMBACHO,/Normaweb.nsf/xpNormaJuridica.xsp?documentId=801EB8FC8AB2589E0625728E00665A9E&action=openDocument
B9EFB1B635EFF9F60625735A00555605,DE APROBACIÓN DEL ACUERDO DE ASISTENCIA TÉCNICA SOBRE SEGURIDAD MARÍTIMA Y PROTECCIÓN DEL MEDIO ACUÁTICO ENTRE EL GOBIERNO DE LA REPÚBLICA DE NICARAGUA Y EL GOBIERNO DE LA REPÚBLICA DEL PERÚ,/Normaweb.nsf/xpNormaJuridica.xsp?documentId=B9EFB1B635EFF9F60625735A00555605&action=openDocument
33CA55EBEAEC13C6062572A0006C725A,Reglamento de Áreas Protegidas de Nicaragua,/Normaweb.nsf/xpNormaJuridica.xsp?documentId=33CA55EBEAEC13C6062572A0006C725A&action=openDocument
F50AA5050021398506257561005459E4,Sistema de Evaluación Ambiental.,/Normaweb.nsf/xpNormaJuridica.xsp?documentId=F50AA5050021398506257561005459E4&action=openDocument
C455D6FC8B19E4C20625755B0077E4C7,Ley que Declara Área Protegida en la Categoría de Monumento Nacional al “Cañón De Somoto”,/Normaweb.nsf/xpNormaJuridica.xsp?documentId=C455D6FC8B19E4C20625755B0077E4C7&action=openDocument
DFFECADAAFB862BB06257561005487D9,"RATIFICACIÓN DEL ACUERDO ENTRE LOS GOBIERNOS DE COSTA RICA, REPÚBLICA DOMINICANA, EL SALVADOR, GUATEMALA, HONDURAS, NICARAGUA Y ESTADOS UNIDOS DE AMÉRICA SOBRE COOPERACIÓN AMBIENTAL",/Normaweb.nsf/xpNormaJuridica.xsp?documentId=DFFECADAAFB862BB06257561005487D9&action=openDocument
A51EEFC69FE9A6F9062575610074E57D,"DE APROBACIÓN DEL ACUERDO ENTRE LOS GOBIERNOS DE COSTA RICA, REPÚBLICA DOMINICANA, EL SALVADOR, GUATEMALA, HONDURAS, NICARAGUA Y ESTADOS UNIDOS DE AMÉRICA SOBRE COOPERACIÓN AMBIENTAL",/Normaweb.nsf/xpNormaJuridica.xsp?documentId=A51EEFC69FE9A6F9062575610074E57D&action=openDocument
26C42DD78972434A0625755A0055F13E,INCLUIR EN EL SISTEMA DE VEDAS DE ESPECIES SILVESTRES NICARAGÜENSES EN EL LISTADO DE VEDAS NACIONALES INDEFINIDAS A LA ESPECIE ALMENDRO DIPTERYX PANAMENSIS,/Normaweb.nsf/xpNormaJuridica.xsp?documentId=26C42DD78972434A0625755A0055F13E&action=openDocument
7AF3D5A2687B48940625755B0076A8DD,"Ley de  Veda para el Corte, Aprovechamiento y Comercialización del Recurso Forestal",/Normaweb.nsf/xpNormaJuridica.xsp?documentId=7AF3D5A2687B48940625755B0076A8DD&action=openDocument
3B3583B8C7D4EE32062579BC007B7023,NORMA TÉCNICA OBLIGATORIA NICARAGÜENSE PARA REGULAR LOS SISTEMAS DE TRATAMIENTOS DE AGUAS RESIDUALES Y SU REUSO,/Normaweb.nsf/xpNormaJuridica.xsp?documentId=3B3583B8C7D4EE32062579BC007B7023&action=openDocument
FD6C83606D97D13D0625755F007A5BBD,Política Nacional de Producción Más Limpia,/Normaweb.nsf/xpNormaJuridica.xsp?documentId=FD6C83606D97D13D0625755F007A5BBD&action=openDocument
C859F088DF776E50062575610078B8E3,DECLARAR LIBRES DE LEPROSIS DE LOS CÍTRICOS LOS DEPARTAMENTOS DE RÍO SAN JUAN Y RIVAS,/Normaweb.nsf/xpNormaJuridica.xsp?documentId=C859F088DF776E50062575610078B8E3&action=openDocument
AE2DE1FC09F1A3EE062575610055962C,Disposiciones que Regulan las Concesiones Forestales,/Normaweb.nsf/xpNormaJuridica.xsp?documentId=AE2DE1FC09F1A3EE062575610055962C&action=openDocument
34EE0AA530C95250062570F80071CAFE,"Reglamento de Procedimientos para el Establecimiento, la Obtención y Aplicación de los Incentivos para el Desarrollo Forestal",/Normaweb.nsf/xpNormaJuridica.xsp?documentId=34EE0AA530C95250062570F80071CAFE&action=openDocument
C4F956A3FB3DF5CB062571230058EBD6,Reforma al Artículo 107 del Decreto No. 73-2003,/Normaweb.nsf/xpNormaJuridica.xsp?documentId=C4F956A3FB3DF5CB062571230058EBD6&action=openDocument
D7DCC04BC30C1808062570F8006F40E9,Se Reforma el Artículo 108 del Decreto No. 73-2003,/Normaweb.nsf/xpNormaJuridica.xsp?documentId=D7DCC04BC30C1808062570F8006F40E9&action=openDocument
C9DFF3CF611820C5062570F1005A72FE,De Política Nacional para la Gestión Integral de Sustancias y Residuos Peligrosos,/Normaweb.nsf/xpNormaJuridica.xsp?documentId=C9DFF3CF611820C5062570F1005A72FE&action=openDocument
4CBFA19E2C8E7EB2062570C8005882DC,REGLAMENTO INTERNO DE FUNCIONAMIENTO DE LA COMISIÓN NACIONAL FORESTAL,/Normaweb.nsf/xpNormaJuridica.xsp?documentId=4CBFA19E2C8E7EB2062570C8005882DC&action=openDocument
D0A8A6E9EB65E4AE062570C80057C36A,REGLAMENTO DE ADMINISTRACIÓN Y FUNCIONAMIENTO DEL FONDO NACIONAL DE DESARROLLO FORESTAL (FONADEFO),/Normaweb.nsf/xpNormaJuridica.xsp?documentId=D0A8A6E9EB65E4AE062570C80057C36A&action=openDocument
563FA4D82FF02FC6062570C10060F8F4,"EMITIR LAS MEDIDAS PARA LA TRAMITACIÓN DEL REGISTRO DE PLAGUICIDAS, SUSTANCIAS TOXICAS, PELIGROSAS Y OTRAS SIMILARES",/Normaweb.nsf/xpNormaJuridica.xsp?documentId=563FA4D82FF02FC6062570C10060F8F4&action=openDocument
D132318726051846062570AB0064017D,Política Nacional sobre Gestión Integral de Residuos Sólidos,/Normaweb.nsf/xpNormaJuridica.xsp?documentId=D132318726051846062570AB0064017D&action=openDocument
7BB854BF5947329B062570A100585330,(RESERVA SILVESTRE PRIVADA “EL AGUACATE”),/Normaweb.nsf/xpNormaJuridica.xsp?documentId=7BB854BF5947329B062570A100585330&action=openDocument
D904AEF2E9C55275062570A100585336,(RESERVA SILVESTRE EL EDÉN),/Normaweb.nsf/xpNormaJuridica.xsp?documentId=D904AEF2E9C55275062570A100585336&action=openDocument
FE1D0957D94DE29B062570A10058473B,(MODIFICAR ACUERDO MINISTERIAL SOBRE MEDIDAS DE ORDENAMIENTO PARA APROVECHAMIENTO DE CARACOL DEL CARIBE),/Normaweb.nsf/xpNormaJuridica.xsp?documentId=FE1D0957D94DE29B062570A10058473B&action=openDocument
ACF358EB6759DDBE062570A100584740,(REFORMA AL ACUERDO MINISTERIAL SOBRE MEDIDAS DE ORDENAMIENTO PARA LA TEMPORADA DE PESCA 2004-2005),/Normaweb.nsf/xpNormaJuridica.xsp?documentId=ACF358EB6759DDBE062570A100584740&action=openDocument
8406B5E9BE812340062579ED005F4323,“SE REFORMA LA NORMA TÉCNICA OBLIGATORIA NICARAGÜENSE PARA EL MANEJO SOSTENIBLE DE BOSQUES NATURALES LATIFOLIADOS Y DE CONÍFERAS”,/Normaweb.nsf/xpNormaJuridica.xsp?documentId=8406B5E9BE812340062579ED005F4323&action=openDocument
4B1D2E67011BD5F006257180004CD9E0,(ESTABLECIMIENTO DE LA EQUIVALENCIA DE SISTEMAS DE LOS SERVICIOS VETERINARIOS E INOCUIDAD ALIMENTARIA),/Normaweb.nsf/xpNormaJuridica.xsp?documentId=4B1D2E67011BD5F006257180004CD9E0&action=openDocument
F4BE0B24346DC860062574DB00778A6E,NORMA TÉCNICA OBLIGATORIA NICARAGÜENSE PARA REGULAR LA EXTRACCIÓN Y APROVECHAMIENTO SOSTENIBLE DEL RECURSO OSTRAS EN EL PACÍFICO DE NICARAGUA.,/Normaweb.nsf/xpNormaJuridica.xsp?documentId=F4BE0B24346DC860062574DB00778A6E&action=openDocument
0F8FE5B9AE4C7B15062583CC005710BC,"Establecer los Criterios, Requisitos y Procedimiento Administrativo para el Otorgamiento de Autorizaciones de Investigaciones Científicas",/Normaweb.nsf/xpNormaJuridica.xsp?documentId=0F8FE5B9AE4C7B15062583CC005710BC&action=openDocument
352C574FA5E83D24062570A4005AE5A4,De Creación del Comité Nacional del Hombre y la Biósfera,/Normaweb.nsf/xpNormaJuridica.xsp?documentId=352C574FA5E83D24062570A4005AE5A4&action=openDocument
7F58EDF2A2215B82062570A100584A58,Ratificación del Convenio para la Protección y el Desarrollo del Medio Marino en la Región del Gran Caribe y su Protocolo Anexo,/Normaweb.nsf/xpNormaJuridica.xsp?documentId=7F58EDF2A2215B82062570A100584A58&action=openDocument
01D3AE88C08B48CC062570A100584C03,(IMPORTACIÓN DE GRANOS GENÉTICOS),/Normaweb.nsf/xpNormaJuridica.xsp?documentId=01D3AE88C08B48CC062570A100584C03&action=openDocument
C2123AB4C3A30910062570A10058376C,"(ESTABLECER LOS CRITERIOS, REQUISITOS Y PROCEDIMIENTOS ADMINISTRATIVOS PARA LA OBTENCIÓN DEL PERMISO DE APROVECHAMIENTO ACOPIO Y COMERCIALIZACIÓ N DEL BEJUCO DE LA MUJER Y EL BEJUCO DEL HOMBRE)|",/Normaweb.nsf/xpNormaJuridica.xsp?documentId=C2123AB4C3A30910062570A10058376C&action=openDocument
4344AF852F56F49F062570A100583EC7,ESTÁNDARES DE CALIDAD PARA LA COMERCIALIZACIÓN DE SEMILLAS CERTIFICADAS DE ESPECIES FORESTALES|,/Normaweb.nsf/xpNormaJuridica.xsp?documentId=4344AF852F56F49F062570A100583EC7&action=openDocument
10BBCABA0464362E062570A100583E6E,(PLAN DE DESCONCENTRACIÓN DE LA GESTIÓN AMBIENTAL),/Normaweb.nsf/xpNormaJuridica.xsp?documentId=10BBCABA0464362E062570A100583E6E&action=openDocument
E5C5D61BF3F8755E062570A100583946,(MODIFICACIÓN A RESOLUCIÓN CONCERNIENTE A MOLÉCULA FOSFURO DE ALUMINIO),/Normaweb.nsf/xpNormaJuridica.xsp?documentId=E5C5D61BF3F8755E062570A100583946&action=openDocument
6E5896208EF48209062570A10058394C,(PLAZO TEMPORAL Y MEDIDAS DE BIOSEGURIDAD),/Normaweb.nsf/xpNormaJuridica.xsp?documentId=6E5896208EF48209062570A10058394C&action=openDocument
D2E61030C16D42D6062570A100583787,APROBAR LA POLÍTICA SOBRE GERENCIA DE PROYECTOS CON FINANCIAMIENTO EXTERNO DEL MINISTERIO DEL AMBIENTE Y LOS RECURSOS NATURALES,/Normaweb.nsf/xpNormaJuridica.xsp?documentId=D2E61030C16D42D6062570A100583787&action=openDocument
AF0D388FAEBF9EA5062570A10058378C,APROBAR EL PLAN DE MANEJO DEL PAISAJE TERRESTRE PROTEGIDO DE MIRAFLOR-MOROPOTENTE,/Normaweb.nsf/xpNormaJuridica.xsp?documentId=AF0D388FAEBF9EA5062570A10058378C&action=openDocument
37604CFB8CC3C0C2062570A100584387,RATIFICAR EL NUEVO CONVENIO CONSULTIVO DEL CENTRO DE COORDINACIÒN PARA LA PREVENCIÒN DE LOS DESASTRES NATURALES EN AMÉRICA CENTRAL (CEPREDENAC),/Normaweb.nsf/xpNormaJuridica.xsp?documentId=37604CFB8CC3C0C2062570A100584387&action=openDocument
00131F646A1707CC062570A100583FC0,"(MEDIDAS SANITARIAS Y FITOSANITARIAS PARA LA PREVENCIÒN, CONTROL Y MANEJO DE LA MONILIA)",/Normaweb.nsf/xpNormaJuridica.xsp?documentId=00131F646A1707CC062570A100583FC0&action=openDocument
DE67A688FC919222062570A100584369,"(REFORMAS AL ACUERDO MINISTERIAL 359-2004, NORMATIVA PARA LA PESCA Y LA ACUICULTURA EN NICARAGUA)",/Normaweb.nsf/xpNormaJuridica.xsp?documentId=DE67A688FC919222062570A100584369&action=openDocument
D9CA84D924499981062570A100583549,APROBACIÓN DEL NUEVO CONVENIO CONSTITUTIVO DEL CENTRO DE COORDINACIÓN PARA LA PREVENCIÓN DE LOS DESASTRES NATURALES EN AMÉRICA CENTRAL (CEPREDENAC),/Normaweb.nsf/xpNormaJuridica.xsp?documentId=D9CA84D924499981062570A100583549&action=openDocument
E9A4C5EF8634BA86062570A10058501A,CONVENIO DE DELEGACION DE FUNCIONES DE PESCA ARTESANAL ENTRE EL MINISTERIO DE FOMENTO INDUSTRIA Y COMERCIO Y LA ALCALDIA MUNICIPAL DE SAN MIGUELITO,/Normaweb.nsf/xpNormaJuridica.xsp?documentId=E9A4C5EF8634BA86062570A10058501A&action=openDocument
3985898167AA015C062570A100585021,CONVENIO DE DELEGACION DE FUNCIONES DE PESCA ARTESANAL ENTRE EL MINISTERIO DE FOMENTO INDUSTRIA Y COMERCIO Y LA ALCALDIA MUNICIPAL DE ACOYAPA,/Normaweb.nsf/xpNormaJuridica.xsp?documentId=3985898167AA015C062570A100585021&action=openDocument
D54A59663AF80BD3062570A600646226,CONVENIO DE DELEGACION DE ATRIBUCIONES DE PESCA ARTESANAL ENTRE EL MINISTERIO DE FOMENTO INDUSTRIA Y COMERCIO Y LA ALCALDIA MUNICIPAL DE MORRITO,/Normaweb.nsf/xpNormaJuridica.xsp?documentId=D54A59663AF80BD3062570A600646226&action=openDocument
403CEC4441D16770062570A1005833E7,NORMATIVA PARA LA PESCA Y LA ACUICULTURA EN NICARAGUA,/Normaweb.nsf/xpNormaJuridica.xsp?documentId=403CEC4441D16770062570A1005833E7&action=openDocument
40659C1E1692D859062570A1005836EE,"Actualización de Categorías y Precisión de Limites del Área conocida como el Chocoyero – El Brujo, Ubicada en el Municipio de la Concepción, Departamento de Masaya.",/Normaweb.nsf/xpNormaJuridica.xsp?documentId=40659C1E1692D859062570A1005836EE&action=openDocument
8823DFB1E62F867B06257180005464C9,"(CLASIFICACIÓN DE PRODUCTOS PARA EL CONTROL DE PLAGUICIDAS, SUSTANCIAS TÓXICAS Y PELIGROSAS)",/Normaweb.nsf/xpNormaJuridica.xsp?documentId=8823DFB1E62F867B06257180005464C9&action=openDocument
F64A36CB3CF217E3062572840054A5D1,(MODIFÍQUESE EL LISTADO DE PRODUCTOS Y SUBPRODUCTOS DE ORIGEN BOVINO PROCEDENTES DE PAÍSES INFECTADOS CON EEB),/Normaweb.nsf/xpNormaJuridica.xsp?documentId=F64A36CB3CF217E3062572840054A5D1&action=openDocument
1D40FF3920CE9162062570A100583701,"Ley de Reforma a la Ley N°. 462, Ley de Conservación, Fomento y Desarrollo Sostenible del Sector Forestal",/Normaweb.nsf/xpNormaJuridica.xsp?documentId=1D40FF3920CE9162062570A100583701&action=openDocument
F5C5FE53E7C3B734062570A100584A95,RECONOCIMIENTO Y APROBACIÓN DE RESERVA SILVESTRE PRIVADA,/Normaweb.nsf/xpNormaJuridica.xsp?documentId=F5C5FE53E7C3B734062570A100584A95&action=openDocument
21ADF5E15B25DEA4062570A100583B99,ACTUALIZAR EL SISTEMA DE VEDAS PERÍODO 2004-2006 Y REFORMAR EL ARTÍCULO 13 DE LA RESOLUCIÓN MINISTERIAL No. 007-999 Y SUS REFORMAS CONTENIDAS EN LA RESOLUCIÓN MINISTERIAL No. 023-99.,/Normaweb.nsf/xpNormaJuridica.xsp?documentId=21ADF5E15B25DEA4062570A100583B99&action=openDocument
29FCC67B3F5395C4062572570054DEF8,Ley de Reforma a la Ley de Creación de la Empresa Nicaragüense de Acueductos y Alcantarillados Sanitarios,/Normaweb.nsf/xpNormaJuridica.xsp?documentId=29FCC67B3F5395C4062572570054DEF8&action=openDocument
C447583A79217BAE062579BB0057C3D0,APROBAR LOS CRITERIOS Y REQUISITOS CIENTÍFICO-TÉCNICOS PARA EL ESTABLECIMIENTO DE CUOTAS DE APROVECHAMIENTO DE LA VIDA SILVESTRE DE NICARAGUA,/Normaweb.nsf/xpNormaJuridica.xsp?documentId=C447583A79217BAE062579BB0057C3D0&action=openDocument
D88B7ED25A1FF594062579BC00775DBA,"ESTABLECER LOS PRINCIPIOS, CRITERIOS, REQUISITOS Y PROCEDIMIENTO ADMINISTRATIVO PARA LA CERTIFICACIÓN DE ACTIVIDADES Y/O PROGRAMAS DE PROTECCIÓN Y CONSERVACIÓN DE LA BIODIVERSIDAD Y RECURSOS NATURALES",/Normaweb.nsf/xpNormaJuridica.xsp?documentId=D88B7ED25A1FF594062579BC00775DBA&action=openDocument
E5D448BE4048BC860625724100585169,"Decreto de  Reforma  al Decreto N°. 51-98, De Creación de la Comisión Nacional de Agua Potable y Alcantarillado Sanitario",/Normaweb.nsf/xpNormaJuridica.xsp?documentId=E5D448BE4048BC860625724100585169&action=openDocument
AF61E0059FF0F4910625724100585176,De Establecimiento de la Política Nacional de Humedales,/Normaweb.nsf/xpNormaJuridica.xsp?documentId=AF61E0059FF0F4910625724100585176&action=openDocument
96F84DCD18EDD95A0625723B00615816,De Establecimiento de las Disposiciones que Regulan las Descargas de Aguas Residuales Domésticas Provenientes de los Sistemas de Tratamiento en el Lago Xolotlán,/Normaweb.nsf/xpNormaJuridica.xsp?documentId=96F84DCD18EDD95A0625723B00615816&action=openDocument
BA58507A747A5A94062572370068596F,"Reglamento de la Ley No. 462, Ley de Conservación, Fomento y Desarrollo Sostenible del Sector Forestal",/Normaweb.nsf/xpNormaJuridica.xsp?documentId=BA58507A747A5A94062572370068596F&action=openDocument
13AD1187FD18B6FB0625723600641E71,De Creación del Comité Directivo Nacional para la Modernización de la Unidad Coordinadora del programa Socio– Ambiental y de Desarrollo Forestal II (POSAF II),/Normaweb.nsf/xpNormaJuridica.xsp?documentId=13AD1187FD18B6FB0625723600641E71&action=openDocument
376155B1768A24B70625723300578EDA,"Ley de Conservación, Fomento y Desarrollo Sostenible del Sector Forestal",/Normaweb.nsf/xpNormaJuridica.xsp?documentId=376155B1768A24B70625723300578EDA&action=openDocument
7952521429B9B5610625722C005CEB46,"""APROBAR EL PLAN DE MANEJO DE LA RESERVA DE BIOSFERA BOSAWAS""",/Normaweb.nsf/xpNormaJuridica.xsp?documentId=7952521429B9B5610625722C005CEB46&action=openDocument
4D92EC09C7838B2B0625722C005CEB50,Ley de Suspensión de Concesiones de Uso de Aguas,/Normaweb.nsf/xpNormaJuridica.xsp?documentId=4D92EC09C7838B2B0625722C005CEB50&action=openDocument
55EA527F91F3FB3A0625728900736FD7,NORMA GENERAL PARA LA IMPORTACIÓN DE PRODUCTOS Y SUBPRODUCTOS DE ORIGEN VEGETAL Y ORGANISMOS VIVOS DE USO AGRÍCOLA,/Normaweb.nsf/xpNormaJuridica.xsp?documentId=55EA527F91F3FB3A0625728900736FD7&action=openDocument
652026B307BAFADC062572140065687D,"REFORMA LOS ARTÍCULOS 28 Y 44 Y DEROGA EL ARTÍCULO 39 DE LAS DISPOSICIONES ADMINISTRATIVAS EMITIDAS BAJO RESOLUCIÓN No. 07-02 (Manejo Sostenible de los Bosques Tropicales, Latifoliados y de Coníferas)",/Normaweb.nsf/xpNormaJuridica.xsp?documentId=652026B307BAFADC062572140065687D&action=openDocument
70215197367E320B062572140055C22A,De Aprobación de la Adhesión al Convenio Internacional para la Reglamentación de la Caza de la Ballena,/Normaweb.nsf/xpNormaJuridica.xsp?documentId=70215197367E320B062572140055C22A&action=openDocument
6980982F53AFB26A062572130063E11F,"De Reformas y Adición al Decreto No. 45-98, Disposiciones para la Fijación de Tarifas en el Sector de Agua Potable y Alcantarillado Sanitario",/Normaweb.nsf/xpNormaJuridica.xsp?documentId=6980982F53AFB26A062572130063E11F&action=openDocument
BEF0B9A97CCA94E906257213005A423A,APROBAR EL PLAN DE MANEJO DE LA RESERVA NATURAL CERRO MUSÚN,/Normaweb.nsf/xpNormaJuridica.xsp?documentId=BEF0B9A97CCA94E906257213005A423A&action=openDocument
323A6F4BA9E46DDA06257211004F1D53,ESTABLECER LAS REGULACIONES PARA EL OTORGAMIENTO DEL PERMISO AMBIENTAL EN EL SISTEMA NACIONAL DE ÁREAS PROTEGIDAS DE NICARAGUA,/Normaweb.nsf/xpNormaJuridica.xsp?documentId=323A6F4BA9E46DDA06257211004F1D53&action=openDocument
5F7393256304016E0625721100506D1D,"Se Reforma el Decreto N°. 6-96, Creación del Parque Histórico Nacional Loma de Tiscapa)",/Normaweb.nsf/xpNormaJuridica.xsp?documentId=5F7393256304016E0625721100506D1D&action=openDocument
55DFFAC65A033204062571B80056666F,APROBAR EL PLAN DE MANEJO DE LA RESERVA NATURAL ISLA Y ESTERO DE JUAN VENADO.,/Normaweb.nsf/xpNormaJuridica.xsp?documentId=55DFFAC65A033204062571B80056666F&action=openDocument
1902D6C3D2DC9D54062571B20056DE8A,LINEAMIENTOS DE POLÍTICA Y ESTRATEGIA NACIONAL DE EDUCACIÓN AMBIENTAL,/Normaweb.nsf/xpNormaJuridica.xsp?documentId=1902D6C3D2DC9D54062571B20056DE8A&action=openDocument
6EF9BEFC603ADA6D062571B200564A2F,APROBAR PLAN DE MANEJO DE LA RESERVA NATURAL CERRO ARENAL,/Normaweb.nsf/xpNormaJuridica.xsp?documentId=6EF9BEFC603ADA6D062571B200564A2F&action=openDocument
2524543C719C53230625711B00508B5F,De adhesión al Convenio Internacional para la Reglamentación de la Caza de la Ballena,/Normaweb.nsf/xpNormaJuridica.xsp?documentId=2524543C719C53230625711B00508B5F&action=openDocument
3C35E1BCA751A2AA062579C20074A769,PROCEDIMIENTO ADMINISTRATIVO PARA LA APROBACIÓN DE SOLICITUD DE APROVECHAMIENTO DE RECURSOS NATURALES EN LA REGIÓN AUTÓNOMA ATLÁNTICO SUR DEL C.A.A.A.S.,/Normaweb.nsf/xpNormaJuridica.xsp?documentId=3C35E1BCA751A2AA062579C20074A769&action=openDocument
FB6C2BD004F6250C0625711100568EC2,APROBAR EL PLAN DE MANEJO DE LA RESERVA NATURAL CERRO APANTE,/Normaweb.nsf/xpNormaJuridica.xsp?documentId=FB6C2BD004F6250C0625711100568EC2&action=openDocument
7B2C3FF635E5F3A7062571110058D006,APROBAR EL PLAN DE MANEJO DEL REFUGIO DE VIDA SILVESTRE RÍO ESCALANTE-CHACOCENTE,/Normaweb.nsf/xpNormaJuridica.xsp?documentId=7B2C3FF635E5F3A7062571110058D006&action=openDocument
D78C6410A4B4AD33062572A50078CFA8,"(NORMA TÉCNICA AMBIENTAL  PARA LA CLASIFICACIÓN ECOTOXICOLÓGICA Y ETIQUETADO DE PLAGUICIDAS, SUSTANCIAS TÓXICAS PELIGROSAS Y OTRAS SIMILARES)",/Normaweb.nsf/xpNormaJuridica.xsp?documentId=D78C6410A4B4AD33062572A50078CFA8&action=openDocument
A7D9462EF09F1931062571320055ED61,NORMA TÉCNICA OBLIGATORIA NICARAGÜENSE DE CALIDAD DEL AIRE,/Normaweb.nsf/xpNormaJuridica.xsp?documentId=A7D9462EF09F1931062571320055ED61&action=openDocument
F124AB4E19E485950625728A005C2C3F,NORMA TÉCNICA PARA EL MANEJO Y ELIMINACIÓN DE RESIDUOS SÓLIDOS PELIGROSOS,/Normaweb.nsf/xpNormaJuridica.xsp?documentId=F124AB4E19E485950625728A005C2C3F&action=openDocument
0F8604F2F47B7547062570D600570B31,De Aprobación del Convenio de Cartagena para la Protección y Desarrollo del Medio Marino en la Región del Gran Caribe,/Normaweb.nsf/xpNormaJuridica.xsp?documentId=0F8604F2F47B7547062570D600570B31&action=openDocument
445BF193D18CBBBC062570F3005DF502,(ESTABLECER LAS REGULACIONES PARA LA CONSERVACIÓN Y UTILIZACIÓN SOSTENIBLE DE LAS ESPECIES DE LA FAMILIA DELFÍNIDOS O DELPHINIDAE),/Normaweb.nsf/xpNormaJuridica.xsp?documentId=445BF193D18CBBBC062570F3005DF502&action=openDocument
E4375C966FF5F06A062570F3005E13EB,"(ESTABLECIMIENTO DE PROCEDIMIENTO ADMINISTRATIVO PARA LA OBTENCIÓN DEL PERMISO Y/O CERTIFICADO DE EXPORTACIÓN PARA LA ESPECIE MADERABLE SWIETENIA MACROPHYLLA, ESPECIE INCLUIDA EN EL APÉNDICE III DEL CONVENIO CITES)",/Normaweb.nsf/xpNormaJuridica.xsp?documentId=E4375C966FF5F06A062570F3005E13EB&action=openDocument
5C2BAC4BEC4368AE062570EC0059B5CE,QUE ESTABLECE REGULACIONES PARA LA INDUSTRIA FORESTAL Y EMPRESAS COMERCIALIZADORES DE MADERA EN GENERAL,/Normaweb.nsf/xpNormaJuridica.xsp?documentId=5C2BAC4BEC4368AE062570EC0059B5CE&action=openDocument
B5EF5257AAB46E1E0625710200626B82,NORMA TÉCNICA OBLIGATORIA NICARAGÜENSE DE COTO DE CAZA DE FAUNA SILVESTRE,/Normaweb.nsf/xpNormaJuridica.xsp?documentId=B5EF5257AAB46E1E0625710200626B82&action=openDocument
FCF37C7273AEDE78062571020062C082,NORMA TÉCNICA OBLIGATORIA NICARÁGÜENSE DE CAZA DEPORTIVA,/Normaweb.nsf/xpNormaJuridica.xsp?documentId=FCF37C7273AEDE78062571020062C082&action=openDocument
F77E36F6A1DC63900625710200639B90,NORMA TÉCNICA OBLIGATORIA NICARAGÜENSE PARA CENTROS DE ACOPIO DE FAUNA SILVESTRE,/Normaweb.nsf/xpNormaJuridica.xsp?documentId=F77E36F6A1DC63900625710200639B90&action=openDocument
749D6EFA854F8CF5062571020063B10F,NORMA TÉCNICA OBLIGATORIA NICARAGÜENSE PARA CRÍA EN GRANJAS DE FAUNA SILVESTRE,/Normaweb.nsf/xpNormaJuridica.xsp?documentId=749D6EFA854F8CF5062571020063B10F&action=openDocument
4987F5D7AC4C6671062571020063C6D8,"""NORMA TÉCNICA OBLIGATORIA NICARAGÜENSE DE CRIANZA EN CAUTIVERIO""",/Normaweb.nsf/xpNormaJuridica.xsp?documentId=4987F5D7AC4C6671062571020063C6D8&action=openDocument
19C580D6C4B522A6062570AB005F12FD,NORMATIVAS DE ORDENAMIENTO DE LAS PESQUERÍAS DE CAMARÓN Y LANGOSTA EN EL MAR CARIBE Y DE CAMARÓN EN EL OCÉANO PACÍFICO,/Normaweb.nsf/xpNormaJuridica.xsp?documentId=19C580D6C4B522A6062570AB005F12FD&action=openDocument
54981A48073B266806257362006E85D3,PESQUERIAS DE CAMARÓN Y LANGOSTA EN EL MAR CARIBE Y DE CAMARÓN EN EL OCÉANO PACIFICO,/Normaweb.nsf/xpNormaJuridica.xsp?documentId=54981A48073B266806257362006E85D3&action=openDocument
3E5E9D7A454E055E062570B90068482E,ESTRATEGIA NACIONAL DE BIODIVERSIDAD Y SU PLAN DE ACCIÓN,/Normaweb.nsf/xpNormaJuridica.xsp?documentId=3E5E9D7A454E055E062570B90068482E&action=openDocument
455E8618BDEEE870062570B300665362,APROBAR LOS CRITERIOS E INDICADORES DE SOSTENIBILIDAD DEL BOSQUE,/Normaweb.nsf/xpNormaJuridica.xsp?documentId=455E8618BDEEE870062570B300665362&action=openDocument
F49237A7ABDD2B6E062570AB0067C60C,"ESTABLECER EL PROCEDIMIENTO ADMINISTRATIVO Y REQUISITOS PARA EL OTORGAMIENTO DEL PERMISO ESPECIAL DE USO DE MANGLARES, HUMEDALES Y RECURSOS ASOCIADOS",/Normaweb.nsf/xpNormaJuridica.xsp?documentId=F49237A7ABDD2B6E062570AB0067C60C&action=openDocument
2FA34A10695EA1A2062570A100581BE4,APROBAR EL PLAN DE MANEJO DE LA RESERVA NATURAL DATANLÍ-EL DIABLO,/Normaweb.nsf/xpNormaJuridica.xsp?documentId=2FA34A10695EA1A2062570A100581BE4&action=openDocument
0D8071C6B660F2C5062570A100581BE9,REGULACIONES PARA EL USO SOSTENIBLE DE LA TILLANDSIA USNEOIDES O BARBA DE VIEJO,/Normaweb.nsf/xpNormaJuridica.xsp?documentId=0D8071C6B660F2C5062570A100581BE9&action=openDocument
6C047320CB259316062570A10058195D,(ACUERDO DE TITULARES DE CONCESIONES MINERAS NO METÁLICOS),/Normaweb.nsf/xpNormaJuridica.xsp?documentId=6C047320CB259316062570A10058195D&action=openDocument
2FAA8923402F7CE3062570A10058511D,RATIFICAR EL PROTOCOLO DE CARTAGENA SOBRE SEGURIDAD DE LA BIOTECNOLOGÍA DEL CONVENIO DE DIVERSIDAD BIOLÓGICA Y SUS ANEXOS,/Normaweb.nsf/xpNormaJuridica.xsp?documentId=2FAA8923402F7CE3062570A10058511D&action=openDocument
E480D5631FFCDCB0062570A100581648,(SUSPENSIÓN TEMPORAL DE CAPTURA DE LANGOSTA EN EL MAR CARIBE),/Normaweb.nsf/xpNormaJuridica.xsp?documentId=E480D5631FFCDCB0062570A100581648&action=openDocument
3D7B0C9BF4C186790625764E005D16F4,"NORMA TÉCNICA AMBIENTAL PARA EL MANEJO, TRATAMIENTO Y DISPOSICIÓN FINAL DE LOS DESECHOS SÓLIDOS NO-PELIGROSOS",/Normaweb.nsf/xpNormaJuridica.xsp?documentId=3D7B0C9BF4C186790625764E005D16F4&action=openDocument
4CB9BF20A4A661CC062570A100581645,(CREACIÓN DE LA UNIDAD DE COORDINACIÓN DEL PROGRAMA FONDO DE DESARROLLO AGROPECUARIO (FONDEAGRO)),/Normaweb.nsf/xpNormaJuridica.xsp?documentId=4CB9BF20A4A661CC062570A100581645&action=openDocument
0A383201738F8216062570A100581C27,DISPOSICIONES ADMINISTRATIVAS PARA EL MANEJO SOSTENIBLE DE LOS BOSQUES TROPICALES LATIFOLIADOS Y DE CONIFERAS,/Normaweb.nsf/xpNormaJuridica.xsp?documentId=0A383201738F8216062570A100581C27&action=openDocument
735A4EF5D3322A2B062570A100581A03,REGULACIÓN DEL RÉGIMEN DE RETENCIÓN EN LA FUENTE A LA EXPLOTACIÓN DE MADERAS,/Normaweb.nsf/xpNormaJuridica.xsp?documentId=735A4EF5D3322A2B062570A100581A03&action=openDocument
D6D3D209D6021B500625771B0060F9DA,NORMA TÉCNICA PARA EL MANEJO SOSTENIBLE DE LOS BOSQUES TROPICALES LATIFOLIADOS Y DE CONÍFERAS,/Normaweb.nsf/xpNormaJuridica.xsp?documentId=D6D3D209D6021B500625771B0060F9DA&action=openDocument
68722115E0E27F50062573610072A1AB,NORMA TÉCNICA PARA EL CONTROL AMBIENTAL DE LOS RELLENOS SANITARIOS PARA DESECHOS SÓLIDOS NO PELIGROSOS,/Normaweb.nsf/xpNormaJuridica.xsp?documentId=68722115E0E27F50062573610072A1AB&action=openDocument
89436DD30CA2DCDF062570F9005B113B,Para la Administración del Sistema de Permiso y Evaluación de Impacto Ambiental en las Regiones Autónomas de la Costa Atlántica,/Normaweb.nsf/xpNormaJuridica.xsp?documentId=89436DD30CA2DCDF062570F9005B113B&action=openDocument
98E1553CDEADCE620625764E005CFC5F,NORMA TÉCNICA NICARAGÜENSE OBLIGATORIA DE COMERCIO INTERNO DE FAUNA SILVESTRE,/Normaweb.nsf/xpNormaJuridica.xsp?documentId=98E1553CDEADCE620625764E005CFC5F&action=openDocument
08BC8D312D18CCE3062570A1005818FC,Establecer la Temporada de Pesca y la Cuota Global Anual de Captura 2001-2002 para la Pesquería de Camarón y Langosta en Ambos Litorales,/Normaweb.nsf/xpNormaJuridica.xsp?documentId=08BC8D312D18CCE3062570A1005818FC&action=openDocument
58BF49FD8847E88F062570A100581901,ESTABLECER LOS MECANISMOS PARA LA MEDICIÓN DE LANGOSTA EN EL MAR CARIBE,/Normaweb.nsf/xpNormaJuridica.xsp?documentId=58BF49FD8847E88F062570A100581901&action=openDocument
1A23A4298760F2D5062570A1005781DD,De Creación de la Oficina Nacional de Desarrollo Limpio,/Normaweb.nsf/xpNormaJuridica.xsp?documentId=1A23A4298760F2D5062570A1005781DD&action=openDocument
2CA825FB2C9A2B14062570A100581B9A,Decreto de Aprobación del Protocolo de Cartagena sobre Seguridad de la Biotecnología del Convenio de Diversidad Biológica y sus Anexos,/Normaweb.nsf/xpNormaJuridica.xsp?documentId=2CA825FB2C9A2B14062570A100581B9A&action=openDocument
E5546F08066E839F062570A100581949,"(Reforma al Artículo N°. 42 del Decreto. 33-95, (Disposiciones para el Control de la Contaminación Provenientes de las Descargas de Aguas Residuales Domésticas, Industriales y Agropecuarias)",/Normaweb.nsf/xpNormaJuridica.xsp?documentId=E5546F08066E839F062570A100581949&action=openDocument
8698C831247D9BFB062570A10058183E,(RESTABLECIMIENTO Y ADECUACIÓN UNIDAD COORDINADORA DEL PROGRAMA SOCIOAMBIENTAL Y DE DESARROLLO FORESTAL II),/Normaweb.nsf/xpNormaJuridica.xsp?documentId=8698C831247D9BFB062570A10058183E&action=openDocument
276ABF1F6374C9F2062570AE0052D6AA,Ley que Declara y Define la Reserva de Bosawas,/Normaweb.nsf/xpNormaJuridica.xsp?documentId=276ABF1F6374C9F2062570AE0052D6AA&action=openDocument
8EF13C9151671220062570A100581043,Que Establece la Política Nacional de los Recursos Hídricos,/Normaweb.nsf/xpNormaJuridica.xsp?documentId=8EF13C9151671220062570A100581043&action=openDocument
EF150A15F2259465062570A100580F3D,“ESTABLECE LOS LINEAMIENTOS DE POLÍTICAS PARA EL USO SOSTENIBLE DE LOS RECURSOS PESQUEROS Y ACUÍCOLAS”,/Normaweb.nsf/xpNormaJuridica.xsp?documentId=EF150A15F2259465062570A100580F3D&action=openDocument
39D4925A4E5F3E14062570A10058122E,Ley de Tasas por Aprovechamiento y Servicios Forestales,/Normaweb.nsf/xpNormaJuridica.xsp?documentId=39D4925A4E5F3E14062570A10058122E&action=openDocument
A687D23D710D0221062570A100580ECF,Reglamento del Fondo Nacional del Ambiente,/Normaweb.nsf/xpNormaJuridica.xsp?documentId=A687D23D710D0221062570A100580ECF&action=openDocument
6856F99B6AE5E1C2062570A100580EDE,QUE DECLARA EL ESTADO DE DESASTRE AMBIENTAL EN EL DEPARTAMENTO DE NUEVA SEGOVIA,/Normaweb.nsf/xpNormaJuridica.xsp?documentId=6856F99B6AE5E1C2062570A100580EDE&action=openDocument
F32D3635F25261E1062570A1005814D1,PROCEDIMIENTOS ADMINISTRATIVOS PARA EL OTORGAMIENTO DE CONCESIONES DE ACUICULTURA,/Normaweb.nsf/xpNormaJuridica.xsp?documentId=F32D3635F25261E1062570A1005814D1&action=openDocument
88007CDEC154BAAF062570A100580E97,"De Reforma al Decreto N°. 91-2000, Denominado Reglamento para el Control de Sustancias que Agotan la Capa de Ozono",/Normaweb.nsf/xpNormaJuridica.xsp?documentId=88007CDEC154BAAF062570A100580E97&action=openDocument
1E0C956C9ED7B918062570A100580E75,"""Creación de Unidades de Gestión Ambiental""",/Normaweb.nsf/xpNormaJuridica.xsp?documentId=1E0C956C9ED7B918062570A100580E75&action=openDocument
1D74736C4E45DEA1062570A1005815A9,ESTABLECER LAS SIGUIENTES REGULACIONES PARA LA PESQUERÍA DE TIBURONES EN AMBOS OCÉANOS,/Normaweb.nsf/xpNormaJuridica.xsp?documentId=1D74736C4E45DEA1062570A1005815A9&action=openDocument
18BDA6BFC2F070F6062570A1005814D3,ESTABLECER VEDA PARA LA CAPTURA DE LANGOSTA EN EL MAR CARIBE,/Normaweb.nsf/xpNormaJuridica.xsp?documentId=18BDA6BFC2F070F6062570A1005814D3&action=openDocument
D749C34F92799BA2062570A100581460,DISPOSICIONES ADMINISTRATIVAS PARA LA TRAMITACIÓN DE SOLICITUDES DE OBTENCIÓN DE DERECHOS PARA EL APROVECHAMIENTO DE RECURSOS NATURALES DEL DOMINIO DEL ESTADO,/Normaweb.nsf/xpNormaJuridica.xsp?documentId=D749C34F92799BA2062570A100581460&action=openDocument
0924A3FEFC1166EF062570A100581462,(DISPOSICIONES ADMINISTRATIVAS RELATIVAS AL ACCESO A LAS PESQUERÍAS DE CAMARÓN),/Normaweb.nsf/xpNormaJuridica.xsp?documentId=0924A3FEFC1166EF062570A100581462&action=openDocument
F7B1D8C0F31EDB37062570A1005815DC,(DECLARAR EL ESTADO DE ALERTA SANITARIA Y FITOSANITARIA),/Normaweb.nsf/xpNormaJuridica.xsp?documentId=F7B1D8C0F31EDB37062570A1005815DC&action=openDocument
BD89C67796A71391062570A1005815DF,ESTABLECER EL PLAN GRADUAL INTEGRAL DE REDUCCIÓN DE LA CONTAMINACIÓN INDUSTRIAL,/Normaweb.nsf/xpNormaJuridica.xsp?documentId=BD89C67796A71391062570A1005815DF&action=openDocument
84EE0CBE02D1B904062570A100580DCC,Que Establece las Políticas de Desarrollo Forestal de Nicaragua,/Normaweb.nsf/xpNormaJuridica.xsp?documentId=84EE0CBE02D1B904062570A100580DCC&action=openDocument
67A8A07340D3BC42062573020055FDCE,NORMAS TÉCNICAS PARA DISEÑOS DE SISTEMAS DE ABASTECIMIENTO DÉ AGUA POTABLE EN EL MEDIO RURAL Y SANEAMIENTO BÁSICO RURAL,/Normaweb.nsf/xpNormaJuridica.xsp?documentId=67A8A07340D3BC42062573020055FDCE&action=openDocument
89068579BAF511E5062570A600647E7F,Establece la Política Ambiental y Aprueba el Plan Ambiental de Nicaragua 2001-2005,/Normaweb.nsf/xpNormaJuridica.xsp?documentId=89068579BAF511E5062570A600647E7F&action=openDocument
92959331CBD9D177062570A100580C62,(Deroga y Reformas Varios Artículos del Reglamento de Áreas Protegidas de Nicaragua),/Normaweb.nsf/xpNormaJuridica.xsp?documentId=92959331CBD9D177062570A100580C62&action=openDocument
C8DA67454670A3D3062570A100581541,(LEGALIZACIÓN DE MADERA CORTADA DE FORMA ILEGAL),/Normaweb.nsf/xpNormaJuridica.xsp?documentId=C8DA67454670A3D3062570A100581541&action=openDocument
C1822E8B4F9DFBAF062570A100580C36,"(Ampliar la Declaración de Situación de Desastre Natural a los Departamentos de Granada, Rivas y las Regiones Autónomas del Atlántico Norte y Sur).",/Normaweb.nsf/xpNormaJuridica.xsp?documentId=C1822E8B4F9DFBAF062570A100580C36&action=openDocument
9EBCBDBC7325DF9D06257261005D1E28,(Declarar Situación de Desastre Natural las Zonas Norte y Occidente del País),/Normaweb.nsf/xpNormaJuridica.xsp?documentId=9EBCBDBC7325DF9D06257261005D1E28&action=openDocument
15C9BD4B19892A83062570A10058155C,(TARIFA POR SERVICIOS ESPECIALIZADOS QUE BRINDA MAG-FOR),/Normaweb.nsf/xpNormaJuridica.xsp?documentId=15C9BD4B19892A83062570A10058155C&action=openDocument
14D2C21BE4B13700062570A100580BF1,Reglamento para el Control de Sustancias que Agotan la Capa de Ozono,/Normaweb.nsf/xpNormaJuridica.xsp?documentId=14D2C21BE4B13700062570A100580BF1&action=openDocument
DCF9E12B4D9897CF0625725A004F9EFE,"De Creación de la Comisión Interinstitucional para la Conservación, Protección y Vigilancia de las Reservas de Biosfera de Bosawas y del Sureste de Nicaragua",/Normaweb.nsf/xpNormaJuridica.xsp?documentId=DCF9E12B4D9897CF0625725A004F9EFE&action=openDocument
3C9CE07C25D44E18062573F3005F43BA,NORMA TÉCNICA PARA EL CONTROL AMBIENTAL DE LAS LAGUNAS CRATÉRICAS,/Normaweb.nsf/xpNormaJuridica.xsp?documentId=3C9CE07C25D44E18062573F3005F43BA&action=openDocument
E3A5866486BE33BB062573F300687AFC,NORMA TÉCNICA PARA EL MANEJO AMBIENTAL EN ASERRADEROS,/Normaweb.nsf/xpNormaJuridica.xsp?documentId=E3A5866486BE33BB062573F300687AFC&action=openDocument
488B4D6DB8629C4B0625724100567570,MEDIDAS SANITARIAS Y FITOSANITARIAS,/Normaweb.nsf/xpNormaJuridica.xsp?documentId=488B4D6DB8629C4B0625724100567570&action=openDocument
608A20AA89A4849C06257376007383D2,(SE EXPIDE EL PRESENTE INSTRUMENTO DE RATIFICACIÓN DE ENMIENDAS AL PROTOCOLO DE MONTREAL),/Normaweb.nsf/xpNormaJuridica.xsp?documentId=608A20AA89A4849C06257376007383D2&action=openDocument
C96B801B0280AD4F062573EC006AF840,NORMA TÉCNICA DE CAFÉ VERDE,/Normaweb.nsf/xpNormaJuridica.xsp?documentId=C96B801B0280AD4F062573EC006AF840&action=openDocument
1A3A99B77290B980062573DF00594022,NORMA PARA LA CLASIFICACIÓN DE LOS RECURSOS HÍDRICOS,/Normaweb.nsf/xpNormaJuridica.xsp?documentId=1A3A99B77290B980062573DF00594022&action=openDocument
0194C3763556EDD0062571450055DD63,(SE EXPIDE LA CONVENCIÓN MARCO DE LAS NACIONES UNIDAS SOBRE EL CAMBIO CLIMÁTICO),/Normaweb.nsf/xpNormaJuridica.xsp?documentId=0194C3763556EDD0062571450055DD63&action=openDocument
A1FEBD8A6AA3F9410625714600542700,(SE EXPIDE EL CONVENIO REGIONAL PARA EL MANEJO Y LA CONSERVACIÓN DE LOS ECOSISTEMAS NATURALES FORESTALES Y EL DESARROLLO DE PLANTACIONES FORESTALES),/Normaweb.nsf/xpNormaJuridica.xsp?documentId=A1FEBD8A6AA3F9410625714600542700&action=openDocument
C14F72D24C513321062570A1005801F0,ESTABLECER PROCEDIMIENTO PARA LA FIJACIÓN DE LA CUOTA GLOBAL ANUAL DE CAPTURA Y EL NÚMERO PERMISIBLE DE EMBARCACIONES PARA CADA UNIDAD PESQUERIA.,/Normaweb.nsf/xpNormaJuridica.xsp?documentId=C14F72D24C513321062570A1005801F0&action=openDocument
4419F534A59F557E062570A1005801F8,ACTUALIZAR LOS PROCEDIMIENTOS PARA EL OTORGAMEINTO DE LOS DERECHOS PESQUEROS Y ACUICOLAS.,/Normaweb.nsf/xpNormaJuridica.xsp?documentId=4419F534A59F557E062570A1005801F8&action=openDocument
ED47EAC9079EBD32062570A1005801FA,(APROBAR PLAN DE MANEJO DEL REFUGIO DE VIDA SILVESTRE RÍO SAN JUAN),/Normaweb.nsf/xpNormaJuridica.xsp?documentId=ED47EAC9079EBD32062570A1005801FA&action=openDocument
3DDB5A1CE03D594A062570A10058010C,DECLARACION DE AREA DEMOSTRATIVA A LA RESERVA NATURAL MIRAFLOR MOROPOTENTE DEL DEPARTAMENTO DE ESTELI PERTENECIENTE AL SISTEMA NACIONAL DE AREAS PROTEGIDAS (SINAP).,/Normaweb.nsf/xpNormaJuridica.xsp?documentId=3DDB5A1CE03D594A062570A10058010C&action=openDocument
FEF539F1CD11B397062570A10058010E,(PONER EN VIGENCIA EL MANUAL GENERAL DE OPERACIONES DEL GUARDAPARQUE).,/Normaweb.nsf/xpNormaJuridica.xsp?documentId=FEF539F1CD11B397062570A10058010E&action=openDocument
A97D265F1CB0CB95062570A100580103,NORMA TÉCNICA OBLIGATORIA NICARAGÜENSE PARA LA CLASIFICACIÓN TOXICOLÓGICA Y ETIQUETADO DE PLAGUICIDAS DE USO DOMÉSTICO Y EN SALUD PÚBLICA.,/Normaweb.nsf/xpNormaJuridica.xsp?documentId=A97D265F1CB0CB95062570A100580103&action=openDocument
E15BC36B7364BFA1062570A1005800F5,NORMA TÉCNICA OBLIGATORIA NICARAGÜENSE PARA EL CONTROL DE PLAGUICIDAS DE USO DOMÉSTICO Y EN SALUD PÚBLICA,/Normaweb.nsf/xpNormaJuridica.xsp?documentId=E15BC36B7364BFA1062570A1005800F5&action=openDocument
C62256106BAFBE36062570A1005800C6,NORMAS PARA LA CONFECCION Y USO DEL UNIFORME DE LOS    GUARDAPARQUES.,/Normaweb.nsf/xpNormaJuridica.xsp?documentId=C62256106BAFBE36062570A1005800C6&action=openDocument
3DC1D06A2F8D52F2062570A10057FF18,NORMA PARA DETERMINACIÓN DE LA ESTABILIDAD DE LA DILUCIÓN,/Normaweb.nsf/xpNormaJuridica.xsp?documentId=3DC1D06A2F8D52F2062570A10057FF18&action=openDocument
056E9174ED253EFA062570A10057FDCD,(Ratificación a la Aprobación de Protocolo de Montreal),/Normaweb.nsf/xpNormaJuridica.xsp?documentId=056E9174ED253EFA062570A10057FDCD&action=openDocument
11218BA1C3E10522062570A10057FE0E,(RATIFICACIÓN DEL ACUERDO PARA LA CONSERVACIÓN DE LOS DELFINES),/Normaweb.nsf/xpNormaJuridica.xsp?documentId=11218BA1C3E10522062570A10057FE0E&action=openDocument
9805D7981FC746AD062570A10057FE16,(RATIFICAR EL PROTOCOLO DE KYOTO DE LA CONVENCIÓN MARCO DE LAS NACIONES UNIDAS SOBRE EL CAMBIO CLIMÁTICO),/Normaweb.nsf/xpNormaJuridica.xsp?documentId=9805D7981FC746AD062570A10057FE16&action=openDocument
362C00F592B0D31F0625725D005604BB,CREACION DE LA COMISIÓN DE CAMBIOS CLIMÁTICOS,/Normaweb.nsf/xpNormaJuridica.xsp?documentId=362C00F592B0D31F0625725D005604BB&action=openDocument
6C178D158DAC1E33062570A60067A134,ORDENANZA MUNICIPAL QUE NORMA LO RELATIVO A LA TALA Y DESRAME DE ÁRBOLES EN EL MUNICIPIO DE CORINTO.,/Normaweb.nsf/xpNormaJuridica.xsp?documentId=6C178D158DAC1E33062570A60067A134&action=openDocument
7356D4F99B6D49AD062572590052D78A,(ESTRATEGIA PARA PREVENCIÓN Y CONTROL DE LA CONTAMINACIÓN),/Normaweb.nsf/xpNormaJuridica.xsp?documentId=7356D4F99B6D49AD062572590052D78A&action=openDocument
362C579BCC54EC06062572580059FD10,(SISTEMA DE LICENCIAS Y PERMISOS PARA EL USO DE LOS RECURSOS DE   BIODIVERSIDAD.),/Normaweb.nsf/xpNormaJuridica.xsp?documentId=362C579BCC54EC06062572580059FD10&action=openDocument
F8E2C76D5815669B06257244005FEBB6,Aprobación de Enmiendas de 1990 y 1992 al Protocolo de Montreal Relativo a las Sustancias Agotadoras de la Capa de Ozono,/Normaweb.nsf/xpNormaJuridica.xsp?documentId=F8E2C76D5815669B06257244005FEBB6&action=openDocument
01B9519C86E3968A0625725700624363,(CREACIÓN DE UNIDAD DE PROYECTOS DEL FONDO DE REHABILITACIÓN AGRÍCOLA (MAGFOR-ASDI)),/Normaweb.nsf/xpNormaJuridica.xsp?documentId=01B9519C86E3968A0625725700624363&action=openDocument
F44E6A9A8EF7E788062572440053D7C0,Aprobacion al Protocolo de Kyoto de la Convencion  Marco de las  Naciones Unidas,/Normaweb.nsf/xpNormaJuridica.xsp?documentId=F44E6A9A8EF7E788062572440053D7C0&action=openDocument
5F5A230633EB33290625723A00600179,Actualización y Precisión de Categorías y Limites de las Áreas Protegidas Ubicadas en el Territorio del Sureste de Nicaragua,/Normaweb.nsf/xpNormaJuridica.xsp?documentId=5F5A230633EB33290625723A00600179&action=openDocument
53F50C040EB687420625723A005BF322,(DECLÁRASE DE UTILIDAD PÚBLICA EL PROGRAMA LABORATORIO NACIONAL DE RESIDUOS BIOLÓGICOS DEL MINISTERIO AGROPECUARIO Y FORESTAL),/Normaweb.nsf/xpNormaJuridica.xsp?documentId=53F50C040EB687420625723A005BF322&action=openDocument
4C69D8A476751D450625722E0063883C,ACUERDO SOBRE EL PROGRAMA INTERNACIONAL PARA LA CONSERVACIÓN DE LOS DELFINES,/Normaweb.nsf/xpNormaJuridica.xsp?documentId=4C69D8A476751D450625722E0063883C&action=openDocument
F69107161AAE4A8B06257227005C29F9,"(RATIFICAR EL ""CONVENIO REGIONAL PARA EL MANEJO Y CONSERVACIÓN DE LOS ECOSISTEMAS NATURALES FORESTALES Y EL DESARROLLO DE PLANTACIONES FORESTALES"")",/Normaweb.nsf/xpNormaJuridica.xsp?documentId=F69107161AAE4A8B06257227005C29F9&action=openDocument
2225795ADAD762DF06257217006632B7,Reglamento de Áreas Protegidas de Nicaragua,/Normaweb.nsf/xpNormaJuridica.xsp?documentId=2225795ADAD762DF06257217006632B7&action=openDocument
C40567C8FA2A5AF7062570A10057F7E1,"(ESTABLECER LAS TOLERANCIAS, NIVELES DE ACCIÓN Y NIVELES DE ORIENTACIÓN PARA CONTAMINANTES AMBIENTALES, QUÍMICOS, PESTICIDAS Y PRODUCTOS VETERINARIOS)",/Normaweb.nsf/xpNormaJuridica.xsp?documentId=C40567C8FA2A5AF7062570A10057F7E1&action=openDocument
49EAE36C0CE4E475062570A10057F7E4,(ESTABLECE LOS EXÁMENES ORGANOLÉPTICOS EN LA CATEGORÍA DE FRESCURA DE LOS PRODUCTOS PESQUEROS),/Normaweb.nsf/xpNormaJuridica.xsp?documentId=49EAE36C0CE4E475062570A10057F7E4&action=openDocument
7B9959769955C695062570A10057F7D6,(ESTABLECER LOS CRITERIOS MICROBIOLÓGICOS APLICABLES A LA PRODUCCIÓN DE CRUSTÁCEOS Y MOLUSCOS COCIDOS),/Normaweb.nsf/xpNormaJuridica.xsp?documentId=7B9959769955C695062570A10057F7D6&action=openDocument
EA17E07A7ED5D8DD062570A10057F7D9,(ESTABLECE LAS MODALIDADES DE CONTROL VISUAL PARA DETECTAR PARÁSITOS EN LOS PRODUCTOS PESQUEROS),/Normaweb.nsf/xpNormaJuridica.xsp?documentId=EA17E07A7ED5D8DD062570A10057F7D9&action=openDocument
8B52495BAAB86537062570A10057F7E0,"(ESTABLECE LOS MÉTODOS DE ANÁLISIS, LOS PLANES DE MUESTREO Y LOS NIVELES MÁXIMOS DE MERCURIO EN LOS PRODUCTOS PESQUEROS)",/Normaweb.nsf/xpNormaJuridica.xsp?documentId=8B52495BAAB86537062570A10057F7E0&action=openDocument
A29AC0AEDC7152A7062570A10057F8DD,(REQUISITOS QUE DEBEN CUMPLIR LAS PLANTAS PROCESADORAS DE PRODUCTOS PESQUEROS),/Normaweb.nsf/xpNormaJuridica.xsp?documentId=A29AC0AEDC7152A7062570A10057F8DD&action=openDocument
F8534CD563264D610625714800578050,"REGLAMENTO DE LA MORATORIA SOBRE LOS RECURSOS FLORA, FAUNA, SUELO, AGUA Y MINERÍA DEL MUNICIPIO DE NUEVA GUINEA (OCTUBRE 1998-OCTUBRE 2003)",/Normaweb.nsf/xpNormaJuridica.xsp?documentId=F8534CD563264D610625714800578050&action=openDocument
F8C796407D33C7490625714000504759,(NORMAS Y ESPECIFICACIONES TÉCNICAS PARA ASEGURAR LA PRODUCCIÓN DE PRODUCTOS DEL MAR),/Normaweb.nsf/xpNormaJuridica.xsp?documentId=F8C796407D33C7490625714000504759&action=openDocument
5ABBCC72BC36E91B062571400050516C,(CUMPLIMIENTO DE LAS NORMAS SANITARIAS Y DE CALIDAD PARA LOS PRODUCTOS DEL MAR),/Normaweb.nsf/xpNormaJuridica.xsp?documentId=5ABBCC72BC36E91B062571400050516C&action=openDocument
4FF7F75588CF1A5F06257131006283CE,(REGULACIONES SOBRE AGUAS Y MADERA),/Normaweb.nsf/xpNormaJuridica.xsp?documentId=4FF7F75588CF1A5F06257131006283CE&action=openDocument
1BB61B6445932240062570B4007D470F,Reglamento de la Ley General de Servicios de Agua Potable y Alcantarillado Sanitario,/Normaweb.nsf/xpNormaJuridica.xsp?documentId=1BB61B6445932240062570B4007D470F&action=openDocument
E4D11AD6DC29E5C3062570B6006D1E6A,De Creación de la Comisión Nacional de Agua Potable y Alcantarillados Sanitarios,/Normaweb.nsf/xpNormaJuridica.xsp?documentId=E4D11AD6DC29E5C3062570B6006D1E6A&action=openDocument
5475D9499422BE40062570B900759892,DE APROBACIÓN DEL CONVENIO REGIONAL PARA EL MANEJO Y CONSERVACIÓN DE LOS ECOSISTEMAS NATURALES FORESTALES Y EL DESARROLLO DE PLANTACIONES FORESTALES,/Normaweb.nsf/xpNormaJuridica.xsp?documentId=5475D9499422BE40062570B900759892&action=openDocument
DA8F6B5F05F26DBB062570AB005AFDB5,LEY GENERAL DE SERVICIOS DE AGUA POTABLE Y ALCANTARILLADO SANITARIO,/Normaweb.nsf/xpNormaJuridica.xsp?documentId=DA8F6B5F05F26DBB062570AB005AFDB5&action=openDocument
2F99D16DC3FBDC51062570A10057A333,(Autorización a  la Junta Directiva de la Empresa Nicaragüense de Acueductos y Alcantarillados Sanitario),/Normaweb.nsf/xpNormaJuridica.xsp?documentId=2F99D16DC3FBDC51062570A10057A333&action=openDocument
1DB0BFC0A47F3277062570A10057A328,Disposiciones para la Fijación de las Tarifas en el  Sector de Agua Potable y Alcantarillado Sanitario,/Normaweb.nsf/xpNormaJuridica.xsp?documentId=1DB0BFC0A47F3277062570A10057A328&action=openDocument
4A7F05F6BAA820F3062570A100585718,DE RESTAURACIÓN Y DEFENSA DEL PATRIMONIO FORESTAL DE NICARAGUA,/Normaweb.nsf/xpNormaJuridica.xsp?documentId=4A7F05F6BAA820F3062570A100585718&action=openDocument
8C3859127CC2B89B062570A10057A2D8,MEDIDAS PARA PREVENIR INCENDIOS FORESTALES,/Normaweb.nsf/xpNormaJuridica.xsp?documentId=8C3859127CC2B89B062570A10057A2D8&action=openDocument
FCF32147F03C390C062570A6005C0B94,(ESTABLECER CON CARÁCTER OBLIGATORIO PARA LAS EMBARCACIONES NACIONALES Y EXTRANJERAS INSTALAR DISPOSITIVOS EXCLUSORES DE TORTUGAS MIENTRAS DURE SU FAENA DE PESCA),/Normaweb.nsf/xpNormaJuridica.xsp?documentId=FCF32147F03C390C062570A6005C0B94&action=openDocument
BEF9015A6C2F55B5062570A10057A2AB,"(Prohibición sobre Corte de Madera Caoba, Cedro y Pochote)",/Normaweb.nsf/xpNormaJuridica.xsp?documentId=BEF9015A6C2F55B5062570A10057A2AB&action=openDocument
2D845CCC38B83584062570A10057A27C,"(Reformas al Decreto N°. 32-97, Reglamento General para el Control de Emisiones de los Vehículos Automotores de Nicaragua para el Control de Emisiones de los Vehículos Automotores de Nicaragua).",/Normaweb.nsf/xpNormaJuridica.xsp?documentId=2D845CCC38B83584062570A10057A27C&action=openDocument
03082DF444F1D81D062570A10057A268,Reglamento de la Ley de Reforma a la Ley Orgánica del Instituto Nicaragüense de Acueductos y Alcantarillados (INAA),/Normaweb.nsf/xpNormaJuridica.xsp?documentId=03082DF444F1D81D062570A10057A268&action=openDocument
9DE11E8BC1F5D610062570A10057A20F,Normas y Procedimientos para la Exportación e Importación de Especies de Flora y Fauna Silvestres de Nicaragua,/Normaweb.nsf/xpNormaJuridica.xsp?documentId=9DE11E8BC1F5D610062570A10057A20F&action=openDocument
D0EB3FC23E5D83D9062570A100584C43,Ley de Reforma a la Ley Orgánica del Instituto Nicaragüense de Acueductos y Alcantarillados (INAA),/Normaweb.nsf/xpNormaJuridica.xsp?documentId=D0EB3FC23E5D83D9062570A100584C43&action=openDocument
2273A5BB02459BA1062570A100584C3C,(ENTIDAD SUPERVISORA Y COORDINADORA DEL PROGRAMA DE OTORGAMIENTO DE CERTIFICADOS DE PRODUCTIVIDAD AGRÍCOLA Y DE REFORESTACIÓN),/Normaweb.nsf/xpNormaJuridica.xsp?documentId=2273A5BB02459BA1062570A100584C3C&action=openDocument
607E8EBD8459B8D2062570A1005777A7,Ley  de Creación de la Empresa Nicaragüense de Acueductos y Alcantarillados Sanitarios (ENACAL),/Normaweb.nsf/xpNormaJuridica.xsp?documentId=607E8EBD8459B8D2062570A1005777A7&action=openDocument
E8D0F7597B0768B9062570A100577924,Ley de Reforma Parcial a la Ley de Suspensión de la Tramitación de Solicitudes de Otorgamiento de Concesiones y Contratos de Exploración y Explotación de los Recursos Naturales,/Normaweb.nsf/xpNormaJuridica.xsp?documentId=E8D0F7597B0768B9062570A100577924&action=openDocument
4F26065E3EA3BBFD062570A10057AB77,Reforma al Decreto No. 32-97 Denominado Reglamento General para el Control de Emisiones de los Vehículos Automotores de Nicaragua,/Normaweb.nsf/xpNormaJuridica.xsp?documentId=4F26065E3EA3BBFD062570A10057AB77&action=openDocument
B4988ABEAA19A3CF062570A10057AA57,"(Aclaración del Arto.1 del Decreto 30-97, Sobre Exportación de Madera de Caoba y Cedro)",/Normaweb.nsf/xpNormaJuridica.xsp?documentId=B4988ABEAA19A3CF062570A10057AA57&action=openDocument
7B256F2698BC99CA062570A10057AA03,Reglamento General para el Control de Emisiones de los Vehículos Automotores de Nicaragua,/Normaweb.nsf/xpNormaJuridica.xsp?documentId=7B256F2698BC99CA062570A10057AA03&action=openDocument
995CAB1CACCE864D062572E400641388,INSTRUMENTO DE ADHESIÓN (CONVENCIÓN RELATIVA A LOS HUMEDALES DE IMPORTANCIA INTERNACIONAL),/Normaweb.nsf/xpNormaJuridica.xsp?documentId=995CAB1CACCE864D062572E400641388&action=openDocument
6FE8E42BB1CAB6B5062572E40064CB6C,Instrumento de Adhesión (Convenio de Basilea Sobre el Control de los Movimientos Transfronterizos de los Desechos Peligrosos y su Eliminación),/Normaweb.nsf/xpNormaJuridica.xsp?documentId=6FE8E42BB1CAB6B5062572E40064CB6C&action=openDocument
6B4C10F3D643B3CE062570A10057A9F8,"Reforma al Decreto 25-91, (Creación de la Comisión de la Cuenca del Lago de Managua)",/Normaweb.nsf/xpNormaJuridica.xsp?documentId=6B4C10F3D643B3CE062570A10057A9F8&action=openDocument
1F633F86141518F5062570A10057A9F5,Regulación para l a Explotación de Las Especies Swietenia Macrophylla y Cedral Odorata (Caoba y Cedro),/Normaweb.nsf/xpNormaJuridica.xsp?documentId=1F633F86141518F5062570A10057A9F5&action=openDocument
CC31F205DD6A61EE062572D8005584F9,Reforma al Decreto No. 44-91 que declara la Reserva Nacional de Recursos Naturales Bosawás,/Normaweb.nsf/xpNormaJuridica.xsp?documentId=CC31F205DD6A61EE062572D8005584F9&action=openDocument
2E62B7D3F2E22D9E062570A100579BFB,De Aprobación de la Adhesión a la Convención Relativa a los Humedales de Importancia Internacional,/Normaweb.nsf/xpNormaJuridica.xsp?documentId=2E62B7D3F2E22D9E062570A100579BFB&action=openDocument
FF5CF81516AEAA2C062570A600646A9E,De Aprobación de Adhesión Al Convenio de Basilea Sobre el Control de los Movimientos Transfronterizos de los Desechos Peligrosos y su Eliminación,/Normaweb.nsf/xpNormaJuridica.xsp?documentId=FF5CF81516AEAA2C062570A600646A9E&action=openDocument
D612ECCF72EC3812062570F50062D7D9,Adhesión a la Convención Relativa a los Humedales de Importancia Internacional,/Normaweb.nsf/xpNormaJuridica.xsp?documentId=D612ECCF72EC3812062570F50062D7D9&action=openDocument
3A5053E98D7F86CA0625711500580FD9,ADHESIÓN AL CONVENIO DE BASILEA SOBRE EL CONTROL DE LOS MOVIMIENTOS TRANSFRONTERIZOS DE LOS DESECHOS PELIGROSOS Y SU ELIMINACIÓN,/Normaweb.nsf/xpNormaJuridica.xsp?documentId=3A5053E98D7F86CA0625711500580FD9&action=openDocument
76722DB5847548480625712200599D2D,Ley de Suspensión de la Tramitación de Solicitudes de Otorgamiento de Concesiones y Contratos de Exploración y Explotación de los Recursos Naturales,/Normaweb.nsf/xpNormaJuridica.xsp?documentId=76722DB5847548480625712200599D2D&action=openDocument
29B81609B8726F49062570BC005FBB2C,Reglamento de la Ley General del Medio Ambiente y los Recursos Naturales,/Normaweb.nsf/xpNormaJuridica.xsp?documentId=29B81609B8726F49062570BC005FBB2C&action=openDocument
B31271312B744DA9062570BC005CA223,Ratificación del Acuerdo Regional Sobre Movimiento Transfronterizo de Desechos Peligrosos,/Normaweb.nsf/xpNormaJuridica.xsp?documentId=B31271312B744DA9062570BC005CA223&action=openDocument
0591EAEC27331AF90625711600697877,De Aprobación del Acuerdo Regional Sobre Movimiento Transfronterizo de Desechos Peligrosos,/Normaweb.nsf/xpNormaJuridica.xsp?documentId=0591EAEC27331AF90625711600697877&action=openDocument
1B5EFB1E58D7618A0625711600561572,Ley General del Medio Ambiente y los Recursos Naturales,/Normaweb.nsf/xpNormaJuridica.xsp?documentId=1B5EFB1E58D7618A0625711600561572&action=openDocument
D9691CAA18F9AFD9062570B400555B26,Creación del Parque Histórico Nacional Loma de Tiscapa,/Normaweb.nsf/xpNormaJuridica.xsp?documentId=D9691CAA18F9AFD9062570B400555B26&action=openDocument
603D8FBC894F308E062570B40056AB87,Reformase el Decreto No. 25-91 Creación de la Comisión de la Cuenca del Lago de Managua,/Normaweb.nsf/xpNormaJuridica.xsp?documentId=603D8FBC894F308E062570B40056AB87&action=openDocument
6CA5249C6478798F062571BC006805D5,RATIFICACIÓN DEL CONVENIO SOBRE DIVERSIDAD BIOLÓGICA,/Normaweb.nsf/xpNormaJuridica.xsp?documentId=6CA5249C6478798F062571BC006805D5&action=openDocument
654C0032E7DEFF4C0625718E004C173E,DISPOSICIONES ADMINISTRATIVAS PARA LA GESTIÓN DEL FONDO DE DESARROLLO PESQUERO Y ACUÍCOLA,/Normaweb.nsf/xpNormaJuridica.xsp?documentId=654C0032E7DEFF4C0625718E004C173E&action=openDocument
493386D55FE1CE3106257186004B61CC,DE APROBACIÓN DEL CONVENIO SOBRE LA DIVERSIDAD BIOLÓGICA,/Normaweb.nsf/xpNormaJuridica.xsp?documentId=493386D55FE1CE3106257186004B61CC&action=openDocument
D55751389EDAE03F06257181004CF2B6,RATIFICACIÓN DE LA CONVENCIÓN MARCO DE LAS NACIONES UNIDAS SOBRE EL CAMBIO CLIMÁTICO,/Normaweb.nsf/xpNormaJuridica.xsp?documentId=D55751389EDAE03F06257181004CF2B6&action=openDocument
EE2A89579934BC56062571800062CFFA,RATIFICACIÓN DEL CONVENIO PARA LA CONSERVACIÓN DE LA BIODIVERSIDAD Y PROTECCIÓN DE ÁREAS SILVESTRES PRIORITARIAS EN AMÉRICA CENTRAL,/Normaweb.nsf/xpNormaJuridica.xsp?documentId=EE2A89579934BC56062571800062CFFA&action=openDocument
478C5ECEB1ABB729062571570056577C,DISPOSICIONES ADMINISTRATIVAS PARA LA GESTIÓN DEL FONDO DE DESARROLLO MINERO,/Normaweb.nsf/xpNormaJuridica.xsp?documentId=478C5ECEB1ABB729062571570056577C&action=openDocument
3494169E91FF9F0F0625714500553897,De Aprobación del Convenio para la Conservación de la Biodiversidad y Protección de Áreas Silvestres Prioritarias en América Central,/Normaweb.nsf/xpNormaJuridica.xsp?documentId=3494169E91FF9F0F0625714500553897&action=openDocument
EC28A3181B6EC2490625714500556475,DE APROBACIÓN DE LA CONVENCIÓN MARCO DE LAS NACIONES UNIDAS SOBRE EL CAMBIO CLIMÁTICO,/Normaweb.nsf/xpNormaJuridica.xsp?documentId=EC28A3181B6EC2490625714500556475&action=openDocument
334D6DB2A204D285062571780060DF74,Creación de la Empresa Nicaragüense de Acueductos y Alcantarillados Sanitarios (ENACAL,/Normaweb.nsf/xpNormaJuridica.xsp?documentId=334D6DB2A204D285062571780060DF74&action=openDocument
8971955CB02907590625717800620ACB,Reforma a la Ley Orgánica del Instituto Nicaragüense de Acueductos y Alcantarillados (INAA),/Normaweb.nsf/xpNormaJuridica.xsp?documentId=8971955CB02907590625717800620ACB&action=openDocument
62D062EA4B5936430625717800624047,Disposiciones para la Fijación de las Tarifas en el Sector de Agua Potable y Alcantarillado Sanitario,/Normaweb.nsf/xpNormaJuridica.xsp?documentId=62D062EA4B5936430625717800624047&action=openDocument
138A846C29F5F0760625717900509FA4,"Disposiciones para el Control de la Contaminación Provenientes de las Descargas de Aguas Residuales Domésticas, Industriales y Agropecuarias",/Normaweb.nsf/xpNormaJuridica.xsp?documentId=138A846C29F5F0760625717900509FA4&action=openDocument
243C61FC17878840062571090062D992,APROBACIÓN Y RATIFICACIÓN DEL CONVENIO CONSTITUTIVO DEL CENTRO DE COORDINACIÓN PARA LA PREVENCIÓN DE DESASTRES NATURALES EN AMÉRICA CENTRAL (CEPREDENAC),/Normaweb.nsf/xpNormaJuridica.xsp?documentId=243C61FC17878840062571090062D992&action=openDocument
6AC3B55285B3D7660625710900602923,Reorganización de la Comisión Nacional de Recursos Hídricos,/Normaweb.nsf/xpNormaJuridica.xsp?documentId=6AC3B55285B3D7660625710900602923&action=openDocument
8233CB4936A758A506257109005C9C87,Reglamento de Permiso y Evaluación de Impacto Ambiental,/Normaweb.nsf/xpNormaJuridica.xsp?documentId=8233CB4936A758A506257109005C9C87&action=openDocument
4CD0774CB37CC02F0625711D0055C7CA,Declaración de la Región del Sureste de Nicaragua Territorio de Desarrollo Sostenible,/Normaweb.nsf/xpNormaJuridica.xsp?documentId=4CD0774CB37CC02F0625711D0055C7CA&action=openDocument
AEB61AEAB47ADFB20625711D00554830,Ley que Prohíbe el Tráfico de Desechos Peligrosos y Sustancias Tóxicas,/Normaweb.nsf/xpNormaJuridica.xsp?documentId=AEB61AEAB47ADFB20625711D00554830&action=openDocument
85599EEE02AF5BA0062570A10057B4EE,Creación de la Comisión Permanente de Coordinación Operativa del Sector de Saneamiento,/Normaweb.nsf/xpNormaJuridica.xsp?documentId=85599EEE02AF5BA0062570A10057B4EE&action=openDocument
28B1C5FB6C93EB00062570A1005853D0,CONVENIO DE COOPERACIÓN TÉCNICO AGROPECUARIA ENTRE LA REPÚBLICA DE NICARAGUA Y LA REPÚBLICA DE CHINA,/Normaweb.nsf/xpNormaJuridica.xsp?documentId=28B1C5FB6C93EB00062570A1005853D0&action=openDocument
B82DBD974B31D600062570A10057B193,Creación del Comité Interinstitucional Ambiental de Caminos Rurales,/Normaweb.nsf/xpNormaJuridica.xsp?documentId=B82DBD974B31D600062570A10057B193&action=openDocument
EEC1327BE00FE1280625711C005F5164,Creación del Ministerio del Ambiente y Recursos Naturales,/Normaweb.nsf/xpNormaJuridica.xsp?documentId=EEC1327BE00FE1280625711C005F5164&action=openDocument
E3FADC76E812227B062570A1005851B3,OFICIALIZACIÓN DEL PLAN DE ACCIÓN AMBIENTAL,/Normaweb.nsf/xpNormaJuridica.xsp?documentId=E3FADC76E812227B062570A1005851B3&action=openDocument
B1FB5820CBDE739B06257139005F0216,Reglamento Forestal,/Normaweb.nsf/xpNormaJuridica.xsp?documentId=B1FB5820CBDE739B06257139005F0216&action=openDocument
59CD1F24F3CBB772062570A10057D442,Declaración de Área Natural Protegida el Chocoyero - El Brujo,/Normaweb.nsf/xpNormaJuridica.xsp?documentId=59CD1F24F3CBB772062570A10057D442&action=openDocument
4E05A7298172129A062571320050A401,REGLAMENTO INTERNO DEL CONSEJO NACIONAL AGROPECUARIO “CONAGRO”,/Normaweb.nsf/xpNormaJuridica.xsp?documentId=4E05A7298172129A062571320050A401&action=openDocument
FA67B1620BED98220625712C0051E05A,Adhesión y Ratificación del Convenio de Viena para la Protección de la Capa de Ozono y del Protocolo de Montreal Relativo a las Sustancias Agotadoras de la Capa de Ozono y Sus Anexos,/Normaweb.nsf/xpNormaJuridica.xsp?documentId=FA67B1620BED98220625712C0051E05A&action=openDocument
269934F989386BED062570A10057D7AC,Ratificación de Convenio Constitutivo de la Comisión Centroamericana de Ambiente y Desarrollo,/Normaweb.nsf/xpNormaJuridica.xsp?documentId=269934F989386BED062570A10057D7AC&action=openDocument
ECBC32005121E187062570A10058463D,INSTRUIR AL MINISTERIO DE AGRICULTURA Y GANADERÍA,/Normaweb.nsf/xpNormaJuridica.xsp?documentId=ECBC32005121E187062570A10058463D&action=openDocument
2999AE6ACBF7BF45062570A100579468,DECLARACIÓN CONJUNTA DEL GOBIERNO DE NICARAGUA Y LA UNIÓN MUNDIAL PARA LA NATURALEZA,/Normaweb.nsf/xpNormaJuridica.xsp?documentId=2999AE6ACBF7BF45062570A100579468&action=openDocument
2313D4FFE580FA85062570A10058449E,DECLARACIÓN CONJUNTA DEL GOBIERNO DE NICARAGUA Y LA UNIÓN MUNDIAL PARA LA NATURALEZA,/Normaweb.nsf/xpNormaJuridica.xsp?documentId=2313D4FFE580FA85062570A10058449E&action=openDocument
F8DD09940BF489B9062570A100581063,"APOYO A LA ESTRATEGÍA DE CONSERVACIÓN PARA EL DESARROLLO SOSTENIBLE, ORDENAMIENTO AMBIENTAL DEL TERRITORIO Y PLAN DE ACCIÓN FORESTAL",/Normaweb.nsf/xpNormaJuridica.xsp?documentId=F8DD09940BF489B9062570A100581063&action=openDocument
C97E5220DF671564062570A10057D743,Moratoria Forestal,/Normaweb.nsf/xpNormaJuridica.xsp?documentId=C97E5220DF671564062570A10057D743&action=openDocument
EA59B4BECA0306B4062570A10057D740,Creación de Reservas Forestales,/Normaweb.nsf/xpNormaJuridica.xsp?documentId=EA59B4BECA0306B4062570A10057D740&action=openDocument
C1476414BC61074C062570A10057D915,"Declaración de la Reserva Nacional de Recursos Naturales, BOSAWAS",/Normaweb.nsf/xpNormaJuridica.xsp?documentId=C1476414BC61074C062570A10057D915&action=openDocument
8F7597505B329EB0062570A10057D908,"Declaración de Áreas Protegidas en Varios Cerros Macizos Montañosos, Volcanes y Lagunas del País",/Normaweb.nsf/xpNormaJuridica.xsp?documentId=8F7597505B329EB0062570A10057D908&action=openDocument
060B2DC3E3E72D70062570A10057D912,"Declaración de la Reserva Biológica Marina, ""Cayos Miskitos y Franja Costera Inmediata""",/Normaweb.nsf/xpNormaJuridica.xsp?documentId=060B2DC3E3E72D70062570A10057D912&action=openDocument
9BE53FA5E53AB2C9062570BB0069CC63,REGLAMENTO PARA LAS EXPORTACIONES DE CAMARÓN Y LANGOSTA,/Normaweb.nsf/xpNormaJuridica.xsp?documentId=9BE53FA5E53AB2C9062570BB0069CC63&action=openDocument
80EF7BB1DFE225B3062570A10057D874,Creación de la Comisión de la Cuenca del Lago de Managua,/Normaweb.nsf/xpNormaJuridica.xsp?documentId=80EF7BB1DFE225B3062570A10057D874&action=openDocument
7ECC91016EB1A5E5062570A10057B4A6,"(Ratificación del Convenio Constitutivo del Comité Coordinador Regional de Instituciones de Agua Potable y Saneamiento de Centroamérica, Panamá y República Dominicana Conocidos como CAPRE)",/Normaweb.nsf/xpNormaJuridica.xsp?documentId=7ECC91016EB1A5E5062570A10057B4A6&action=openDocument
B30316356C5F1C02062570A10057B476,CRÉASE LA COMISIÓN NACIONAL AGRARIA,/Normaweb.nsf/xpNormaJuridica.xsp?documentId=B30316356C5F1C02062570A10057B476&action=openDocument
5C9914360730B4FB062570A100582F24,Apruébase Convenio Constitutivo de la Comisión Centroamericana de Ambiente y Desarrollo,/Normaweb.nsf/xpNormaJuridica.xsp?documentId=5C9914360730B4FB062570A100582F24&action=openDocument
82A8BE043AD8C3DC062570A10057B0A1,Decreto Ejecutivo Creador de la Comisión Nacional del Ambiente y Ordenamiento Territorial (CONAMOR),/Normaweb.nsf/xpNormaJuridica.xsp?documentId=82A8BE043AD8C3DC062570A10057B0A1&action=openDocument
4700A65EB056B810062570A10057B5EA,Creación de las Areas Naturales Protegidas del Sureste de Nicaragua,/Normaweb.nsf/xpNormaJuridica.xsp?documentId=4700A65EB056B810062570A10057B5EA&action=openDocument
E041BF1071BF2E2E062570A10057B630,Creación de Reserva Genética Forestal,/Normaweb.nsf/xpNormaJuridica.xsp?documentId=E041BF1071BF2E2E062570A10057B630&action=openDocument
2D4B8820C54A28EF062570A10057B6A7,"Decreto de Creación del Instituto Nicaragüense de Recursos Naturales y del Ambiente, IRENA",/Normaweb.nsf/xpNormaJuridica.xsp?documentId=2D4B8820C54A28EF062570A10057B6A7&action=openDocument
10E25F7355D65820062570A100582F34,Se Restablece la Personalidad Jurídica del Instituto Nicaragüense de Recursos Naturales y del Ambiente (IRENA),/Normaweb.nsf/xpNormaJuridica.xsp?documentId=10E25F7355D65820062570A100582F34&action=openDocument
55DCCA7A21077BFA062570A1005787E3,Ley Creadora de la Comisión Nacional Forestal,/Normaweb.nsf/xpNormaJuridica.xsp?documentId=55DCCA7A21077BFA062570A1005787E3&action=openDocument
1A2CA2E7013D0162062570A1005787CF,"Constitución del Comité Nacional, Decenio Internacional para la Prevención de los Desastres Naturales",/Normaweb.nsf/xpNormaJuridica.xsp?documentId=1A2CA2E7013D0162062570A1005787CF&action=openDocument
431ED95FEAFE6D81062570A100579444,ADHESION,/Normaweb.nsf/xpNormaJuridica.xsp?documentId=431ED95FEAFE6D81062570A100579444&action=openDocument
71002B7204E98C02062570A10057879E,"Reglamento al Decreto No. 301, Créase el Fondo de Desarrollo Tecnológico",/Normaweb.nsf/xpNormaJuridica.xsp?documentId=71002B7204E98C02062570A10057879E&action=openDocument
9093E2FC46A41BA3062570A10057BA8F,Ley de la Corporación Forestal del Pueblo (CORFOP),/Normaweb.nsf/xpNormaJuridica.xsp?documentId=9093E2FC46A41BA3062570A10057BA8F&action=openDocument
08CF8590DFEE7066062570A10057E270,Medidas para la Conservación de la Langosta,/Normaweb.nsf/xpNormaJuridica.xsp?documentId=08CF8590DFEE7066062570A10057E270&action=openDocument
9C2EDECCBC7BB07C062570A10057B7B0,Ley de Extinción de Irena e Integración de sus Funciones al Midinra,/Normaweb.nsf/xpNormaJuridica.xsp?documentId=9C2EDECCBC7BB07C062570A10057B7B0&action=openDocument
8E06C0A0FAD95D64062570A10058380D,(Mariscos Colas Congeladas),/Normaweb.nsf/xpNormaJuridica.xsp?documentId=8E06C0A0FAD95D64062570A10058380D&action=openDocument
3D9F7B94E662C3FC062570A10058380F,(Producción de Pescado),/Normaweb.nsf/xpNormaJuridica.xsp?documentId=3D9F7B94E662C3FC062570A10058380F&action=openDocument
975E4626BA8A4045062570A100585359,PROTECCION DE LOS RECURSOS PESQUEROS DEL PAIS (ESPECIE DE CAMARON EN VEDA),/Normaweb.nsf/xpNormaJuridica.xsp?documentId=975E4626BA8A4045062570A100585359&action=openDocument
5B64152C0449A3D3062570A10057AEB7,Adición a la Ley Orgánica del INAA,/Normaweb.nsf/xpNormaJuridica.xsp?documentId=5B64152C0449A3D3062570A10057AEB7&action=openDocument
7C1634C6CBCEE49A062570A10057AEC1,Adscripción de IRENA a MIDINRA,/Normaweb.nsf/xpNormaJuridica.xsp?documentId=7C1634C6CBCEE49A062570A10057AEC1&action=openDocument
6C3CEEEB42F24ED8062570A10057C6D6,Reforma a la Ley Orgánica del Instituto Nicaragüense de Acueductos y Alcantarillados,/Normaweb.nsf/xpNormaJuridica.xsp?documentId=6C3CEEEB42F24ED8062570A10057C6D6&action=openDocument
3EFF953EDFDCDEE006258AF9007661AB,Integrase en Plan Nacional de Acueductos y Alcantarillados a Empresa Aguadora de Chichigalpa.,/Normaweb.nsf/xpNormaJuridica.xsp?documentId=3EFF953EDFDCDEE006258AF9007661AB&action=openDocument
146F654D71D84A7B0625711F005EC40C,(PROHIBIR LA PESCA HASTA EL 31 DE DICIEMBRE DE 1984 EN LA LAGUNA DE MOYÚA),/Normaweb.nsf/xpNormaJuridica.xsp?documentId=146F654D71D84A7B0625711F005EC40C&action=openDocument
02FE42A17BC59F9A062570A10057C23B,Creación de la Comisión Nacional de Recursos Hídricos,/Normaweb.nsf/xpNormaJuridica.xsp?documentId=02FE42A17BC59F9A062570A10057C23B&action=openDocument
124300321409F2F7062571080055E2E5,LEY DE PROTECCIÓN A LOS COMBATIENTES DE LA PRODUCCIÓN AGRÍCOLA,/Normaweb.nsf/xpNormaJuridica.xsp?documentId=124300321409F2F7062571080055E2E5&action=openDocument
7EA37EA94A348DF1062570D500728C52,Creación de Reservas Naturales en el Pacífico de Nicaragua,/Normaweb.nsf/xpNormaJuridica.xsp?documentId=7EA37EA94A348DF1062570D500728C52&action=openDocument
5C03E96DB2701B41062570D5006F6D01,Ley de Protección de Suelos y Control de Erosión,/Normaweb.nsf/xpNormaJuridica.xsp?documentId=5C03E96DB2701B41062570D5006F6D01&action=openDocument
D8CF23E5EB57986C062570D50069A170,Creación de Refugio de Vida Silvestre Rio Escalante - Chacocente,/Normaweb.nsf/xpNormaJuridica.xsp?documentId=D8CF23E5EB57986C062570D50069A170&action=openDocument
A1991321DCFBEBD0062570C90074CACB,Adición al Artículo 6 del INAA,/Normaweb.nsf/xpNormaJuridica.xsp?documentId=A1991321DCFBEBD0062570C90074CACB&action=openDocument
248EBC35E8EC54CC062570CB00770834,"REGLAMENTO DE LA ""LEY CREADORA DEL PROGRAMA DE CONTROL DEL PICUDO""",/Normaweb.nsf/xpNormaJuridica.xsp?documentId=248EBC35E8EC54CC062570CB00770834&action=openDocument
8FC4CABFBDD42AAD062570BC00720C06,LEY DEL PROGRAMA DE CONTROL DEL PICUDO,/Normaweb.nsf/xpNormaJuridica.xsp?documentId=8FC4CABFBDD42AAD062570BC00720C06&action=openDocument
E7F522420DF8179E0625710700509C9F,Creación del Parque Nacional Archipiélago Zapatera,/Normaweb.nsf/xpNormaJuridica.xsp?documentId=E7F522420DF8179E0625710700509C9F&action=openDocument
CFD86E4C5BA1CC38062570A1005791F8,REGLAMENTO PARA LA OPERACIÓN DE LAS DESMOTADORAS DE ALGODÓN,/Normaweb.nsf/xpNormaJuridica.xsp?documentId=CFD86E4C5BA1CC38062570A1005791F8&action=openDocument
004EF2FC148EEE25062570A10057CE86,Ley de Adscripción de la CORFOP al Ministerio de Industria,/Normaweb.nsf/xpNormaJuridica.xsp?documentId=004EF2FC148EEE25062570A10057CE86&action=openDocument
69643671F3B0B69806257116006921C3,(TIEMPO DE VEDA PARA LAS ESPECIES DE CAMARÓN EN EL OCÉANO ATLÁNTICO),/Normaweb.nsf/xpNormaJuridica.xsp?documentId=69643671F3B0B69806257116006921C3&action=openDocument
1A6548EB8BFA1721062570A10057E59E,ANEXAR A INPESCA ATRIBUCIONES EN MATERIA DE PESCA,/Normaweb.nsf/xpNormaJuridica.xsp?documentId=1A6548EB8BFA1721062570A10057E59E&action=openDocument
9B5EDCDBFAB7714F062570A10057CE26,LEY CREADORA DE LA EMPRESA NICARAGÜENSE DISTRIBUIDORA DE PRODUCTOS DEL MAR Y LAGOS (ENDIMAR),/Normaweb.nsf/xpNormaJuridica.xsp?documentId=9B5EDCDBFAB7714F062570A10057CE26&action=openDocument
95FDDFFD66D1B9BF062570A10057EA13,Regulación de la Pesca de Langosta,/Normaweb.nsf/xpNormaJuridica.xsp?documentId=95FDDFFD66D1B9BF062570A10057EA13&action=openDocument
69D4785EE7D03901062570A10057E9CE,ASIGNACION DE EMBARCACIONES AL INSTITUTO NICARAGÜENSE DE LA PESCA,/Normaweb.nsf/xpNormaJuridica.xsp?documentId=69D4785EE7D03901062570A10057E9CE&action=openDocument
42EBB713CE26C605062570A100579711,REGLAMENTO GENERAL DE LA LEY DE EMPRESAS DE REFORMA AGRARIA,/Normaweb.nsf/xpNormaJuridica.xsp?documentId=42EBB713CE26C605062570A100579711&action=openDocument
BA7DC02373C58F3E062570A10057C192,Ley para la Conservación y Protección de Iguanas Verdes y Garrobos o Iguanas Negras,/Normaweb.nsf/xpNormaJuridica.xsp?documentId=BA7DC02373C58F3E062570A10057C192&action=openDocument
DC42D95C8FC3F83A062570A10057C02C,Adición a la Ley Orgánica del Instituto Nicaragüense de Acueductos y Alcantarillados (INAA),/Normaweb.nsf/xpNormaJuridica.xsp?documentId=DC42D95C8FC3F83A062570A10057C02C&action=openDocument
92DEE8BBCEAD84B7062570A10057BF6C,"Adición a la Ley Orgánica del Instituto Nicaragüense de Recursos Naturales y del Ambiente, IRENA",/Normaweb.nsf/xpNormaJuridica.xsp?documentId=92DEE8BBCEAD84B7062570A10057BF6C&action=openDocument
0BBBF7EDB4E8FFD7062570A10057BF6F,"Ley Creadora de la Corporación Forestal del Pueblo, CORFOP",/Normaweb.nsf/xpNormaJuridica.xsp?documentId=0BBBF7EDB4E8FFD7062570A10057BF6F&action=openDocument
866F9F2779DDC5E6062570A10057BEA9,Creación del Servicio de Parques Nacionales,/Normaweb.nsf/xpNormaJuridica.xsp?documentId=866F9F2779DDC5E6062570A10057BEA9&action=openDocument
EC071B3DB6C2C844062570A10057E5DA,SE PROHIBE IMPORTACIÓN DE BANANOS PROCEDENTES DE PAÍSES INFECTADOS POR LA SIGATOKA NEGRA,/Normaweb.nsf/xpNormaJuridica.xsp?documentId=EC071B3DB6C2C844062570A10057E5DA&action=openDocument
A808550B7FF101BE062570B600782028,Integración de Empresas Aguadoras al Instituto Nicaragüense de Acueductos y Alcantarillados.,/Normaweb.nsf/xpNormaJuridica.xsp?documentId=A808550B7FF101BE062570B600782028&action=openDocument
5740829754FD9AD1062570A6005D6157,Ley Orgánica del Instituto Nicaragüense de Acueductos y Alcantarillados,/Normaweb.nsf/xpNormaJuridica.xsp?documentId=5740829754FD9AD1062570A6005D6157&action=openDocument
A8C512356EB9A4A7062570A60072C215,Ley Orgánica del Instituto Nicaragüense de Recursos Naturales y del Ambiente IRENA,/Normaweb.nsf/xpNormaJuridica.xsp?documentId=A8C512356EB9A4A7062570A60072C215&action=openDocument
C9A083C1D0B2F406062570A600757C50,INTEGRACIÓN DE LAS DEPENDENCIAS (DIPSA) Y (DIT) AL INSTITUTO NICARAGÜENSE DE REFORMA AGRARIA (INRA),/Normaweb.nsf/xpNormaJuridica.xsp?documentId=C9A083C1D0B2F406062570A600757C50&action=openDocument
9494764C241C2DE4062570B600623DFC,Creación del Instituto Nicaragüense de Recursos Naturales,/Normaweb.nsf/xpNormaJuridica.xsp?documentId=9494764C241C2DE4062570B600623DFC&action=openDocument
AF739BD87CA5CEAD062570B6005E76A0,Creación del Instituto Nicaragüense de Acueductos y Alcantarillados (INAA),/Normaweb.nsf/xpNormaJuridica.xsp?documentId=AF739BD87CA5CEAD062570B6005E76A0&action=openDocument
9A909AD7A5171838062570AB007C8DBE,Ley Creadora del  Parque Nacional  Volcan  Masaya,/Normaweb.nsf/xpNormaJuridica.xsp?documentId=9A909AD7A5171838062570AB007C8DBE&action=openDocument
ABB11D2397C74E4506258E61006D53CA,"(Aprobar la ""Convención sobre el Comercio Internacional de Especies Amenazadas de Fauna y Flora Silvestres"")",/Normaweb.nsf/xpNormaJuridica.xsp?documentId=ABB11D2397C74E4506258E61006D53CA&action=openDocument
2262AB8A35316D28062570A10057DFBD,Ratifícase Convención sobre Comercio Internacional de Especies,/Normaweb.nsf/xpNormaJuridica.xsp?documentId=2262AB8A35316D28062570A10057DFBD&action=openDocument
2741C7B0A7E60257062570A100578253,Prohíbese Aprehensión y Caza de Toda Clase de Animales Silvestres y Exportación de Huevos de Tortugas.,/Normaweb.nsf/xpNormaJuridica.xsp?documentId=2741C7B0A7E60257062570A100578253&action=openDocument
F4B63DE1E9475BF3062570A10057DF40,Reglamento a Fondo Forestal Nacional,/Normaweb.nsf/xpNormaJuridica.xsp?documentId=F4B63DE1E9475BF3062570A10057DF40&action=openDocument
39CECF48F3F248F8062570A10057DBA8,Declárase Zona de Reserva Forestal Permanente Terrenos del Estado en Zelaya,/Normaweb.nsf/xpNormaJuridica.xsp?documentId=39CECF48F3F248F8062570A10057DBA8&action=openDocument
DB1751A06A092B93062570A100579DA8,Reglamento General del Departamento Nacional de Acueductos y Alcantarillados,/Normaweb.nsf/xpNormaJuridica.xsp?documentId=DB1751A06A092B93062570A100579DA8&action=openDocument
22A15ED61965C2AE062570A10057DB75,Declárase Zona de Reserva Forestal Temporal por 5 años Terrenos del Estado Departamento de Zelaya,/Normaweb.nsf/xpNormaJuridica.xsp?documentId=22A15ED61965C2AE062570A10057DB75&action=openDocument
BA3FF3FD4D6BB0C1062570A100578282,Ley de Emergencia sobre Aprovechamiento Racional de los Bosques,/Normaweb.nsf/xpNormaJuridica.xsp?documentId=BA3FF3FD4D6BB0C1062570A100578282&action=openDocument
0F6AB48EBE30BA02062570A10057DB44,Reformas al Reglamento General del Departamento Nacional de Acueductos y Alcantarillado,/Normaweb.nsf/xpNormaJuridica.xsp?documentId=0F6AB48EBE30BA02062570A10057DB44&action=openDocument
20AEF87557F89247062570A10057DE6A,Refórmase Decreto  N°. 23 de 10 Septiembre 1969 Relativo al Comité de Mejoramiento del Medio Ambiente Nacional,/Normaweb.nsf/xpNormaJuridica.xsp?documentId=20AEF87557F89247062570A10057DE6A&action=openDocument
19680EFF8388C4C9062570A100579A85,Derechos Sobre Explotación de Maderas de Bosques Nacionales,/Normaweb.nsf/xpNormaJuridica.xsp?documentId=19680EFF8388C4C9062570A100579A85&action=openDocument
B86D415CA9B0FEC50625725A005703AC,Reglamento de Defensa Contra los Incendios Forestales,/Normaweb.nsf/xpNormaJuridica.xsp?documentId=B86D415CA9B0FEC50625725A005703AC&action=openDocument
48082BAF71FD536D062571F6005FA43A,Reglamento General del Departamento Nacional de Acueductos y Alcantarillados,/Normaweb.nsf/xpNormaJuridica.xsp?documentId=48082BAF71FD536D062571F6005FA43A&action=openDocument
1EC0E6EF40A45EFA062571F6005ECC72,Decreto Ejecutivo Relativo a la Veda de Tortugas en el Océano Atlántico,/Normaweb.nsf/xpNormaJuridica.xsp?documentId=1EC0E6EF40A45EFA062571F6005ECC72&action=openDocument
A278226A88C66604062571FB005694D5,DENACAL Asume Control de Empresa Aguadora de Granada,/Normaweb.nsf/xpNormaJuridica.xsp?documentId=A278226A88C66604062571FB005694D5&action=openDocument
FCF2A8E494960CE3062570A100579DF2,Reformas al Reglamento General del Departamento Nacional de Acueductos y Alcantarillados,/Normaweb.nsf/xpNormaJuridica.xsp?documentId=FCF2A8E494960CE3062570A100579DF2&action=openDocument
BE41FDCC2CED067D06258AF900787EBE,Declárese Zona de Reserva Forestal Temporal a Terrenos Propiedad del Estado en Departamentos de Zelaya,/Normaweb.nsf/xpNormaJuridica.xsp?documentId=BE41FDCC2CED067D06258AF900787EBE&action=openDocument
00FFB31A88766A28062570A100582607,Declárese Zona de Reserva Forestal Permanente Terrenos del Estado Ubicados en el Departamento de Zelaya,/Normaweb.nsf/xpNormaJuridica.xsp?documentId=00FFB31A88766A28062570A100582607&action=openDocument
2CA1A52755826060062570A10057841D,Declárase Parque Nacional Saslaya Los Macizos Montañosos de los Cerros de Saslaya y el Toro,/Normaweb.nsf/xpNormaJuridica.xsp?documentId=2CA1A52755826060062570A10057841D&action=openDocument
E138B63B5766AD9B062570A100584277,DETERMINASE ZONA AGRO-ECONÓMICA No. 1 DE NICARAGUA,/Normaweb.nsf/xpNormaJuridica.xsp?documentId=E138B63B5766AD9B062570A100584277&action=openDocument
661B3F1E78E0F323062570A100582B23,AUTORIZACIÓN AL DISTRITO NACIONAL PARA APORTAR A DENACAL 5 MILLONES DE CÓRDOBAS PARA EJECUCIÓN OBRAS ALCANTARILLADO SANEAMIENTO LAGO DE MANAGUA,/Normaweb.nsf/xpNormaJuridica.xsp?documentId=661B3F1E78E0F323062570A100582B23&action=openDocument
109C112DB4D88489062570A10057DB28,El Ministerio de Salud Pública Asume las Obras del Alcantarillado Sanitario de la Ciudad de Managua a Través del Departamento Nacional de Acueductos y Alcantarillados DENACAL,/Normaweb.nsf/xpNormaJuridica.xsp?documentId=109C112DB4D88489062570A10057DB28&action=openDocument
B0E3309241F16DE4062570A1005797B2,Reglamento General del Departamento Nacional de Acueductos y Alcantarillados,/Normaweb.nsf/xpNormaJuridica.xsp?documentId=B0E3309241F16DE4062570A1005797B2&action=openDocument
74D9EE383E96844E062570A10057DB07,Declárase Reserva Forestal Temporal Terrenos del Estado en Departamento de Zelaya,/Normaweb.nsf/xpNormaJuridica.xsp?documentId=74D9EE383E96844E062570A10057DB07&action=openDocument
41F22CCD48AD4FD7062570A10057CFCF,Ley Sobre Permisos de Perforación y Establecimiento de un Registro Nacional de Pozos,/Normaweb.nsf/xpNormaJuridica.xsp?documentId=41F22CCD48AD4FD7062570A10057CFCF&action=openDocument
7EC0DCF15EA82B5F06258AE70069789F,Decláranse de Interés Nacional las Modalidades que se Incluyan en el Plan Nacional de Acueductos y Alcantarillados,/Normaweb.nsf/xpNormaJuridica.xsp?documentId=7EC0DCF15EA82B5F06258AE70069789F&action=openDocument
763E3D6A2C73CADD062571FD005A6269,Apruébase Reglamento de Registro Genealógico de Ganado para Centroamérica.,/Normaweb.nsf/xpNormaJuridica.xsp?documentId=763E3D6A2C73CADD062571FD005A6269&action=openDocument
FE9B9FC83FA43870062571FC0064A489,AUMÉNTASE NÚMERO DE MIEMBROS A  COMISIÓN ASESORA DE PESCA,/Normaweb.nsf/xpNormaJuridica.xsp?documentId=FE9B9FC83FA43870062571FC0064A489&action=openDocument
0C9BAF774660A5EB062571FC005E4ED4,"REFÓRMASE ARTO. 2o. DEL DECRETO NO. 11 PUBLICADO EN ""LA GACETA"", NO. 254 DE 8 DE NOVIEMBRE DE 1967",/Normaweb.nsf/xpNormaJuridica.xsp?documentId=0C9BAF774660A5EB062571FC005E4ED4&action=openDocument
D457797B638645290625713F005D8A18,"Ley de Conservación, Protección y Desarrollo de las Riquezas Forestales del País",/Normaweb.nsf/xpNormaJuridica.xsp?documentId=D457797B638645290625713F005D8A18&action=openDocument
B4AF4B0E6248C37E0625713F005CF88E,LEY REGULADORA DE LA DISTRIBUCIÓN DE MAQUINARIA AGRÍCOLA,/Normaweb.nsf/xpNormaJuridica.xsp?documentId=B4AF4B0E6248C37E0625713F005CF88E&action=openDocument
EF2855607506B42A0625713F0050F35F,PRÓRROGA A DECRETO DE LEY GENERAL SOBRE EXPLOTACIÓN DE LAS RIQUEZAS NATURALES EN ZONA No. 1,/Normaweb.nsf/xpNormaJuridica.xsp?documentId=EF2855607506B42A0625713F0050F35F&action=openDocument
9E64891A0C60D8A90625713F005C6E07,Anexáse a Salubridad Pública el Departamento Nacional de Acueductos y Alcantarillados,/Normaweb.nsf/xpNormaJuridica.xsp?documentId=9E64891A0C60D8A90625713F005C6E07&action=openDocument
E5D750F3EA2078300625713F005C21B8,Reforma a Ley sobre Funcionamiento de Altoparlantes,/Normaweb.nsf/xpNormaJuridica.xsp?documentId=E5D750F3EA2078300625713F005C21B8&action=openDocument
B7C49DC012890AA20625713F0063F503,Adición a Arto. Dos de Decreto Legislativo N°. 1146,/Normaweb.nsf/xpNormaJuridica.xsp?documentId=B7C49DC012890AA20625713F0063F503&action=openDocument
7F8B1C435B95DC5906258AF9004FA9FE,ADICIÓN A ARTO. DOS DE DECRETO LEGISLATIVO N°. 1146,/Normaweb.nsf/xpNormaJuridica.xsp?documentId=7F8B1C435B95DC5906258AF9004FA9FE&action=openDocument
E5D91974F46CCAEE0625713F00641909,LEY DE CATASTRO E INVENTARIO DE RECURSOS NATURALES,/Normaweb.nsf/xpNormaJuridica.xsp?documentId=E5D91974F46CCAEE0625713F00641909&action=openDocument
0A5336DE8A1F7FC80625713B00557EE6,REGULACIÓN DE CONTRATOS Y CONCESIONES OTORGADOS POR EL ESTADO PARA LA EXPLOTACIÓN DE BOSQUES,/Normaweb.nsf/xpNormaJuridica.xsp?documentId=0A5336DE8A1F7FC80625713B00557EE6&action=openDocument
C17DF012D4D528C4062572130050F927,DERÓGASE ACUERDO EJECUTIVO NÚMERO CINCO EN EL RAMO DE AGRICULTURA Y GANADERÍA,/Normaweb.nsf/xpNormaJuridica.xsp?documentId=C17DF012D4D528C4062572130050F927&action=openDocument
D7489438058E2FC106258AFB005FA7BA,Autorizase Comercio y Exportación de Pieles de Tigrillo,/Normaweb.nsf/xpNormaJuridica.xsp?documentId=D7489438058E2FC106258AFB005FA7BA&action=openDocument
6F2AA8B6EBEAEF810625721200674A66,PROHÍBESE COMPRA DE PRODUCTOS BIOLÓGICOS Y TODO PRODUCTO TRANSMISOR DE LA FIEBRE AFTOSA,/Normaweb.nsf/xpNormaJuridica.xsp?documentId=6F2AA8B6EBEAEF810625721200674A66&action=openDocument
0AAF67C1D06DC7D30625721200662320,Reforma a Decreto Sobre Siembra de Algodón,/Normaweb.nsf/xpNormaJuridica.xsp?documentId=0AAF67C1D06DC7D30625721200662320&action=openDocument
BF84CC199F2DDADE062574F2006F377C,Prohíbese Exportación de Madera sin Proceso de Elaboración Industrial,/Normaweb.nsf/xpNormaJuridica.xsp?documentId=BF84CC199F2DDADE062574F2006F377C&action=openDocument
17BB15495566584D06257287005A323D,Adición a Ley General de Riquezas Naturales,/Normaweb.nsf/xpNormaJuridica.xsp?documentId=17BB15495566584D06257287005A323D&action=openDocument
095606B735D06D310625726100527B79,SUSPÉNDESE TEMPORALMENTE EFECTOS DE DECRETO RELATIVO A SEMILLA DE ALGODÓN PARA SIEMBRA,/Normaweb.nsf/xpNormaJuridica.xsp?documentId=095606B735D06D310625726100527B79&action=openDocument
10F948FA5989DCBD062573640057FFCD,Prohibición a Pescadores de Langosta,/Normaweb.nsf/xpNormaJuridica.xsp?documentId=10F948FA5989DCBD062573640057FFCD&action=openDocument
B6EAEA2C1E58994E06257178005791AC,PARTICIPACION DEL ESTADO EN PRODUCTOS DE PESCA EXPORTADOS,/Normaweb.nsf/xpNormaJuridica.xsp?documentId=B6EAEA2C1E58994E06257178005791AC&action=openDocument
323FED5B2C62EBD90625718500548E2C,Reformas a la Ley Especial sobre Pesca,/Normaweb.nsf/xpNormaJuridica.xsp?documentId=323FED5B2C62EBD90625718500548E2C&action=openDocument
5C92F864312B2DF90625717800585ACA,PROHIBICIÓN PARA EXPORTACION DE GANADO EN TIEMPO DE ESCASEZ,/Normaweb.nsf/xpNormaJuridica.xsp?documentId=5C92F864312B2DF90625717800585ACA&action=openDocument
E08B3A25E001320306257176004D0E19,REGLAMENTO DE ORGANIZACIÓN DE CONSEJOS AGRARIOS DE COLONIAS AGRICOLAS,/Normaweb.nsf/xpNormaJuridica.xsp?documentId=E08B3A25E001320306257176004D0E19&action=openDocument
425DAE6F2E240E98062571450059F8DB,CIRCULAR A ADMINISTRADORES DE ADUANA,/Normaweb.nsf/xpNormaJuridica.xsp?documentId=425DAE6F2E240E98062571450059F8DB&action=openDocument
62AA56F5EF37116D0625713B0058D928,PROHIBESE LA EXPORTACIÓN DE GANADO,/Normaweb.nsf/xpNormaJuridica.xsp?documentId=62AA56F5EF37116D0625713B0058D928&action=openDocument
C2308704841DECAA062572130055174F,MEDIDAS CONVENIENTES PARA PROTEGER LA ESPECIE MARINA LANGOSTAS,/Normaweb.nsf/xpNormaJuridica.xsp?documentId=C2308704841DECAA062572130055174F&action=openDocument
52C86388CBA8BF6006258AF9004C5092,Medidas Convenientes para Proteger la Especie Marina Langostas,/Normaweb.nsf/xpNormaJuridica.xsp?documentId=52C86388CBA8BF6006258AF9004C5092&action=openDocument
1F682862955B4AAC062572130059DBE2,Disposiciones Sobre Explotación de Riquezas Naturales en Región Atlántica,/Normaweb.nsf/xpNormaJuridica.xsp?documentId=1F682862955B4AAC062572130059DBE2&action=openDocument
A91594E72AC5B33406258AF90071ABE8,Autorización  para Exportar Pieles de Tigrillo,/Normaweb.nsf/xpNormaJuridica.xsp?documentId=A91594E72AC5B33406258AF90071ABE8&action=openDocument
79BE684EEA52A8280625718D004D1D08,REFORMAS AL DECRETO No. 44 DE ENERO 1961 Y SANCIONES POR MALAS MUESTRAS DE ALGODON,/Normaweb.nsf/xpNormaJuridica.xsp?documentId=79BE684EEA52A8280625718D004D1D08&action=openDocument
5674330B0C80E30B06258AF900784C89,Prohíbida  Terminantemente la Pesca en Moyoa y las Playitas,/Normaweb.nsf/xpNormaJuridica.xsp?documentId=5674330B0C80E30B06258AF900784C89&action=openDocument
2AEE3F40302AC945062572AD0071FE73,Ley  de Uso de Aguas para Riego de Beneficio Colectivo,/Normaweb.nsf/xpNormaJuridica.xsp?documentId=2AEE3F40302AC945062572AD0071FE73&action=openDocument
898163ABE07B84B6062572870069B53C,Autorización para Exportar Pieles de Tigrillo,/Normaweb.nsf/xpNormaJuridica.xsp?documentId=898163ABE07B84B6062572870069B53C&action=openDocument
BEC623EB8A8CFACA062570A100579466,Reformas a los Artos. 62 y 63 de la Ley General sobre la Explotación de las Riquezas,/Normaweb.nsf/xpNormaJuridica.xsp?documentId=BEC623EB8A8CFACA062570A100579466&action=openDocument
136C349E8BB7E7B1062572FE0052999D,"AUTORÍZASE AL INSTITUTO DE FOMENTO NACIONAL PARA EXPLORACIÓN Y EXPLOTACIÓN DE MINERALES EN LOS DEPARTAMENTOS DE NUEVA SEGOVIA, ESTELÍ Y MADRIZ",/Normaweb.nsf/xpNormaJuridica.xsp?documentId=136C349E8BB7E7B1062572FE0052999D&action=openDocument
7EF888B9CA9165B90625738B005ADCB3,"Se Señala Veda de Plazo Indefinido en Todo el Territorio Nacional, en Virtud de la Cual queda Estrictamente Prohibido la Exportación de Pieles de Tigrillo y Venado",/Normaweb.nsf/xpNormaJuridica.xsp?documentId=7EF888B9CA9165B90625738B005ADCB3&action=openDocument
4E33B9D261FF5986062572C900600DC1,Autorizase al Instituto de Fomento Nacional la Exportación de Riquezas Naturales en Determinada Área,/Normaweb.nsf/xpNormaJuridica.xsp?documentId=4E33B9D261FF5986062572C900600DC1&action=openDocument
8DA6A5201CA0B6E00625789500574EAF,"Protección a la Fauna, Principalmente a las Aves",/Normaweb.nsf/xpNormaJuridica.xsp?documentId=8DA6A5201CA0B6E00625789500574EAF&action=openDocument
0A0711CEFA5CF3ED062572C9005F59ED,(Se Agregan unos Ordinales al Reglamento de Producción y Certificación de Semillas.),/Normaweb.nsf/xpNormaJuridica.xsp?documentId=0A0711CEFA5CF3ED062572C9005F59ED&action=openDocument
49ADAF5988D8CF53062574E8007706F4,(SE AGREGAN UNOS ORDINALES AL REGLAMENTO DE PRODUCCIÓN Y CERTIFICACIÓN DE SEMILLAS),/Normaweb.nsf/xpNormaJuridica.xsp?documentId=49ADAF5988D8CF53062574E8007706F4&action=openDocument
456446D33E35EC1A062574E80076E203,(Se Agregan Unos Ordinales al Reglamento de Producción y Certificación de Semillas),/Normaweb.nsf/xpNormaJuridica.xsp?documentId=456446D33E35EC1A062574E80076E203&action=openDocument
7733AA81098DCBE1062572C90073BCAE,Reforma al “Reglamento de Producción y Certificación de Semillas en Nicaragua”,/Normaweb.nsf/xpNormaJuridica.xsp?documentId=7733AA81098DCBE1062572C90073BCAE&action=openDocument
D6126FA02E0341D8062572C9006346AC,YA NO EXISTE ESCASEZ DE GANADO VACUNO MACHO; PARA EXPORTARSE,/Normaweb.nsf/xpNormaJuridica.xsp?documentId=D6126FA02E0341D8062572C9006346AC&action=openDocument
EE1B563A69CEDF7A062572C90063FA52,Facultar al Poder Ejecutivo para Explotar Riquezas Forestales en el Área Norte del Departamento de Zelaya,/Normaweb.nsf/xpNormaJuridica.xsp?documentId=EE1B563A69CEDF7A062572C90063FA52&action=openDocument
AC621FC89A82481A062572C900614C11,DECRETO DEL EJECUTIVO SOBRE EXPORTACIÓN DE GANADO,/Normaweb.nsf/xpNormaJuridica.xsp?documentId=AC621FC89A82481A062572C900614C11&action=openDocument
B9109CAACEBCDF9C06258E610057D6E6,Instituto Forestal Latinoamericano,/Normaweb.nsf/xpNormaJuridica.xsp?documentId=B9109CAACEBCDF9C06258E610057D6E6&action=openDocument
7AF47626DC4A168D062571C30064C2C7,DECLARASE ESCASEZ DE GANADO VACUNO PARA LA EXPORTACIÓN,/Normaweb.nsf/xpNormaJuridica.xsp?documentId=7AF47626DC4A168D062571C30064C2C7&action=openDocument
ECC6F0E4D2422D86062572EA00642F1E,Prohíbe Caza de Tortugas y Animales Silvestres,/Normaweb.nsf/xpNormaJuridica.xsp?documentId=ECC6F0E4D2422D86062572EA00642F1E&action=openDocument
77BBAB2EBE98DE0C062572EA00641C67,Habra Instituto Forestal Latinoamericano,/Normaweb.nsf/xpNormaJuridica.xsp?documentId=77BBAB2EBE98DE0C062572EA00641C67&action=openDocument
5690F20B0EAABA56062572EA00628915,Ley Defensora de los Bosques Penas para los que Corten o Destruyan los Arboles,/Normaweb.nsf/xpNormaJuridica.xsp?documentId=5690F20B0EAABA56062572EA00628915&action=openDocument
6C6CD39F840465B50625713F005EF21E,SE DEJA LIBRE DE TODO GRAVAMEN IMPORTACIONES DE EQUIPOS PARA IRRIGACIÓN A FAVOR AGRICULTURA.,/Normaweb.nsf/xpNormaJuridica.xsp?documentId=6C6CD39F840465B50625713F005EF21E&action=openDocument
7779DDCA45FFBEF20625720500603C53,REGLAMENTACIÓN SOBRE CULTIVO DE LA ADORMIDERA,/Normaweb.nsf/xpNormaJuridica.xsp?documentId=7779DDCA45FFBEF20625720500603C53&action=openDocument
BC5F10E99492F74B06257205005FA1B2,PROHIBICIÓN A TODAS LAS DESMOTADORAS DE ALGODON,/Normaweb.nsf/xpNormaJuridica.xsp?documentId=BC5F10E99492F74B06257205005FA1B2&action=openDocument
689B15371E719AC5062572EC0058BA56,"Decreto No. 1, de Agricultura",/Normaweb.nsf/xpNormaJuridica.xsp?documentId=689B15371E719AC5062572EC0058BA56&action=openDocument
E9EF8587BE0BC98C0625711B006860AB,Reglamentación a Concesiones Sobre Explotación de las Riquezas Naturales,/Normaweb.nsf/xpNormaJuridica.xsp?documentId=E9EF8587BE0BC98C0625711B006860AB&action=openDocument
EE4AE0BFE97D5DC1062573010054E077,"Protección a los Animales Silvestres Cosiguina, Zona de Asilo",/Normaweb.nsf/xpNormaJuridica.xsp?documentId=EE4AE0BFE97D5DC1062573010054E077&action=openDocument
3530F87A15CD24CB06258AE7006C4A2B,Se Reglamenta la Caza,/Normaweb.nsf/xpNormaJuridica.xsp?documentId=3530F87A15CD24CB06258AE7006C4A2B&action=openDocument
89095B8F94FEE2C6062573070070E121,Se Reglamenta la Exportación y se Prohíbe la Destrucción de las Tortugas,/Normaweb.nsf/xpNormaJuridica.xsp?documentId=89095B8F94FEE2C6062573070070E121&action=openDocument
F2B4B6CA1FFBF2A0062571AE004FA504,Ley General sobre Explotación de Nuestras Riquezas Naturales,/Normaweb.nsf/xpNormaJuridica.xsp?documentId=F2B4B6CA1FFBF2A0062571AE004FA504&action=openDocument
BF0CF96F4023D8CE062572D60073B435,"PROHÍBESE LA INTRODUCCIÓN DE PLANTAS, ETCÉTERA, DE CACAO, BANANO Y CÍTRICAS, PROCEDENTE DE CIERTOS PAÍSES",/Normaweb.nsf/xpNormaJuridica.xsp?documentId=BF0CF96F4023D8CE062572D60073B435&action=openDocument
F0D4D5F33AC718D00625740300738418,(Prohíbese Indefinidamente la Exportación de Pieles),/Normaweb.nsf/xpNormaJuridica.xsp?documentId=F0D4D5F33AC718D00625740300738418&action=openDocument
EB7BD704523EB74F06258AE7006BBE83,Créase la Sección de Caza y Pesca,/Normaweb.nsf/xpNormaJuridica.xsp?documentId=EB7BD704523EB74F06258AE7006BBE83&action=openDocument
EAB757D9BB1424EF0625722D0057F266,(MEDIDAS EN DEFENSA DE LOS PRODUCTORES DE ALGODÓN),/Normaweb.nsf/xpNormaJuridica.xsp?documentId=EAB757D9BB1424EF0625722D0057F266&action=openDocument
908D08CE61DE8E660625722D0063CE4A,Ley de Caza,/Normaweb.nsf/xpNormaJuridica.xsp?documentId=908D08CE61DE8E660625722D0063CE4A&action=openDocument
0F6A3AF9B13B9707062571B60057AB7C,CONCEPTUASE AGRO INDUSTRIAS DE TECERA CATEGORÍA,/Normaweb.nsf/xpNormaJuridica.xsp?documentId=0F6A3AF9B13B9707062571B60057AB7C&action=openDocument
25D01014D5CFDF89062571A1005326EC,(Reglamento para el Desmonte y Exportación de Algodón),/Normaweb.nsf/xpNormaJuridica.xsp?documentId=25D01014D5CFDF89062571A1005326EC&action=openDocument
746056F4C1C17B460625718C004E080F,Reglamento para Cultivo del Algodón en la República,/Normaweb.nsf/xpNormaJuridica.xsp?documentId=746056F4C1C17B460625718C004E080F&action=openDocument
22C1F31F5D51418F0625725A0057A409,(Prohíbese la Caza de Animales Silvestres Traídos del Extranjero),/Normaweb.nsf/xpNormaJuridica.xsp?documentId=22C1F31F5D51418F0625725A0057A409&action=openDocument
DDD3404F585C6B2E062573FA00710E2C,Convenio Básico del Instituto de Nutrición de Centro América y Panamá,/Normaweb.nsf/xpNormaJuridica.xsp?documentId=DDD3404F585C6B2E062573FA00710E2C&action=openDocument
64EBC5210C0EA79B06258E61007D9878,(APROBAR EL CONVENIO BÁSICO DEL INSTITUTO DE NUTRICIÓN DE CENTRO AMÉRICA Y PANAMÁ),/Normaweb.nsf/xpNormaJuridica.xsp?documentId=64EBC5210C0EA79B06258E61007D9878&action=openDocument
3BCBDB1A3D61CBDD06258AE7006EBC0B,Crease una Junta de Agua Potable y Alcantarillado de la Ciudad de  Matagalpa,/Normaweb.nsf/xpNormaJuridica.xsp?documentId=3BCBDB1A3D61CBDD06258AE7006EBC0B&action=openDocument
E7268CB4BCEE76A406258AE7006F38C1,“Denominase el Departamento de Recursos Hidráulicos Agua Potable y Puertos”,/Normaweb.nsf/xpNormaJuridica.xsp?documentId=E7268CB4BCEE76A406258AE7006F38C1&action=openDocument
3DCE13541447106C06258AE7006A6D56,Crease una Junta de Agua Potable,/Normaweb.nsf/xpNormaJuridica.xsp?documentId=3DCE13541447106C06258AE7006A6D56&action=openDocument
94C68FDDD74252A606258AE700620171,Crease una Junta de Agua Potable,/Normaweb.nsf/xpNormaJuridica.xsp?documentId=94C68FDDD74252A606258AE700620171&action=openDocument
F02642847EFA61F306258AE7006D02F2,Crease una Junta de Agua Potable,/Normaweb.nsf/xpNormaJuridica.xsp?documentId=F02642847EFA61F306258AE7006D02F2&action=openDocument
83DE76A95FFF813C062572E600577F3E,(REFÓRMASE EL INCISO c) DEL ARTO. 1 DEL DECRETO LEGISLATIVO NO. 8 DEL 31 DE JULIO DE 1951),/Normaweb.nsf/xpNormaJuridica.xsp?documentId=83DE76A95FFF813C062572E600577F3E&action=openDocument
82922AB2E952E447062572E4007780BB,"(APRUÉBASE UN DECRETO RELATIVO A MAQUINARIA, INSECTICIDAS Y ABONOS AGRÍCOLAS)",/Normaweb.nsf/xpNormaJuridica.xsp?documentId=82922AB2E952E447062572E4007780BB&action=openDocument
8314C04225C73250062572AA00737B47,(CONSTRÚYASE UNA PLANTA PARA ALMACENAMIENTO Y CONSERVACIÓN DE GRANOS),/Normaweb.nsf/xpNormaJuridica.xsp?documentId=8314C04225C73250062572AA00737B47&action=openDocument
E3608165EE890993062572AA006262AE,(Decreto Sobre la Siembra del Algodón),/Normaweb.nsf/xpNormaJuridica.xsp?documentId=E3608165EE890993062572AA006262AE&action=openDocument
0E0131C4B055B85106257424005C8031,(Reglamento al Decreto No. 35 Sobre Vacunación de Ganado de Exportación),/Normaweb.nsf/xpNormaJuridica.xsp?documentId=0E0131C4B055B85106257424005C8031&action=openDocument
F779F8B0464A790D0625727D0054B143,Reformas y Adiciones al Código de Defensa y Protección de los Animales,/Normaweb.nsf/xpNormaJuridica.xsp?documentId=F779F8B0464A790D0625727D0054B143&action=openDocument
D65E45118E4ACCAF062572C9007A936C,(PROHÍBASE LA INTRODUCCIÓN AL PAÍS DE SACOS USADOS DE YUTE),/Normaweb.nsf/xpNormaJuridica.xsp?documentId=D65E45118E4ACCAF062572C9007A936C&action=openDocument
073A3F67AD8A1858062572C9007AAFA7,(REGLAMENTACIÓN PARA EVITAR EL ÁNTRAX Y OTRAS ENFERMEDADES INFECTO-CONTAGIOSAS DEL GANADO),/Normaweb.nsf/xpNormaJuridica.xsp?documentId=073A3F67AD8A1858062572C9007AAFA7&action=openDocument
28B93958B0D59CBD062572CA0052377F,(Créase el Departamento Forestal),/Normaweb.nsf/xpNormaJuridica.xsp?documentId=28B93958B0D59CBD062572CA0052377F&action=openDocument
7B188EB31428BC640625728F00584522,(Ley Sobre Derechos Forestales que Deberán Pagarse al Estado),/Normaweb.nsf/xpNormaJuridica.xsp?documentId=7B188EB31428BC640625728F00584522&action=openDocument
FF5814F746D455AA0625728E0053007F,(Prohíbase a los Alto-Parlantes o Magna-voces Estacionar Frente a sus Establecimientos o Casas de Habitación),/Normaweb.nsf/xpNormaJuridica.xsp?documentId=FF5814F746D455AA0625728E0053007F&action=openDocument
077321C24AB2CB35062572C00078AAB7,"Convención para la Protección de la Flora, de la Fauna, y de las Bellezas Escénicas Naturales de los Países de América",/Normaweb.nsf/xpNormaJuridica.xsp?documentId=077321C24AB2CB35062572C00078AAB7&action=openDocument
4C7E0EDE115CC16206258E600071DBAB,"(Apruébase la Convención para la Protección de la Flora, de la Fauna, y de las Bellezas Escénicas Naturales)",/Normaweb.nsf/xpNormaJuridica.xsp?documentId=4C7E0EDE115CC16206258E600071DBAB&action=openDocument
0F842AC1474C77D5062572C100684FFD,(Anéxase al Ministerio de Agricultura y Trabajo lo Referente a la Conservación de Bosques),/Normaweb.nsf/xpNormaJuridica.xsp?documentId=0F842AC1474C77D5062572C100684FFD&action=openDocument
812CDE79E327090E062572A0007895D1,"Declárase el Hule o Caucho, Material de Primera Necesidad",/Normaweb.nsf/xpNormaJuridica.xsp?documentId=812CDE79E327090E062572A0007895D1&action=openDocument
070DC98923BFC149062572A00076AA8C,(REFORMA AL DECRETO DE LA CAMPAÑA POR EL CHAPULIN),/Normaweb.nsf/xpNormaJuridica.xsp?documentId=070DC98923BFC149062572A00076AA8C&action=openDocument
5AEB91273584B3E9062572C8006ED792,(SUPRIMASE EL INCISO FINAL DEL ARTÍCULO 3 DEL DECRETO N°. 7 DEL 17 DE JUNIO DE 1940),/Normaweb.nsf/xpNormaJuridica.xsp?documentId=5AEB91273584B3E9062572C8006ED792&action=openDocument
4D09D6FFDE78A434062572C80055FA74,Código de Defensa y Protección de los Animales,/Normaweb.nsf/xpNormaJuridica.xsp?documentId=4D09D6FFDE78A434062572C80055FA74&action=openDocument
83CB395508FBC764062572DC00607B3C,(RESTABLECESE UN ARTÍCULO DEL DECRETO EJECUTIVO DE 30 DE JUNIO DE 1917),/Normaweb.nsf/xpNormaJuridica.xsp?documentId=83CB395508FBC764062572DC00607B3C&action=openDocument
8263D36E7E651A61062572DC005BDB5C,(REGLAMENTO PARA EL CORTE DE CAFÉ),/Normaweb.nsf/xpNormaJuridica.xsp?documentId=8263D36E7E651A61062572DC005BDB5C&action=openDocument
3437BD6AF422C691062572DC00595A74,(REDÚCESE UNA PRIMA),/Normaweb.nsf/xpNormaJuridica.xsp?documentId=3437BD6AF422C691062572DC00595A74&action=openDocument
1E2915B9B776F2A7062572D600749F25,(Prohíbase el  Corte de Raicilla de  Ipecacuana),/Normaweb.nsf/xpNormaJuridica.xsp?documentId=1E2915B9B776F2A7062572D600749F25&action=openDocument
BD8C9651063C7B9D062572E400579A84,(Se Decreta Nueva Disposiciones en los Cortes de Madera),/Normaweb.nsf/xpNormaJuridica.xsp?documentId=BD8C9651063C7B9D062572E400579A84&action=openDocument
ECF7D42B7A616E0D062572D4006E5E95,(DECRÉTASE LIBRE EXPORTACIÓN DEL BAMBÚ),/Normaweb.nsf/xpNormaJuridica.xsp?documentId=ECF7D42B7A616E0D062572D4006E5E95&action=openDocument
DD6BB6ABC11BC2460625734F0076AFBA,(DERÓGANSE LOS IMPUESTOS QUE GRAVEN EL TRANSPORTE DE GANADO DE UN DEPARTAMENTO A OTRO),/Normaweb.nsf/xpNormaJuridica.xsp?documentId=DD6BB6ABC11BC2460625734F0076AFBA&action=openDocument
035572D7F8A1D7360625734F0062AB57,(SE DECRETA EL ESTABLECIMIENTO DE UN LABORATORIO QUÍMICO PARA EL EXAMEN DE SUSTANCIAS MINERALES),/Normaweb.nsf/xpNormaJuridica.xsp?documentId=035572D7F8A1D7360625734F0062AB57&action=openDocument
CF463F6D4371075F0625814100747B37,(SE CREA UNA MISIÓN QUE SE ENCARGUE DEL ESTUDIO Y ENSEÑANZA DEL CULTIVO DEL TRIGO EN LOS DEPARTAMENTOS DEL NORTE DE LA REPÚBLICA),/Normaweb.nsf/xpNormaJuridica.xsp?documentId=CF463F6D4371075F0625814100747B37&action=openDocument
7793AD12C65B68E3062572FF00785EDD,(SE DECLARA LIBRE LA EXPLOTACIÓN DE MADERAS EN LOS BOSQUES NACIONALES),/Normaweb.nsf/xpNormaJuridica.xsp?documentId=7793AD12C65B68E3062572FF00785EDD&action=openDocument
D77DF77B97617E9F0625737800589718,(SE DECLARA UN DECRETO EJECUTIVO ACERCA DEL CORTE Y ENAJENACIÓN DE MADERAS),/Normaweb.nsf/xpNormaJuridica.xsp?documentId=D77DF77B97617E9F0625737800589718&action=openDocument
3AA238E53C5C10D2062574DA0070BB09,(Decreto Reglamentando el Corte de Maderas),/Normaweb.nsf/xpNormaJuridica.xsp?documentId=3AA238E53C5C10D2062574DA0070BB09&action=openDocument
12C335D8B4F398890625734D00602FF6,(SE DESIGNA LA ZONA DE TICUANTEPE PARA LA SIEMBRA DE TABACO DE CALIDADES ESTABLECIDAS),/Normaweb.nsf/xpNormaJuridica.xsp?documentId=12C335D8B4F398890625734D00602FF6&action=openDocument
CA81E24310A0CE590625734C006B111B,Los Dueños de Cortes de Madera que no Pudieron Hacer sus Trabajos por Motivos de la Guerra Podrán Pedir Prórroga),/Normaweb.nsf/xpNormaJuridica.xsp?documentId=CA81E24310A0CE590625734C006B111B&action=openDocument
97922E955CFD03ED0625734C006C20A6,Se Extiende el Plazo para que los Interesados en cortar Maderas Nacionales Presenten al Ministerio el Recibo de Pago del Impuesto Forestal,/Normaweb.nsf/xpNormaJuridica.xsp?documentId=97922E955CFD03ED0625734C006C20A6&action=openDocument
42216A2EF90AE2BC06258AB700558C58,SE EXTIENDE EL PLAZO PARA QUE LOS INTERESADOS EN CORTAR MADERAS NACIONALES PRESENTEN AL MINISTERIO EL RECIBO DE PAGO DEL IMPUESTO FORESTAL,/Normaweb.nsf/xpNormaJuridica.xsp?documentId=42216A2EF90AE2BC06258AB700558C58&action=openDocument
6D31A9D21425A80C0625734C0064BE0A,Decreto Ejecutivo  por el cual se Reglamentan las Disposiciones Referente a Cortes de Maderas en los Bosques Nacionales,/Normaweb.nsf/xpNormaJuridica.xsp?documentId=6D31A9D21425A80C0625734C0064BE0A&action=openDocument
BAC8CE26D4E870560625738D007A75CD,SE PONE EN VIGOR UNA LEY QUE TRATA SOBRE LA EXTIRPACIÓN DE LA PLAGA DEL CHAPULÍN,/Normaweb.nsf/xpNormaJuridica.xsp?documentId=BAC8CE26D4E870560625738D007A75CD&action=openDocument
49DC748EDA6AAA24062573910074E321,Decreto Por el Cual se Reglamenta la Pesca de Madre-Perla en los Mares Territoriales,/Normaweb.nsf/xpNormaJuridica.xsp?documentId=49DC748EDA6AAA24062573910074E321&action=openDocument
6230F45118D10674062583BC0052C331,"(Reglamentar el Decreto Legislativo del 27/02/1919, Sobre Corrientes y Caídas de Aguas Naturales",/Normaweb.nsf/xpNormaJuridica.xsp?documentId=6230F45118D10674062583BC0052C331&action=openDocument
6BE15DD039C1D6AD06257395005388BE,"(DECRETO SOBRE PATENTES PARA SIEMBRA DE TABACO, NORMA ACLARATORIA DEL ARTO. 13 DEL DECRETO DEL 23-7-1915)",/Normaweb.nsf/xpNormaJuridica.xsp?documentId=6BE15DD039C1D6AD06257395005388BE&action=openDocument
840BC843A9E7D493062573F5007CCA99,ARSENIATO DE PLOMO,/Normaweb.nsf/xpNormaJuridica.xsp?documentId=840BC843A9E7D493062573F5007CCA99&action=openDocument
89A50F5643375AB7062573A0005F9F9D,Decreto de 14 de Marzo sobre Solicitudes Sobre Corte de Madera,/Normaweb.nsf/xpNormaJuridica.xsp?documentId=89A50F5643375AB7062573A0005F9F9D&action=openDocument
3D62B31FADAA49FE0625775A00549510,(Decreto de 20 de Febrero Sobre: las Corrientes y Caídas de Aguas Naturales),/Normaweb.nsf/xpNormaJuridica.xsp?documentId=3D62B31FADAA49FE0625775A00549510&action=openDocument
1913DBD6B55B640A0625739F00631C6C,(REFÓRMANSE DISPOSICIONES SOBRE AUTORIZACIÓN PARA CORTE DE MADERA),/Normaweb.nsf/xpNormaJuridica.xsp?documentId=1913DBD6B55B640A0625739F00631C6C&action=openDocument
44F88377DCAD9EDF062573D0005C58BD,Decreto del 21 de Enero Sobre Permisos para Cortar Maderas en Terrenos Nacionales o Municipales,/Normaweb.nsf/xpNormaJuridica.xsp?documentId=44F88377DCAD9EDF062573D0005C58BD&action=openDocument
4F160ED4B538A23D06258AE7006DF263,Decreto del 5 de Octubre Sobre la Clasificación de Algunas Maderas no Incluidas en el Decreto Legislativo del 22 de Marzo de 1917,/Normaweb.nsf/xpNormaJuridica.xsp?documentId=4F160ED4B538A23D06258AE7006DF263&action=openDocument
72B174AB86B2B2080625741A005DDBCB,Reglamento de la Ley Forestal,/Normaweb.nsf/xpNormaJuridica.xsp?documentId=72B174AB86B2B2080625741A005DDBCB&action=openDocument
BF59FCE5A725BA9406257BC1005B5A87,Decreto del 28 de julio: Se Prohíbe con Restricciones el uso de Lámparas Reflector para la Caza y se Establece un Impuesto sobre las Misma,/Normaweb.nsf/xpNormaJuridica.xsp?documentId=BF59FCE5A725BA9406257BC1005B5A87&action=openDocument
BB982D985FF6A6EA06257402007B78BB,(DECRETO SOBRE EL DESTACE DE GANADO),/Normaweb.nsf/xpNormaJuridica.xsp?documentId=BB982D985FF6A6EA06257402007B78BB&action=openDocument
0F936435EA00FBF6062577B4005551F7,"Decreto del 21 de Marzo, Promulgado el 22, sobre Impuestos a la Exportación  de Maderas",/Normaweb.nsf/xpNormaJuridica.xsp?documentId=0F936435EA00FBF6062577B4005551F7&action=openDocument
CCAA9F462292BD9106257416007B32BE,LEY AGRARIA,/Normaweb.nsf/xpNormaJuridica.xsp?documentId=CCAA9F462292BD9106257416007B32BE&action=openDocument
4F758CBEEF7F321B0625775900545E95,(Reglamento del  Decreto donde se Concede la Libre Explotación  de los Bosques Nacionales  del Departamento de Bluefields y Comarcas y Distrito de la Costa Atlántica),/Normaweb.nsf/xpNormaJuridica.xsp?documentId=4F758CBEEF7F321B0625775900545E95&action=openDocument
9649368B442C4CC106257720007B1B1F,(Se Establece la Forma de Explotación de los Bosques Nacionales),/Normaweb.nsf/xpNormaJuridica.xsp?documentId=9649368B442C4CC106257720007B1B1F&action=openDocument
F2CF6B8B539F1A0E062577C4005105ED,"Se Deroga una Ley del 18 de Julio de 1908, Relativa a la Exportación  de los Árboles de Hules",/Normaweb.nsf/xpNormaJuridica.xsp?documentId=F2CF6B8B539F1A0E062577C4005105ED&action=openDocument
80F8311283D4CE590625774C007C89D5,Se Reforma y Adiciona un Decreto,/Normaweb.nsf/xpNormaJuridica.xsp?documentId=80F8311283D4CE590625774C007C89D5&action=openDocument
BBDF63097C6240EF06257760007B6B16,(OBLIGACIÓN DE OBTENER PERMISO PARA LA PEZCA DE TORTUGAS Y CUALQUIER CLASE DE TESTÁCEOS),/Normaweb.nsf/xpNormaJuridica.xsp?documentId=BBDF63097C6240EF06257760007B6B16&action=openDocument
DDAF2536119832DA062583CA004E9D88,LEY SOBRE CONSERVACIÓN DE BOSQUES,/Normaweb.nsf/xpNormaJuridica.xsp?documentId=DDAF2536119832DA062583CA004E9D88&action=openDocument
0A865F08B9F9CED90625774A005145C2,Disposición sobre la Pesca de Tortugas y Cualquier  Clase de Testáceos.,/Normaweb.nsf/xpNormaJuridica.xsp?documentId=0A865F08B9F9CED90625774A005145C2&action=openDocument
7BCDD955E9F4D3E5062581E00057B33A,LEY AGRARIA,/Normaweb.nsf/xpNormaJuridica.xsp?documentId=7BCDD955E9F4D3E5062581E00057B33A&action=openDocument
8A09407AE34FBD7C06258AF9007021B9,Disposición Relativa a la Explotación  del Hule,/Normaweb.nsf/xpNormaJuridica.xsp?documentId=8A09407AE34FBD7C06258AF9007021B9&action=openDocument
2C4D905D16D2797F06258AF90072756A,Se Protege el Desarrollo de las Industrias Nacionales,/Normaweb.nsf/xpNormaJuridica.xsp?documentId=2C4D905D16D2797F06258AF90072756A&action=openDocument
8E85BA4B35A9CC440625754500790B64,REGLAMENTO PARA LA EXPLOTACIÓN DEL HULE EN LA REPÚBLICA,/Normaweb.nsf/xpNormaJuridica.xsp?documentId=8E85BA4B35A9CC440625754500790B64&action=openDocument
46F1FCECF5040F86062575AC007BABF3,SE DEROGA LA LEY AGRARIA,/Normaweb.nsf/xpNormaJuridica.xsp?documentId=46F1FCECF5040F86062575AC007BABF3&action=openDocument
8555351F3894F0D506257753006D6B23,Se Permite la Exportación de Hule,/Normaweb.nsf/xpNormaJuridica.xsp?documentId=8555351F3894F0D506257753006D6B23&action=openDocument
464CFA19CCD98D5306257749005DEA93,(LEY QUE REGLAMENTA LA PRIMA DE CACAO CAFÉ ETC.),/Normaweb.nsf/xpNormaJuridica.xsp?documentId=464CFA19CCD98D5306257749005DEA93&action=openDocument
292BB4445C05A06D062577380058EB57,SE DAN CIERTAS DISPOSICIONES RELATIVAS Á LA SIEMBRA DE TABACO,/Normaweb.nsf/xpNormaJuridica.xsp?documentId=292BB4445C05A06D062577380058EB57&action=openDocument
7BC303FF85B474EE06258AE70070386E,Se Prohíbe el Pique de Leñas y Corte de Maderas a la Orilla del Río San Juan y sus Afluentes Laterales,/Normaweb.nsf/xpNormaJuridica.xsp?documentId=7BC303FF85B474EE06258AE70070386E&action=openDocument
B6E7D1A69CB3726E0625774C006113F4,ACUERDO POR EL QUE SE DISPONE LA SIEMBRA TABACO CHILCAGRE,/Normaweb.nsf/xpNormaJuridica.xsp?documentId=B6E7D1A69CB3726E0625774C006113F4&action=openDocument
408B9203F0654059062577B4007A76CC,ACUERDO POR EL QUE SE SUSPENDEN LOS EFECTOS DE LA LEY DE AGRICULTURA,/Normaweb.nsf/xpNormaJuridica.xsp?documentId=408B9203F0654059062577B4007A76CC&action=openDocument
8424EA44F12841DB062577B9005A1A61,"DECRETO DE 17 DE AGOSTO DE 1883, POR EL QUE SE DEROGAN TRES ARTÍCULOS DE LA LEY DE 13 DE MARZO DEL MISMO AÑO",/Normaweb.nsf/xpNormaJuridica.xsp?documentId=8424EA44F12841DB062577B9005A1A61&action=openDocument
9035C0EAD9D759D6062577B4005A6BC3,DECRETO POR EL SE MANDA FORMAR UN CÓDIGO DE AGRICULTURA,/Normaweb.nsf/xpNormaJuridica.xsp?documentId=9035C0EAD9D759D6062577B4005A6BC3&action=openDocument
7A18EC2EBABB053B062577910062FA58,"DECRETO, REFORMANDO LA LEY DE 6 DE FEBRERO DE 1886",/Normaweb.nsf/xpNormaJuridica.xsp?documentId=7A18EC2EBABB053B062577910062FA58&action=openDocument
4BB7A9F51A321F3B062577B9005E8E5B,"ACUERDO, DETERMINANDO EL NÚMERO DE MATAS DE TABACOS QUE SE HA DE SEMBRAR EN LA REPÚBLICA",/Normaweb.nsf/xpNormaJuridica.xsp?documentId=4BB7A9F51A321F3B062577B9005E8E5B&action=openDocument
658CEFCFB4F6D248062577C20052A158,"ACUERDO, DEROGANDO EL ART. 20 DEL REGLAMENTO PARA EL MINERAL DE LA LIBERTAD, DE 28 DE AGOSTO DE 1866",/Normaweb.nsf/xpNormaJuridica.xsp?documentId=658CEFCFB4F6D248062577C20052A158&action=openDocument
E0B838489B02B3FC062580EC00750690,"ACUERDO, PERMITIENDO LA SIEMBRA DE TABACO EN EL AÑO CORRIENTE, HASTA POR EL NÚMERO DE QUINCE MIL MATAS",/Normaweb.nsf/xpNormaJuridica.xsp?documentId=E0B838489B02B3FC062580EC00750690&action=openDocument
58ECFD375C6E2E0406258AF9004E2C55,Acuerdo Imponiendo Multa a los que para Extraer la Leche Destruyan el Árbol de Hule.,/Normaweb.nsf/xpNormaJuridica.xsp?documentId=58ECFD375C6E2E0406258AF9004E2C55&action=openDocument
879855C982EE0EED0625811E007A990E,Decreto por el Cual Puede el Gobierno Conceder el Derecho Exclusivo para la Extracción del Hule de los Bosques Nacionales,/Normaweb.nsf/xpNormaJuridica.xsp?documentId=879855C982EE0EED0625811E007A990E&action=openDocument
